column_name,data_type,table
INI,varchar(65535),all_categories
ITEM,"decimal(38,9)",all_categories
VALUE_C,varchar(65535),all_categories
NAME,varchar(65535),all_categories
TITLE,varchar(65535),all_categories
ABBR,varchar(65535),all_categories
INTERNAL_ID,varchar(65535),all_categories
IS_ACTIVE_YN,varchar(65535),all_categories
DELETE_FLAG,bigint,all_categories
ETL_LOAD_TS,timestamp,all_categories
ALLERGY_ID,"decimal(38,9)",allergy
PAT_ID,varchar(65535),allergy
ALLERGEN_ID,"decimal(38,9)",allergy
DESCRIPTION,varchar(65535),allergy
REACTION,varchar(65535),allergy
DATE_NOTED,timestamp,allergy
STATUS,varchar(65535),allergy
ENTERED_DATE,timestamp,allergy
ENTRY_USER_ID,varchar(65535),allergy
SEVERITY_C,bigint,allergy
UPDATE_DATE,timestamp,allergy
CM_PHY_OWNER_ID,varchar(65535),allergy
CM_LOG_OWNER_ID,varchar(65535),allergy
ALLERGY_SEVERITY_C,bigint,allergy
ALRGY_STATUS_C,bigint,allergy
ALRGY_DLET_RSN_C,bigint,allergy
ALRGY_DLT_CMT,varchar(65535),allergy
CONTRA_EXP_DT,timestamp,allergy
ALRGY_ENTERED_DTTM,timestamp,allergy
ALLERGY_SYNONYM,varchar(65535),allergy
REC_ARCHIVED_YN,varchar(65535),allergy
ALLERGY_CERTAINTY_C,bigint,allergy
ALLERGY_SOURCE_C,bigint,allergy
ALLERGY_PAT_CSN,"decimal(38,9)",allergy
ALRGY_EST_START_DATE_VAL,varchar(65535),allergy
ALLERGY_NOTED_DATE_ACCURACY_C,bigint,allergy
ALRGY_TRANSMTL_UTC_DTTM,timestamp,allergy
DELETE_FLAG,bigint,allergy
ETL_LOAD_TS,timestamp,allergy
ALLERGY_ID,"decimal(38,9)",allergy_reactions
LINE,bigint,allergy_reactions
REACTION_C,bigint,allergy_reactions
UPDATE_DATE,timestamp,allergy_reactions
CM_PHY_OWNER_ID,varchar(65535),allergy_reactions
CM_LOG_OWNER_ID,varchar(65535),allergy_reactions
DELETE_FLAG,bigint,allergy_reactions
ETL_LOAD_TS,timestamp,allergy_reactions
TX_ID,"decimal(38,9)",arpb_transactions
POST_DATE,timestamp,arpb_transactions
SERVICE_DATE,timestamp,arpb_transactions
TX_TYPE_C,bigint,arpb_transactions
ACCOUNT_ID,"decimal(38,9)",arpb_transactions
DEBIT_CREDIT_FLAG,bigint,arpb_transactions
PATIENT_ID,varchar(65535),arpb_transactions
SERV_PROVIDER_ID,varchar(65535),arpb_transactions
BILLING_PROV_ID,varchar(65535),arpb_transactions
DEPARTMENT_ID,"decimal(38,9)",arpb_transactions
POS_ID,"decimal(38,9)",arpb_transactions
LOC_ID,"decimal(38,9)",arpb_transactions
SERVICE_AREA_ID,"decimal(38,9)",arpb_transactions
MODIFIER_ONE,varchar(65535),arpb_transactions
MODIFIER_TWO,varchar(65535),arpb_transactions
MODIFIER_THREE,varchar(65535),arpb_transactions
MODIFIER_FOUR,varchar(65535),arpb_transactions
PRIMARY_DX_ID,"decimal(38,9)",arpb_transactions
DX_TWO_ID,"decimal(38,9)",arpb_transactions
DX_THREE_ID,"decimal(38,9)",arpb_transactions
DX_FOUR_ID,"decimal(38,9)",arpb_transactions
DX_FIVE_ID,"decimal(38,9)",arpb_transactions
DX_SIX_ID,"decimal(38,9)",arpb_transactions
PROCEDURE_QUANTITY,"decimal(38,9)",arpb_transactions
AMOUNT,"decimal(38,9)",arpb_transactions
OUTSTANDING_AMT,"decimal(38,9)",arpb_transactions
INSURANCE_AMT,"decimal(38,9)",arpb_transactions
PATIENT_AMT,"decimal(38,9)",arpb_transactions
ZERO_BALANCE_YN,varchar(65535),arpb_transactions
CM_PHY_OWNER,varchar(65535),arpb_transactions
CM_LOG_OWNER,varchar(65535),arpb_transactions
VOID_DATE,timestamp,arpb_transactions
LAST_ACTION_DATE,timestamp,arpb_transactions
PROV_SPECIALTY_C,varchar(65535),arpb_transactions
PROC_ID,"decimal(38,9)",arpb_transactions
CPT_CODE,varchar(65535),arpb_transactions
TOTAL_MATCH_AMT,"decimal(38,9)",arpb_transactions
TOTAL_MTCH_INS_AMT,"decimal(38,9)",arpb_transactions
TOTAL_MTCH_ADJ,"decimal(38,9)",arpb_transactions
TOTAL_MTCH_INS_ADJ,"decimal(38,9)",arpb_transactions
RVU_TOTAL,"decimal(38,9)",arpb_transactions
RVU_WORK,"decimal(38,9)",arpb_transactions
RVU_OVERHEAD,"decimal(38,9)",arpb_transactions
RVU_MALPRACTICE,"decimal(38,9)",arpb_transactions
REPOST_ETR_ID,"decimal(38,9)",arpb_transactions
REPOST_TYPE_C,bigint,arpb_transactions
DISCOUNT_TYPE_C,bigint,arpb_transactions
ACTIVATIONRULE_ID,varchar(65535),arpb_transactions
SST_FEESCHED_ID,"decimal(38,9)",arpb_transactions
PAT_ENC_CSN_ID,"decimal(38,9)",arpb_transactions
ENC_FORM_NUM,varchar(65535),arpb_transactions
BENEFIT_PACKAGE_ID,"decimal(38,9)",arpb_transactions
BENEFIT_COMP_ID,varchar(65535),arpb_transactions
BEN_ADJ_TABLE_ID,"decimal(38,9)",arpb_transactions
BEN_ADJ_FORMULA_ID,"decimal(38,9)",arpb_transactions
BEN_SELF_PAY_AMT,"decimal(38,9)",arpb_transactions
BEN_ADJ_COPAY_AMT,"decimal(38,9)",arpb_transactions
BEN_ADJ_COINS_AMT,"decimal(38,9)",arpb_transactions
BEN_ADJ_DEDUCT_AMT,"decimal(38,9)",arpb_transactions
BEN_ADJ_METHOD_C,bigint,arpb_transactions
INS_BAL_NOFOL_YN,varchar(65535),arpb_transactions
VISIT_NUMBER,varchar(65535),arpb_transactions
REFERRAL_ID,"decimal(38,9)",arpb_transactions
ORIGINAL_EPM_ID,"decimal(38,9)",arpb_transactions
ORIGINAL_FC_C,varchar(65535),arpb_transactions
ORIGINAL_CVG_ID,"decimal(38,9)",arpb_transactions
PAYOR_ID,"decimal(38,9)",arpb_transactions
COVERAGE_ID,"decimal(38,9)",arpb_transactions
ASGN_YN,varchar(65535),arpb_transactions
FACILITY_ID,"decimal(38,9)",arpb_transactions
PAYMENT_SOURCE_C,bigint,arpb_transactions
USER_ID,varchar(65535),arpb_transactions
LATER_DIST_YN,varchar(65535),arpb_transactions
NOT_BILL_INS_YN,varchar(65535),arpb_transactions
CHG_ROUTER_SRC_ID,varchar(65535),arpb_transactions
CHGENTRY_CODER_ID,varchar(65535),arpb_transactions
RECEIVE_DATE,timestamp,arpb_transactions
CE_CODED_DATE,timestamp,arpb_transactions
PANEL_ID,"decimal(38,9)",arpb_transactions
REFUND_SOURCE_C,bigint,arpb_transactions
BILL_AREA_ID,"decimal(38,9)",arpb_transactions
IPP_AUTH_NUM,varchar(65535),arpb_transactions
CREDIT_SRC_MODULE_C,bigint,arpb_transactions
UPDATE_DATE,timestamp,arpb_transactions
STMT_INT_STATUS_C,bigint,arpb_transactions
STMT_INTER_WQ_ID,"decimal(38,9)",arpb_transactions
STMT_INTER_RULE_ID,varchar(65535),arpb_transactions
REC_ARCHIVED_YN,varchar(65535),arpb_transactions
CM_PHY_OWNER_ID,varchar(65535),arpb_transactions
CM_LOG_OWNER_ID,varchar(65535),arpb_transactions
CLAIM_DATE,timestamp,arpb_transactions
PERIOD,varchar(65535),arpb_transactions
IPP_INV_NUMBER,varchar(65535),arpb_transactions
IPP_INV_ID,"decimal(38,9)",arpb_transactions
IPP_CROSSOVR_PMT_YN,varchar(65535),arpb_transactions
PLB_PROV_ID,varchar(65535),arpb_transactions
PLB_FP_DATE,timestamp,arpb_transactions
PLB_REASON_CODE_C,varchar(65535),arpb_transactions
PLB_REFERENCE_NUM,varchar(65535),arpb_transactions
TX_BATCH_NUM,varchar(65535),arpb_transactions
DELETE_FLAG,bigint,arpb_transactions
ETL_LOAD_TS,timestamp,arpb_transactions
TX_ID,"decimal(38,9)",arpb_tx_moderate
CM_PHY_OWNER_ID,varchar(65535),arpb_tx_moderate
CM_LOG_OWNER_ID,varchar(65535),arpb_tx_moderate
RECONCILIATION_NUM,varchar(65535),arpb_tx_moderate
USER_BATCH_NUM,varchar(65535),arpb_tx_moderate
POST_BATCH_NUM,varchar(65535),arpb_tx_moderate
ORIGINATING_TAR_ID,"decimal(38,9)",arpb_tx_moderate
TX_NUM_IN_ACCT,bigint,arpb_tx_moderate
SOURCE_TAR_ID,"decimal(38,9)",arpb_tx_moderate
SRC_TAR_CHG_LINE,bigint,arpb_tx_moderate
PAT_AGING_DATE,timestamp,arpb_tx_moderate
INS_AGING_DATE,timestamp,arpb_tx_moderate
HOLD_AGING_YN,varchar(65535),arpb_tx_moderate
HOSP_ACCT_ID,"decimal(38,9)",arpb_tx_moderate
ORDER_ID,"decimal(38,9)",arpb_tx_moderate
CRD_ENC_FORM_NUM,bigint,arpb_tx_moderate
EXT_REF_NUM,varchar(65535),arpb_tx_moderate
REFERENCE_NUM,varchar(65535),arpb_tx_moderate
GL_DEBIT_NUM,varchar(65535),arpb_tx_moderate
GL_CREDIT_NUM,varchar(65535),arpb_tx_moderate
EXT_BILL_NUMBER,varchar(65535),arpb_tx_moderate
PMT_RECEIPT_NUM,varchar(65535),arpb_tx_moderate
PAT_TYPE_C,varchar(65535),arpb_tx_moderate
REFERRAL_PROV_ID,varchar(65535),arpb_tx_moderate
INSURANCE_AMT_PAID,"decimal(38,9)",arpb_tx_moderate
WRITEOFF_EXCEPT_C,bigint,arpb_tx_moderate
PAT_LOCATION_ID,"decimal(38,9)",arpb_tx_moderate
ORIG_PRICE,"decimal(38,9)",arpb_tx_moderate
EXP_REIMB_DYNAMIC,"decimal(38,9)",arpb_tx_moderate
EXPECTED_REIMB,"decimal(38,9)",arpb_tx_moderate
COVERAGE_PLAN_ID,"decimal(38,9)",arpb_tx_moderate
CVG_PLAN_GROUP_ID,varchar(65535),arpb_tx_moderate
MED_NEC_YN,varchar(65535),arpb_tx_moderate
PRIMARY_FEE_SCH_ID,"decimal(38,9)",arpb_tx_moderate
DEFAULT_FEE_SCH_ID,"decimal(38,9)",arpb_tx_moderate
TECHNICAL_CHG_FL_YN,varchar(65535),arpb_tx_moderate
CONTRACT_ID,"decimal(38,9)",arpb_tx_moderate
CNTR_DISCOUNT_AMT,varchar(65535),arpb_tx_moderate
REIMB_CNTR_ID,"decimal(38,9)",arpb_tx_moderate
REIMB_CNTR_DYN_ID,"decimal(38,9)",arpb_tx_moderate
UNDIST_TX_DATE,timestamp,arpb_tx_moderate
UNDIST_CHG_USER_ID,varchar(65535),arpb_tx_moderate
UNDIST_INSTANT,timestamp,arpb_tx_moderate
IS_TRANSFER,varchar(65535),arpb_tx_moderate
ORIGINAL_AMT_COPAY,"decimal(38,9)",arpb_tx_moderate
COPAY_INDICATOR_C,bigint,arpb_tx_moderate
CR_BAL_DB_YN,varchar(65535),arpb_tx_moderate
RECOUPMENT_YN,varchar(65535),arpb_tx_moderate
BAD_DEBT_CHG_YN,varchar(65535),arpb_tx_moderate
CASH_ID,"decimal(38,9)",arpb_tx_moderate
WORKSTATION_ID,varchar(65535),arpb_tx_moderate
AUTO_PAT_WO_C,bigint,arpb_tx_moderate
APW_OVRRD_C,bigint,arpb_tx_moderate
CROSS_OVER_YN,varchar(65535),arpb_tx_moderate
XVR_NRP_ONHOLD_YN,varchar(65535),arpb_tx_moderate
TX_USER_COMMENT,varchar(65535),arpb_tx_moderate
TX_COMMENT,varchar(65535),arpb_tx_moderate
LST_CLM_RUN_ID,varchar(65535),arpb_tx_moderate
CLM_SCRUB_NUM,varchar(65535),arpb_tx_moderate
CLM_SCRUB_LINE,bigint,arpb_tx_moderate
CONTESTED_YN,varchar(65535),arpb_tx_moderate
CONTEST_REASON_C,varchar(65535),arpb_tx_moderate
ORIGIN_C,varchar(65535),arpb_tx_moderate
MEA_IDENTIFIER_C,bigint,arpb_tx_moderate
CRC_CODE_C,bigint,arpb_tx_moderate
NDC_CODE_ID,varchar(65535),arpb_tx_moderate
TX_FILED_TIME,timestamp,arpb_tx_moderate
REIMB_CONTRACT_AMT,"decimal(38,9)",arpb_tx_moderate
EXT_CUR_AGENCY_ID,"decimal(38,9)",arpb_tx_moderate
EXT_CURAGNCY_STAT_C,bigint,arpb_tx_moderate
AR_CLASS_C,bigint,arpb_tx_moderate
EXTERNAL_ID,varchar(65535),arpb_tx_moderate
SURGICAL_LOG_ID,varchar(65535),arpb_tx_moderate
SUPPLY_ID,varchar(65535),arpb_tx_moderate
IMPLANT_ID,varchar(65535),arpb_tx_moderate
EXT_AGNCY_SENT_DTTM,timestamp,arpb_tx_moderate
FIRST_SELFPAY_DATE,timestamp,arpb_tx_moderate
PROV_TYPE_C,varchar(65535),arpb_tx_moderate
CLAIM_FORM_ID,varchar(65535),arpb_tx_moderate
CLAIM_ID,"decimal(38,9)",arpb_tx_moderate
IS_WK_COMP,varchar(65535),arpb_tx_moderate
REFUND_COUNT,bigint,arpb_tx_moderate
STATEMENT_FORM_ID,varchar(65535),arpb_tx_moderate
SEC_WRITE_OFF_YN,varchar(65535),arpb_tx_moderate
EOB_UPDATED_DT,timestamp,arpb_tx_moderate
RAD_THER_COMP_TX_ID,"decimal(38,9)",arpb_tx_moderate
RAD_THER_END_YN,varchar(65535),arpb_tx_moderate
RAD_THER_CLOSED_YN,varchar(65535),arpb_tx_moderate
START_TIME,timestamp,arpb_tx_moderate
STOP_TIME,timestamp,arpb_tx_moderate
SERVICE_TIME,timestamp,arpb_tx_moderate
ACCT_BAL_AS_OF_TX,"decimal(38,9)",arpb_tx_moderate
PURCHASESERVICE_AMT,"decimal(38,9)",arpb_tx_moderate
THIRD_PARTY_POS_ID,"decimal(38,9)",arpb_tx_moderate
MNL_RETRO_REASON_C,varchar(65535),arpb_tx_moderate
TYPE_OF_SERVICE_C,bigint,arpb_tx_moderate
DX_PRIM_CODESET_C,bigint,arpb_tx_moderate
DX_ALT_CODESET_C,bigint,arpb_tx_moderate
START_DATE,timestamp,arpb_tx_moderate
STOP_DATE,timestamp,arpb_tx_moderate
PROC_MINUTES,bigint,arpb_tx_moderate
CRD_CHARGE_SLIP_NO,"decimal(38,9)",arpb_tx_moderate
DELETE_FLAG,bigint,arpb_tx_moderate
ETL_LOAD_TS,timestamp,arpb_tx_moderate
ICD_PX_ID,varchar(65535),cl_icd_px
ICD_PX_NAME,varchar(65535),cl_icd_px
HCD_REC_STATE_C,bigint,cl_icd_px
PROCEDURE_NAME,varchar(65535),cl_icd_px
PROC_MASTER_NM,varchar(65535),cl_icd_px
SHORT_PROC_NAME,varchar(65535),cl_icd_px
BILL_DESC,varchar(65535),cl_icd_px
CM_PHY_OWNER_ID,varchar(65535),cl_icd_px
CM_LOG_OWNER_ID,varchar(65535),cl_icd_px
CODE_SET_C,bigint,cl_icd_px
REFERENCE_CODE,varchar(65535),cl_icd_px
PX_CODE,varchar(65535),cl_icd_px
REF_CODE,varchar(65535),cl_icd_px
REF_BILL_CODE,varchar(65535),cl_icd_px
REF_BILL_CODE_SET_C,bigint,cl_icd_px
INSTANT_OF_UPDATE_DTTM,timestamp,cl_icd_px
DELETE_FLAG,bigint,cl_icd_px
ETL_LOAD_TS,timestamp,cl_icd_px
ANSWER_ID,varchar(65535),cl_qanswer_qa
LINE,bigint,cl_qanswer_qa
QUEST_ID,varchar(65535),cl_qanswer_qa
QUEST_DAT,timestamp,cl_qanswer_qa
QUEST_ANSWER,varchar(65535),cl_qanswer_qa
QUEST_COMMENT,varchar(65535),cl_qanswer_qa
QUEST_LINE_NUM,bigint,cl_qanswer_qa
QUEST_EDIT_USER_ID,varchar(65535),cl_qanswer_qa
CM_PHY_OWNER_ID,varchar(65535),cl_qanswer_qa
CM_LOG_OWNER_ID,varchar(65535),cl_qanswer_qa
QUESTION_INSTANT,timestamp,cl_qanswer_qa
QUEST_DATE_REAL,double,cl_qanswer_qa
VARCHAR_ANSWER,varchar(65535),cl_qanswer_qa
NUMERIC_ANSWER,bigint,cl_qanswer_qa
FLOAT_ANSWER,double,cl_qanswer_qa
IS_NULL,bigint,cl_qanswer_qa
QUESTION_SDI,varchar(65535),cl_qanswer_qa
QUESN_SDI_FILED_YN,varchar(65535),cl_qanswer_qa
DATETIME_ANSWER,timestamp,cl_qanswer_qa
TIME_ANSWER,varchar(65535),cl_qanswer_qa
SCORE_STD_ERR,"decimal(38,9)",cl_qanswer_qa
DOC_INFO_ID,varchar(65535),cl_qanswer_qa
SCORING_METHOD_C,bigint,cl_qanswer_qa
FOL_UP_PAR_QUEST_ID,varchar(65535),cl_qanswer_qa
PAT_LOC_DOC_ID,varchar(65535),cl_qanswer_qa
ANSWER_SEVERITY_C,bigint,cl_qanswer_qa
ANSWER_DISPLAY_NAME,varchar(65535),cl_qanswer_qa
DELETE_FLAG,bigint,cl_qanswer_qa
ETL_LOAD_TS,timestamp,cl_qanswer_qa
FORM_ID,varchar(65535),cl_qform
FORM_NAME,varchar(65535),cl_qform
RECORD_STATE,bigint,cl_qform
FORM_TYPE_C,bigint,cl_qform
USE_OF_FORM,varchar(65535),cl_qform
REPORT_NAME,varchar(65535),cl_qform
SORT_ORDER,bigint,cl_qform
VB_FORM_NAME,varchar(65535),cl_qform
COMMENTS,varchar(65535),cl_qform
CM_PHY_OWNER_ID,varchar(65535),cl_qform
CM_LOG_OWNER_ID,varchar(65535),cl_qform
PAT_FRNDLY_NAME,varchar(65535),cl_qform
REPORT_ID,varchar(65535),cl_qform
VB_FORM_ID,"decimal(38,9)",cl_qform
LISTED_YN,varchar(65535),cl_qform
SOURCE_QUEST_ID,varchar(65535),cl_qform
FORM_CLASS_C,bigint,cl_qform
SOURCE_FORM,"decimal(38,9)",cl_qform
PG_FORM_LPG_ID,"decimal(38,9)",cl_qform
QUESR_PRETEXT,varchar(65535),cl_qform
QUESR_POSTTEXT,varchar(65535),cl_qform
RECORD_STATE_C,bigint,cl_qform
SORT_ORDER_C,bigint,cl_qform
QUESR_ANS_VLD_DAYS,bigint,cl_qform
THRD_PRTY_CNTNT_C,bigint,cl_qform
CAT_TYPE_C,bigint,cl_qform
QUESR_PRETXT_ETX_ID,varchar(65535),cl_qform
QUESR_POSTXT_ETX_ID,varchar(65535),cl_qform
QUES_SCORING_C,bigint,cl_qform
CONV_FROM_HX_TEMPLATE_ID,varchar(65535),cl_qform
ALLOW_TKT_WO_ACCT_YN,varchar(65535),cl_qform
OVERRIDE_STATUS_C,bigint,cl_qform
OVERRIDE_CONTEXT,varchar(65535),cl_qform
ORIGINAL_FORM_ID,varchar(65535),cl_qform
PROM_CONCEPT_ID,varchar(65535),cl_qform
DELETE_FLAG,bigint,cl_qform
ETL_LOAD_TS,timestamp,cl_qform
QUEST_ID,varchar(65535),cl_qquest
QUEST_NAME,varchar(65535),cl_qquest
RECORD_STATE,varchar(65535),cl_qquest
QUEST_TYPE_C,bigint,cl_qquest
HCF_QUEST_LPP_ID,"decimal(38,9)",cl_qquest
HCF_FILING_LPP_ID,"decimal(38,9)",cl_qquest
REG_RESP_INI,varchar(65535),cl_qquest
REG_RESP_ITEM,varchar(65535),cl_qquest
REG_RESP_TYPE_C,bigint,cl_qquest
CM_PHY_OWNER_ID,varchar(65535),cl_qquest
CM_LOG_OWNER_ID,varchar(65535),cl_qquest
FLO_ID,varchar(65535),cl_qquest
COPY_FORWARD_YN,varchar(65535),cl_qquest
HPI_ELEMENT_PROMPT,varchar(65535),cl_qquest
HPI_ELEMENT_TYPE_C,bigint,cl_qquest
IS_FOLLOWUP_YN,varchar(65535),cl_qquest
CONV_FROM_HX_TEMPLATE_ID,varchar(65535),cl_qquest
PAT_FRIENDLY_QUEST_NAME,varchar(65535),cl_qquest
RESULTS_NETWORK_UNIQUE_IDENT,varchar(65535),cl_qquest
PROM_CONCEPT_ID,varchar(65535),cl_qquest
DELETE_FLAG,bigint,cl_qquest
ETL_LOAD_TS,timestamp,cl_qquest
QUEST_ID,varchar(65535),cl_qquest_ovtm
CONTACT_DATE_REAL,"decimal(38,9)",cl_qquest_ovtm
CONTACT_DATE,timestamp,cl_qquest_ovtm
QUESTION,varchar(65535),cl_qquest_ovtm
ABBR_QUESTION,varchar(65535),cl_qquest_ovtm
RESP_TYPE_C,bigint,cl_qquest_ovtm
RESP_INI,varchar(65535),cl_qquest_ovtm
RESP_ITEM,varchar(65535),cl_qquest_ovtm
ADD_INFO_NOTE,varchar(65535),cl_qquest_ovtm
IS_RESP_REQ_YN,varchar(65535),cl_qquest_ovtm
QUEST_PER_ORD_YN,varchar(65535),cl_qquest_ovtm
IS_MULT_RESP_YN,varchar(65535),cl_qquest_ovtm
FILE_INI,varchar(65535),cl_qquest_ovtm
FILE_ITEM,varchar(65535),cl_qquest_ovtm
SAVE_COMMENT_ITEM,varchar(65535),cl_qquest_ovtm
CUSTOM_FILE_CODE,varchar(65535),cl_qquest_ovtm
IS_RELEASED_YN,varchar(65535),cl_qquest_ovtm
RESTRICT_BY_SEX_C,varchar(65535),cl_qquest_ovtm
AGE_FROM,bigint,cl_qquest_ovtm
AGE_TO,bigint,cl_qquest_ovtm
IS_CONFIDENTIAL_YN,varchar(65535),cl_qquest_ovtm
VALIDATE_LPP_ID,"decimal(38,9)",cl_qquest_ovtm
FLAG_FOR_C,bigint,cl_qquest_ovtm
FLAG_IF_C,bigint,cl_qquest_ovtm
FLAG_LPP_ID,"decimal(38,9)",cl_qquest_ovtm
LIST_LPP_ID,"decimal(38,9)",cl_qquest_ovtm
CM_PHY_OWNER_ID,varchar(65535),cl_qquest_ovtm
CM_LOG_OWNER_ID,varchar(65535),cl_qquest_ovtm
SPL_ITM_FLG_C,bigint,cl_qquest_ovtm
HIDE_COMMENTS_YN,varchar(65535),cl_qquest_ovtm
SUM_QUES_DISP,varchar(65535),cl_qquest_ovtm
SUM_QUES_OVER_YN,varchar(65535),cl_qquest_ovtm
EXCLUSION_CODE,varchar(65535),cl_qquest_ovtm
INDEX_ITEM,varchar(65535),cl_qquest_ovtm
INDEX_VALUE,varchar(65535),cl_qquest_ovtm
QF_DATA_REQ_C,bigint,cl_qquest_ovtm
CUSTOM_FILE_LPP_ID,"decimal(38,9)",cl_qquest_ovtm
CUSTOM_LOAD_LPP_ID,"decimal(38,9)",cl_qquest_ovtm
CONCEPT_IDENTIFIER,varchar(65535),cl_qquest_ovtm
CONTEXT_ID,"decimal(38,9)",cl_qquest_ovtm
MYC_IS_OMIT_YN,varchar(65535),cl_qquest_ovtm
FORMULA_CALC_PPT_ID,"decimal(38,9)",cl_qquest_ovtm
KIOSK_NUM_FORMAT,varchar(65535),cl_qquest_ovtm
RELEASE_STATUS_C,bigint,cl_qquest_ovtm
RELEASE_DTTM,timestamp,cl_qquest_ovtm
DECOMMISSIONED_DTTM,timestamp,cl_qquest_ovtm
CM_CT_OWNER_ID,varchar(65535),cl_qquest_ovtm
OASIS_VERSION_C,bigint,cl_qquest_ovtm
SECTION_PROGID,varchar(65535),cl_qquest_ovtm
PRINT_GROUP_ID,"decimal(38,9)",cl_qquest_ovtm
LOGICAL_ORDER,bigint,cl_qquest_ovtm
CONTACT_NUMBER,bigint,cl_qquest_ovtm
DIGIT_AFTER_DECIMAL,bigint,cl_qquest_ovtm
GUIDE_GOAL,varchar(65535),cl_qquest_ovtm
SORT_ANS_BY_NAME_YN,varchar(65535),cl_qquest_ovtm
QUESTION_FMT_C,bigint,cl_qquest_ovtm
DFLT_SMARTTEXT_ID,varchar(65535),cl_qquest_ovtm
PAT_ENC_CSN_ID,"decimal(38,9)",cl_qquest_ovtm
CAT_DISP_FMT_C,bigint,cl_qquest_ovtm
RESTRICT_BY_RULE_ID,varchar(65535),cl_qquest_ovtm
INT_USE_ONLY_YN,varchar(65535),cl_qquest_ovtm
AGE_FROM_UNIT_C,bigint,cl_qquest_ovtm
AGE_THRU_UNIT_C,bigint,cl_qquest_ovtm
QUESN_GR_LAYOUT_C,bigint,cl_qquest_ovtm
NOTES_HTML_OVERRIDE,varchar(65535),cl_qquest_ovtm
PAT_DRAWING_PATH,varchar(65535),cl_qquest_ovtm
PAT_ENT_CMT_PROMPT,varchar(65535),cl_qquest_ovtm
PAT_SDE_FILE_LOC_C,bigint,cl_qquest_ovtm
HIS_VERSION_C,bigint,cl_qquest_ovtm
HSPC_HIS_ITEM_CODE,varchar(65535),cl_qquest_ovtm
MAX_TEXT_RESP_LEN,bigint,cl_qquest_ovtm
QUES_RESP_SUFFIX,varchar(65535),cl_qquest_ovtm
QUESTION_CSN_ID,"decimal(38,9)",cl_qquest_ovtm
DELETE_FLAG,bigint,cl_qquest_ovtm
ETL_LOAD_TS,timestamp,cl_qquest_ovtm
EVENT_ID,"decimal(38,9)",clarity_adt
EVENT_TYPE_C,bigint,clarity_adt
EVENT_SUBTYPE_C,bigint,clarity_adt
DEPARTMENT_ID,"decimal(38,9)",clarity_adt
ROOM_ID,varchar(65535),clarity_adt
ROOM_CSN_ID,"decimal(38,9)",clarity_adt
BED_ID,varchar(65535),clarity_adt
BED_CSN_ID,"decimal(38,9)",clarity_adt
BED_STATUS_C,bigint,clarity_adt
EFFECTIVE_TIME,timestamp,clarity_adt
PAT_ID,varchar(65535),clarity_adt
PAT_ENC_DATE_REAL,double,clarity_adt
PAT_ENC_CSN_ID,"decimal(38,9)",clarity_adt
EVENT_TIME,timestamp,clarity_adt
USER_ID,varchar(65535),clarity_adt
PAT_CLASS_C,varchar(65535),clarity_adt
PAT_SERVICE_C,varchar(65535),clarity_adt
PAT_LVL_OF_CARE_C,varchar(65535),clarity_adt
DELETE_TIME,timestamp,clarity_adt
CANC_EVENT_ID,"decimal(38,9)",clarity_adt
XFER_EVENT_ID,"decimal(38,9)",clarity_adt
SWAP_EVENT_ID,"decimal(38,9)",clarity_adt
COMMENTS,varchar(65535),clarity_adt
REASON_C,varchar(65535),clarity_adt
ACCOMMODATION_C,varchar(65535),clarity_adt
ACCOM_REASON_C,bigint,clarity_adt
ADM_EVENT_ID,"decimal(38,9)",clarity_adt
DIS_EVENT_ID,"decimal(38,9)",clarity_adt
CM_PHY_OWNER_ID,varchar(65535),clarity_adt
CM_LOG_OWNER_ID,varchar(65535),clarity_adt
ALT_EVENT_TYPE_C,bigint,clarity_adt
ORIG_EVENT_TIME,timestamp,clarity_adt
PREV_UPD_EVNT_TIME,timestamp,clarity_adt
ORIG_EFF_TIME,timestamp,clarity_adt
PREV_UPD_EFF_TIME,timestamp,clarity_adt
XFER_IN_EVENT_ID,"decimal(38,9)",clarity_adt
NEXT_OUT_EVENT_ID,"decimal(38,9)",clarity_adt
LAST_IN_EVENT_ID,"decimal(38,9)",clarity_adt
STATUS_OF_BED_C,varchar(65535),clarity_adt
EVT_CANCEL_USER_ID,varchar(65535),clarity_adt
BASE_PAT_CLASS_C,bigint,clarity_adt
PREV_EVENT_ID,"decimal(38,9)",clarity_adt
SEQ_NUM_IN_ENC,"decimal(38,9)",clarity_adt
SEQ_NUM_IN_BED_MIN,"decimal(38,9)",clarity_adt
CANCEL_REASON_C,varchar(65535),clarity_adt
OUT_EVENT_TYPE_C,bigint,clarity_adt
IN_EVENT_TYPE_C,bigint,clarity_adt
FROM_BASE_CLASS_C,bigint,clarity_adt
TO_BASE_CLASS_C,bigint,clarity_adt
LABOR_STATUS_C,bigint,clarity_adt
FIRST_IP_IN_IP_YN,varchar(65535),clarity_adt
ORDER_ID,"decimal(38,9)",clarity_adt
SOURCE_LOC_EVNT_ID,"decimal(38,9)",clarity_adt
EVNT_REVIEW_C,bigint,clarity_adt
REVIEW_DTTM,timestamp,clarity_adt
REVIEW_USER_ID,varchar(65535),clarity_adt
LOA_REASON_C,bigint,clarity_adt
ORIGINAL_EVENT_ID,"decimal(38,9)",clarity_adt
ACTION_SOURCE_C,bigint,clarity_adt
ENC_SERIES_HSP_ACCOUNT_ID,"decimal(38,9)",clarity_adt
ENC_SERIES_FINANCIAL_CLASS_C,varchar(65535),clarity_adt
ENC_SERIES_PRIMARY_PAYER_ID,"decimal(38,9)",clarity_adt
ENC_SERIES_PRIMARY_PLAN_ID,"decimal(38,9)",clarity_adt
ENC_SERIES_OUT_FIN_CL_EV_TYP_C,bigint,clarity_adt
ENC_SERIES_IN_FIN_CL_EV_TYP_C,bigint,clarity_adt
ENC_SERIES_FROM_FIN_CLASS_C,varchar(65535),clarity_adt
ENC_SERIES_TO_FIN_CLASS_C,varchar(65535),clarity_adt
ENC_SERIES_OUT_PAYER_EV_TYP_C,bigint,clarity_adt
ENC_SERIES_IN_PAYER_EV_TYP_C,bigint,clarity_adt
ENC_SERIES_FROM_PAYER_ID,"decimal(38,9)",clarity_adt
ENC_SERIES_TO_PAYER_ID,"decimal(38,9)",clarity_adt
ENC_SERIES_OUT_PLAN_EV_TYP_C,bigint,clarity_adt
ENC_SERIES_IN_PLAN_EV_TYP_C,bigint,clarity_adt
ENC_SERIES_FROM_PLAN_ID,"decimal(38,9)",clarity_adt
ENC_SERIES_TO_PLAN_ID,"decimal(38,9)",clarity_adt
SPLIT_ACCT_HSP_ACCOUNT_ID,"decimal(38,9)",clarity_adt
SPLIT_ACCT_FINANCIAL_CLASS_C,varchar(65535),clarity_adt
SPLIT_ACCT_PRIMARY_PAYER_ID,"decimal(38,9)",clarity_adt
SPLIT_ACCT_PRIMARY_PLAN_ID,"decimal(38,9)",clarity_adt
SPLIT_ACCT_OUT_FIN_CL_EV_TYP_C,bigint,clarity_adt
SPLIT_ACCT_IN_FIN_CL_EV_TYP_C,bigint,clarity_adt
SPLIT_ACCT_FROM_FIN_CLASS_C,varchar(65535),clarity_adt
SPLIT_ACCT_TO_FIN_CLASS_C,varchar(65535),clarity_adt
SPLIT_ACCT_OUT_PAYER_EV_TYP_C,bigint,clarity_adt
SPLIT_ACCT_IN_PAYER_EV_TYP_C,bigint,clarity_adt
SPLIT_ACCT_FROM_PAYER_ID,"decimal(38,9)",clarity_adt
SPLIT_ACCT_TO_PAYER_ID,"decimal(38,9)",clarity_adt
SPLIT_ACCT_OUT_PLAN_EV_TYP_C,bigint,clarity_adt
SPLIT_ACCT_IN_PLAN_EV_TYP_C,bigint,clarity_adt
SPLIT_ACCT_FROM_PLAN_ID,"decimal(38,9)",clarity_adt
SPLIT_ACCT_TO_PLAN_ID,"decimal(38,9)",clarity_adt
IS_LOA_UPDATE_YN,varchar(65535),clarity_adt
EVENT_CONVERTED_FLAG_C,bigint,clarity_adt
EFFECTIVE_UTC_DTTM,timestamp,clarity_adt
DELETE_FLAG,bigint,clarity_adt
ETL_LOAD_TS,timestamp,clarity_adt
COMPONENT_ID,"decimal(38,9)",clarity_component
NAME,varchar(65535),clarity_component
ABBREVIATION,varchar(65535),clarity_component
EXTERNAL_NAME,varchar(65535),clarity_component
BASE_NAME,varchar(65535),clarity_component
CM_PHY_OWNER_ID,varchar(65535),clarity_component
CM_LOG_OWNER_ID,varchar(65535),clarity_component
COMPONENT_TYPE_C,bigint,clarity_component
LAB_DEFINITIONS_YN,varchar(65535),clarity_component
LAB_DATA_TYPE_C,bigint,clarity_component
LAB_CAT_INI,varchar(65535),clarity_component
LAB_CAT_ITEM,"decimal(38,9)",clarity_component
LAB_CAT_DISPLY_C,bigint,clarity_component
LAB_CAT_DISCRIM,varchar(65535),clarity_component
LAB_NUM_PRECISION,"decimal(38,9)",clarity_component
LAB_TRUNCATE_YN,varchar(65535),clarity_component
LAB_LTGT_DISBLD_YN,varchar(65535),clarity_component
LAB_NUM_PRV_VALUES,"decimal(38,9)",clarity_component
LAB_DAYS_LOOKBACK,"decimal(38,9)",clarity_component
LAB_ANTIBIOTIC_C,bigint,clarity_component
COMMON_NAME,varchar(65535),clarity_component
LOINC_CODE,varchar(65535),clarity_component
RESULT_CHECKING_ID,"decimal(38,9)",clarity_component
ALLOW_DILUTION_YN,varchar(65535),clarity_component
COMPONENT_SUBTYPE_C,bigint,clarity_component
RECORD_STATE_C,bigint,clarity_component
DEFAULT_LOW,varchar(65535),clarity_component
DEFAULT_HIGH,varchar(65535),clarity_component
DFLT_UNITS,varchar(65535),clarity_component
DFLT_LOW_FEMALE,varchar(65535),clarity_component
DFLT_HIGH_FEMALE,varchar(65535),clarity_component
DISPLAY_YN,varchar(65535),clarity_component
QC_NUM_PRECISION,"decimal(38,9)",clarity_component
ANTIBIOTIC_MED_ID,"decimal(38,9)",clarity_component
LAB_SUBTYPE_C,bigint,clarity_component
LAB_OWC_USE_TYPE_C,bigint,clarity_component
CALCULATED_LRR_YN,varchar(65535),clarity_component
DEFAULT_LNC_ID,"decimal(38,9)",clarity_component
NHSN_CODE_ID,"decimal(38,9)",clarity_component
ANTIBIO_COST_C,bigint,clarity_component
GRAPH_MIN,"decimal(38,9)",clarity_component
GRAPH_MAX,"decimal(38,9)",clarity_component
RECORD_TYPE_C,bigint,clarity_component
GROUP_TYPE_C,bigint,clarity_component
EXCHG_COMPONENT_YN,varchar(65535),clarity_component
UNIT_CONCEPT_ID,"decimal(38,9)",clarity_component
STDRD_UNIT_TRG,varchar(65535),clarity_component
STDRD_RSLT_RNG_MIN,"decimal(38,9)",clarity_component
STDRD_RSLT_RNG_MAX,"decimal(38,9)",clarity_component
CANONICAL_CONCEPT_INTERNAL_ID,"decimal(38,9)",clarity_component
DELETE_FLAG,bigint,clarity_component
ETL_LOAD_TS,timestamp,clarity_component
DEPARTMENT_ID,"decimal(38,9)",clarity_dep
DEPARTMENT_NAME,varchar(65535),clarity_dep
DEPT_ABBREVIATION,varchar(65535),clarity_dep
SPECIALTY,varchar(65535),clarity_dep
REV_LOC_ID,"decimal(38,9)",clarity_dep
DEP_GROUP,bigint,clarity_dep
GL_PREFIX,varchar(65535),clarity_dep
RPT_GRP_ONE,varchar(65535),clarity_dep
RPT_GRP_TWO,varchar(65535),clarity_dep
RPT_GRP_THREE,varchar(65535),clarity_dep
RPT_GRP_FOUR,varchar(65535),clarity_dep
RPT_GRP_FIVE,varchar(65535),clarity_dep
RPT_GRP_SIX,varchar(65535),clarity_dep
RPT_GRP_SEVEN,varchar(65535),clarity_dep
RPT_GRP_EIGHT,varchar(65535),clarity_dep
RPT_GRP_NINE,varchar(65535),clarity_dep
RPT_GRP_TEN,varchar(65535),clarity_dep
ADT_PARENT_ID,"decimal(38,9)",clarity_dep
SERV_AREA_ID,"decimal(38,9)",clarity_dep
SPECIALTY_DEP_C,varchar(65535),clarity_dep
LICENSED_BEDS,bigint,clarity_dep
MASTER_POOL_ID,varchar(65535),clarity_dep
MASTER_POOL_NAME,varchar(65535),clarity_dep
COVERING_POOL_ID,varchar(65535),clarity_dep
COVERING_POOL_NAME,varchar(65535),clarity_dep
FLASH_CARD_PRT_ROU,varchar(65535),clarity_dep
NUM_FLASH_CARDS,bigint,clarity_dep
CTRL_SHEET_ROU,varchar(65535),clarity_dep
NUM_CONTROL_SHEETS,bigint,clarity_dep
ADT_UNIT_TYPE_C,bigint,clarity_dep
CM_PHY_OWNER_ID,varchar(65535),clarity_dep
CM_LOG_OWNER_ID,varchar(65535),clarity_dep
RPT_GRP_ELEVEN_C,varchar(65535),clarity_dep
RPT_GRP_TWELVE_C,varchar(65535),clarity_dep
RPT_GRP_THIRTEEN_C,varchar(65535),clarity_dep
RPT_GRP_FOURTEEN_C,varchar(65535),clarity_dep
RPT_GRP_FIFTEEN_C,varchar(65535),clarity_dep
RPT_GRP_SIXTEEN_C,varchar(65535),clarity_dep
RPT_GRP_SEVNTEEN_C,varchar(65535),clarity_dep
RPT_GRP_EIGHTEEN_C,varchar(65535),clarity_dep
RPT_GRP_NINETEEN_C,varchar(65535),clarity_dep
RPT_GRP_TWENTY_C,varchar(65535),clarity_dep
DFLT_PHARMACY_ID,"decimal(38,9)",clarity_dep
CENTER_C,varchar(65535),clarity_dep
RECORD_STATUS,bigint,clarity_dep
OUTPAT_DUP_INT_STR,varchar(65535),clarity_dep
INPAT_DUP_INT_STR,varchar(65535),clarity_dep
RX_LOGON_PHR_ID,"decimal(38,9)",clarity_dep
RX_CHARGE_ADMIN_YN,varchar(65535),clarity_dep
MAR_LABEL_PRNTR_ID,varchar(65535),clarity_dep
ALLOW_AUTO_FUT_YN,varchar(65535),clarity_dep
DEF_COE_ORD_MOD_C,bigint,clarity_dep
ORD_MOD_OP_CAP,varchar(65535),clarity_dep
ORD_MOD_IP_CAP,varchar(65535),clarity_dep
IP_MED_PREF_ID,"decimal(38,9)",clarity_dep
MR_HSB_LINK_USER,varchar(65535),clarity_dep
COST_CENTER_ID,"decimal(38,9)",clarity_dep
REQ_ADM_HAR_MCH_YN,varchar(65535),clarity_dep
USE_HAR_REC_YN,varchar(65535),clarity_dep
HAR_DEF_ACT_TYPE_C,bigint,clarity_dep
COPAY_WAIVE_C,bigint,clarity_dep
IGNOR_DSP_PATXFR_YN,varchar(65535),clarity_dep
PROMPT_REDIR_YN,varchar(65535),clarity_dep
PROMPT_DYS_CHK_C,bigint,clarity_dep
PROMPT_MSG_TEXT_C,varchar(65535),clarity_dep
NEAREST_PROC_TIME,bigint,clarity_dep
NEAREST_PROC_TIME_C,bigint,clarity_dep
DEP_ED_TYPE_C,bigint,clarity_dep
SCHD_INTRP_AUTO_YN,varchar(65535),clarity_dep
RPT_GRP_TWENTYONE,varchar(65535),clarity_dep
RPT_GRP_TWENTYTWO,varchar(65535),clarity_dep
RPT_GRP_TWENTYTHREE,varchar(65535),clarity_dep
RPT_GRP_TWENTYFOUR,varchar(65535),clarity_dep
RPT_GRP_TWENTYFIVE,varchar(65535),clarity_dep
RPT_GRP_TWENTYSIX,varchar(65535),clarity_dep
RPT_GRP_TWENTYSEVEN,varchar(65535),clarity_dep
RPT_GRP_TWENTYEIGHT,varchar(65535),clarity_dep
RPT_GRP_TWENTYNINE,varchar(65535),clarity_dep
RPT_GRP_THIRTY,varchar(65535),clarity_dep
RPT_GRP_THIRTYONE_C,varchar(65535),clarity_dep
RPT_GRP_THIRTYTWO_C,varchar(65535),clarity_dep
RPT_GRP_TRTYTHREE_C,varchar(65535),clarity_dep
RPT_GRP_TRTYFOUR_C,varchar(65535),clarity_dep
RPT_GRP_TRTYFIVE_C,varchar(65535),clarity_dep
RPT_GRP_THIRTYSIX_C,varchar(65535),clarity_dep
RPT_GRP_TRTYSEVEN_C,varchar(65535),clarity_dep
RPT_GRP_TRTYEIGHT_C,varchar(65535),clarity_dep
RPT_GRP_TRTYNINE_C,varchar(65535),clarity_dep
RPT_GRP_FOURTY_C,varchar(65535),clarity_dep
REVERIFY_ORDERS_YN,varchar(65535),clarity_dep
PPL_DEPT_YN,varchar(65535),clarity_dep
EXTERNAL_NAME,varchar(65535),clarity_dep
PHONE_NUMBER,varchar(65535),clarity_dep
OR_UNIT_TYPE_C,bigint,clarity_dep
BED_COLUMN_INFO_ID,"decimal(38,9)",clarity_dep
IS_PERIOP_DEP_YN,varchar(65535),clarity_dep
TX_PLAN_REL_CATS_ID,"decimal(38,9)",clarity_dep
FACILITY_C,varchar(65535),clarity_dep
INPATIENT_DEPT_YN,varchar(65535),clarity_dep
CARE_AREA_C,bigint,clarity_dep
RESTRICTED_DEPT_YN,varchar(65535),clarity_dep
PHYSICAL_LOC_C,bigint,clarity_dep
LAG_TIME,bigint,clarity_dep
AUTO_PROMPT_CNTR_YN,varchar(65535),clarity_dep
CLM_ALT_NAME,varchar(65535),clarity_dep
CLM_ALT_CITY,varchar(65535),clarity_dep
CLM_ALT_STATE_C,varchar(65535),clarity_dep
CLM_ALT_ZIP,varchar(65535),clarity_dep
CLM_ALT_PHONE,varchar(65535),clarity_dep
DELETE_FLAG,bigint,clarity_dep
ETL_LOAD_TS,timestamp,clarity_dep
DEPARTMENT_ID,"decimal(38,9)",clarity_dep_2
CM_PHY_OWNER_ID,varchar(65535),clarity_dep_2
CM_LOG_OWNER_ID,varchar(65535),clarity_dep_2
ADDRESS_CITY,varchar(65535),clarity_dep_2
ADDRESS_STATE_C,varchar(65535),clarity_dep_2
ADDRESS_ZIP_CODE,varchar(65535),clarity_dep_2
ADDRESS_COUNTY_C,varchar(65535),clarity_dep_2
ADDRESS_COUNTRY_C,varchar(65535),clarity_dep_2
ADDRESS_HOUSE_NUM,varchar(65535),clarity_dep_2
ADDRESS_DISTRICT_C,bigint,clarity_dep_2
EXPSCHED_ENABLED_YN,varchar(65535),clarity_dep_2
EXPSCHED_OFFSET,"decimal(38,9)",clarity_dep_2
ICU_DEPT_YN,varchar(65535),clarity_dep_2
SBO_CREATE_PB_HAR_C,bigint,clarity_dep_2
ATTEND_EVNT_RULE_ID,varchar(65535),clarity_dep_2
TT_DEF_EVNT_RULE_ID,varchar(65535),clarity_dep_2
RTLS_ARRV_EVNT_ID,varchar(65535),clarity_dep_2
RTLS_DEPT_EVENT_ID,varchar(65535),clarity_dep_2
DEF_RTLS_ARRIVAL_ID,varchar(65535),clarity_dep_2
DEF_RTLS_DEP_ID,varchar(65535),clarity_dep_2
ED_TB_USERSETTIN_YN,varchar(65535),clarity_dep_2
DUTCH_ICU_GROUP_C,bigint,clarity_dep_2
FORCE_TBOT_YN,varchar(65535),clarity_dep_2
OVERDUE_RESULTS_ID,"decimal(38,9)",clarity_dep_2
REL_CNT_NAME_PP_ID,"decimal(38,9)",clarity_dep_2
REL_CNT_DTL_PP_ID,"decimal(38,9)",clarity_dep_2
MED_PREF_LIST_ID,"decimal(38,9)",clarity_dep_2
ORDERS_PREF_LIST_ID,"decimal(38,9)",clarity_dep_2
DEPT_TRNSCR_EMPL_ID,varchar(65535),clarity_dep_2
DEPT_TRNSCR_POOL_C,varchar(65535),clarity_dep_2
DEP_LET_TRNS_EMP_ID,varchar(65535),clarity_dep_2
DEP_LET_TRNS_POOL_C,varchar(65535),clarity_dep_2
DISC_INT_ENAB_YN,varchar(65535),clarity_dep_2
MANUAL_FREE_YN,varchar(65535),clarity_dep_2
ALGLST_ATT_YN,varchar(65535),clarity_dep_2
ALGLST_PCP_YN,varchar(65535),clarity_dep_2
DEFAULT_MAR_FLOW_ID,varchar(65535),clarity_dep_2
EDU_ASSMT_TEMPLT_ID,"decimal(38,9)",clarity_dep_2
EDU_ASSMT_DISP_ID,"decimal(38,9)",clarity_dep_2
EDU_ASSMT_COPY_YN,varchar(65535),clarity_dep_2
NEAREST_MED_TIME,bigint,clarity_dep_2
NEAREST_MED_TIME_C,bigint,clarity_dep_2
HOV_SHARED_LIST_ID,varchar(65535),clarity_dep_2
MED_MSG_POOL_ID,"decimal(38,9)",clarity_dep_2
RX_TIMES_MSG_PL_ID,"decimal(38,9)",clarity_dep_2
RX_MSG_TO_PROV_YN,varchar(65535),clarity_dep_2
RX_MARHOLD_NOTIF_YN,varchar(65535),clarity_dep_2
MAR_TIME_MATCH_DC,bigint,clarity_dep_2
MAR_MATCH_DC_DUE_YN,varchar(65535),clarity_dep_2
UNVERIFIED_MED_P_ID,"decimal(38,9)",clarity_dep_2
MAR_DSP_GROUPED_YN,varchar(65535),clarity_dep_2
MAR_LOOKAHEAD_GROUP,bigint,clarity_dep_2
MAR_LOOKBACK_GROUP,bigint,clarity_dep_2
MAR_SHIFT_HR_DISP,bigint,clarity_dep_2
DUAL_SIGNOFF_REQ_YN,varchar(65535),clarity_dep_2
MAR_DUAL_SIGN_RX_YN,varchar(65535),clarity_dep_2
MAR_TIME_LIMIT_PAST,bigint,clarity_dep_2
MAR_TIME_LIMIT_FUT,bigint,clarity_dep_2
MAR_TIME_DCMEDS,bigint,clarity_dep_2
ONE_CLK_ADMIN_YN,varchar(65535),clarity_dep_2
MAR_SHIFT_PPT_ID,"decimal(38,9)",clarity_dep_2
DISAB_OVRIDE_LNK_YN,varchar(65535),clarity_dep_2
MAR_HAS_RX_INT_YN,varchar(65535),clarity_dep_2
HOV_SHLDC_LPP_ID,"decimal(38,9)",clarity_dep_2
DFLT_RESUME_MED_C,bigint,clarity_dep_2
ED_ARRIVAL_CONF_ID,varchar(65535),clarity_dep_2
ED_TEAM_WORDING,varchar(65535),clarity_dep_2
ED_PAT_LIST_ID,"decimal(38,9)",clarity_dep_2
MC_EXP_ID,"decimal(38,9)",clarity_dep_2
SHOW_LANGUAGE_YN,varchar(65535),clarity_dep_2
IP_ALLOW_IVPUMP_YN,varchar(65535),clarity_dep_2
ED_EVENT_ARRIVAL_ID,varchar(65535),clarity_dep_2
ED_EVENT_ROOMED_ID,varchar(65535),clarity_dep_2
ED_EVENT_TRANS_ID,varchar(65535),clarity_dep_2
ED_EVENT_TRAN_IN_ID,varchar(65535),clarity_dep_2
ED_EVENT_DISMISS_ID,varchar(65535),clarity_dep_2
ED_EVENT_DISCH_ID,varchar(65535),clarity_dep_2
ATTEND_ASGN_EVNT_ID,varchar(65535),clarity_dep_2
ATTEND_REMV_EVNT_ID,varchar(65535),clarity_dep_2
TT_ASGN_EVNT_ID,varchar(65535),clarity_dep_2
TT_REMV_EVNT_ID,varchar(65535),clarity_dep_2
DEP_EVENT_ID,varchar(65535),clarity_dep_2
ED_PCC_EVNT_DEF_ID,varchar(65535),clarity_dep_2
ED_CONTACT_RULE_ID,varchar(65535),clarity_dep_2
ED_CONTACT_TIME_HRS,bigint,clarity_dep_2
ALLOW_EXPECTED_YN,varchar(65535),clarity_dep_2
MANAGER_WAIT2_ID,"decimal(38,9)",clarity_dep_2
MANAGER_WAIT3_ID,"decimal(38,9)",clarity_dep_2
IP_DATA_PURGE_DAYS,bigint,clarity_dep_2
PAT_VERIF_HCF_ID,varchar(65535),clarity_dep_2
ENC_VERIF_HCF_ID,varchar(65535),clarity_dep_2
GUAR_VERIF_HCF_ID,varchar(65535),clarity_dep_2
HAR_VERIF_HCF_ID,varchar(65535),clarity_dep_2
CVG_VERIF_HCF_ID,varchar(65535),clarity_dep_2
MEM_VERIF_HCF_ID,varchar(65535),clarity_dep_2
APPOINTMENT_PHONE,varchar(65535),clarity_dep_2
LOGO_FILENAME,varchar(65535),clarity_dep_2
WKFLTRCK_ACTV_YN,varchar(65535),clarity_dep_2
LET_FRM_USER_DFLT_C,bigint,clarity_dep_2
HAR_2_VERIF_HCF_ID,varchar(65535),clarity_dep_2
DELETE_FLAG,bigint,clarity_dep_2
ETL_LOAD_TS,timestamp,clarity_dep_2
DRG_ID,varchar(65535),clarity_drg
DRG_NAME,varchar(65535),clarity_drg
RECORD_STATE,varchar(65535),clarity_drg
DRG_NUMBER,varchar(65535),clarity_drg
CM_PHY_OWNER_ID,varchar(65535),clarity_drg
CM_LOG_OWNER_ID,varchar(65535),clarity_drg
NON_MPI_WEIGHT,"decimal(38,9)",clarity_drg
NON_MPI_TRIM_PTS,"decimal(38,9)",clarity_drg
NON_MPI_AMLOS,"decimal(38,9)",clarity_drg
NON_MPI_GMLOS,"decimal(38,9)",clarity_drg
GROUPER_1_C,bigint,clarity_drg
GROUPER_2_C,bigint,clarity_drg
GROUPER_3_C,bigint,clarity_drg
RECORD_STATE_C,bigint,clarity_drg
DRG_CASE_TYPE_C,bigint,clarity_drg
MSDRG_FAMILY_C,bigint,clarity_drg
PATIENT_FRIENDLY_NAME,varchar(65535),clarity_drg
DRG_CODE_SET_C,varchar(65535),clarity_drg
DRG_MDC_C,bigint,clarity_drg
DRG_COMPLICATION_C,bigint,clarity_drg
DELETE_FLAG,bigint,clarity_drg
ETL_LOAD_TS,timestamp,clarity_drg
PROC_ID,"decimal(38,9)",clarity_eap
PROC_NAME,varchar(65535),clarity_eap
PROC_CODE,varchar(65535),clarity_eap
PROC_CAT,varchar(65535),clarity_eap
PROC_TYPE,varchar(65535),clarity_eap
DEBIT_CREDIT,varchar(65535),clarity_eap
IS_BAD_DEBT_ACCT,varchar(65535),clarity_eap
ACCOUNT_INS,varchar(65535),clarity_eap
RPT_GRP_ONE,varchar(65535),clarity_eap
RPT_GRP_TWO,varchar(65535),clarity_eap
RPT_GRP_THREE,varchar(65535),clarity_eap
RPT_GRP_FOUR,varchar(65535),clarity_eap
RPT_GRP_FIVE,varchar(65535),clarity_eap
RPT_GRP_SIX,varchar(65535),clarity_eap
RPT_GRP_SEVEN,varchar(65535),clarity_eap
RPT_GRP_EIGHT,varchar(65535),clarity_eap
RPT_GRP_NINE,varchar(65535),clarity_eap
RPT_GRP_TEN,varchar(65535),clarity_eap
GL_NUM_CREDIT,varchar(65535),clarity_eap
GL_NUM_DEBIT,varchar(65535),clarity_eap
IS_ACTIVE_YN,varchar(65535),clarity_eap
PANEL_C,bigint,clarity_eap
PROC_COMMENT,varchar(65535),clarity_eap
IS_PRICE_OVRD_YN,varchar(65535),clarity_eap
EAP_TYPE_OF_SER_C,bigint,clarity_eap
MODIFIER,varchar(65535),clarity_eap
IS_EC_INACTIVE_YN,varchar(65535),clarity_eap
UB_REV_CODE_ID,"decimal(38,9)",clarity_eap
COST_CNTR_ID,"decimal(38,9)",clarity_eap
CM_PHY_OWNER_ID,varchar(65535),clarity_eap
CM_LOG_OWNER_ID,varchar(65535),clarity_eap
RPT_GRP_ELEVEN_C,varchar(65535),clarity_eap
RPT_GRP_TWELVE_C,varchar(65535),clarity_eap
RPT_GRP_THIRTEEN_C,varchar(65535),clarity_eap
RPT_GRP_FOURTEEN_C,varchar(65535),clarity_eap
RPT_GRP_FIFTEEN_C,varchar(65535),clarity_eap
RPT_GRP_SIXTEEN_C,varchar(65535),clarity_eap
RPT_GRP_SEVNTEEN_C,varchar(65535),clarity_eap
RPT_GRP_EIGHTEEN_C,varchar(65535),clarity_eap
RPT_GRP_NINETEEN_C,varchar(65535),clarity_eap
RPT_GRP_TWENTY_C,varchar(65535),clarity_eap
PROC_GROUP_ID,varchar(65535),clarity_eap
OP_LOOKBACK_DAY,varchar(65535),clarity_eap
IP_LOOKBACK_DAY,varchar(65535),clarity_eap
CAT_OVERRIDE_ID,varchar(65535),clarity_eap
SHOW_IN_MYC_YN,varchar(65535),clarity_eap
PT_FRIENDLY_NAME,varchar(65535),clarity_eap
SHOW_IN_MYC_C,bigint,clarity_eap
CLM_PROC_TYPE_C,bigint,clarity_eap
BILLING_CAT_C,varchar(65535),clarity_eap
RECORD_STATE_EAP_C,bigint,clarity_eap
SELF_INS_C,bigint,clarity_eap
DEBIT_OR_CREDIT_C,bigint,clarity_eap
TYPE_C,varchar(65535),clarity_eap
ADMIN_PX_TYPE_C,bigint,clarity_eap
ADMIN_PX_ERX_ID,"decimal(38,9)",clarity_eap
REL_PREF_CARD_ID,varchar(65535),clarity_eap
RIS_SIGN_AGAIN_R_YN,varchar(65535),clarity_eap
VENDOR_MEDIUM_DESC,varchar(65535),clarity_eap
VENDOR_SHORT_DESC,varchar(65535),clarity_eap
PROC_DEFAULT_ORD_ID,"decimal(38,9)",clarity_eap
EXT_CROSS_REF_CODE,varchar(65535),clarity_eap
PRINT_DESC_YN,varchar(65535),clarity_eap
IDE_NUMBER,varchar(65535),clarity_eap
DFLT_ADJ_DATE_C,bigint,clarity_eap
REASON_CODE_ID,varchar(65535),clarity_eap
INST_OF_EDIT_TM,timestamp,clarity_eap
DFLT_STAND_COUNT,bigint,clarity_eap
IP_COUNT_TYPE_C,bigint,clarity_eap
IS_PROC_USED,varchar(65535),clarity_eap
SHORT_NAME,varchar(65535),clarity_eap
DFLT_PMT_SRC_C,varchar(65535),clarity_eap
SPRS_PNL_ALT_CHK_YN,varchar(65535),clarity_eap
REQ_DX_ASSOC_C,bigint,clarity_eap
DFLT_SPEC_TYPE_C,bigint,clarity_eap
DFLT_ORDER_TYPE_C,bigint,clarity_eap
DFLT_RLSE_STAT_C,bigint,clarity_eap
DFLT_EXPEC_DT,varchar(65535),clarity_eap
EXPEC_DT_APPROX_YN,varchar(65535),clarity_eap
DFLT_RLSE_TYPE_C,bigint,clarity_eap
DFLT_RLSE_INTER_C,varchar(65535),clarity_eap
DFLT_RLSE_COUNT,bigint,clarity_eap
MAX_ORDERABLE,bigint,clarity_eap
SHOW_ORD_DETAIL_C,bigint,clarity_eap
USE_ALT_CHOICES_YN,varchar(65535),clarity_eap
DFLT_ALT_ID,"decimal(38,9)",clarity_eap
MAMMO_RELATED_YN,varchar(65535),clarity_eap
DFLT_SPEC_SRC_MAL_C,bigint,clarity_eap
DFLT_SPEC_SRC_FEM_C,bigint,clarity_eap
ORDER_DISPLAY_NAME,varchar(65535),clarity_eap
DFLT_INTER_ID,varchar(65535),clarity_eap
PROC_CAT_ID,varchar(65535),clarity_eap
EC_OVRD_PROC_CAT_ID,varchar(65535),clarity_eap
SCHED_FOR_OUTPAT_YN,varchar(65535),clarity_eap
PROMPT_FOR_VT_YN,varchar(65535),clarity_eap
USE_VT_SPEC_REST_C,bigint,clarity_eap
TEST_ID,varchar(65535),clarity_eap
USE_TIME_AVG_YN,varchar(65535),clarity_eap
MUST_START_AFTER_TM,timestamp,clarity_eap
MUST_START_BEF_TM,timestamp,clarity_eap
SETUP_TIME,"decimal(38,9)",clarity_eap
CLEANUP_TIME,"decimal(38,9)",clarity_eap
TIME_ALONE,"decimal(38,9)",clarity_eap
TIME_COMBINED,"decimal(38,9)",clarity_eap
AVG_LEN_FOR_BILL,"decimal(38,9)",clarity_eap
USE_AVG_FROM_ID,"decimal(38,9)",clarity_eap
TYPE_OF_PROC_C,varchar(65535),clarity_eap
DFLT_WOUND_CLASS_C,bigint,clarity_eap
DFLT_LAT_C,bigint,clarity_eap
DFLT_OUTPAT_REGN_C,bigint,clarity_eap
DFLT_PK_LST_GNRTD_C,bigint,clarity_eap
LAP_YN,varchar(65535),clarity_eap
SURG_HIST_ID,"decimal(38,9)",clarity_eap
DFLT_ANESTH_TYPE_C,bigint,clarity_eap
SERVICE_AREA_ID,"decimal(38,9)",clarity_eap
NAME,varchar(65535),clarity_eap
CHARGE_ENTRY_INSTR,varchar(65535),clarity_eap
BILL_DESC,varchar(65535),clarity_eap
SPEC_PROC_TYPE_C,varchar(65535),clarity_eap
NUM_SURFACES_REQ,bigint,clarity_eap
COMP_ANES_CONC_YN,varchar(65535),clarity_eap
ALLOW_PER_EXCL_YN,varchar(65535),clarity_eap
DX_REQ_YN,varchar(65535),clarity_eap
RECALL_ALLOWED_YN,varchar(65535),clarity_eap
DFLT_RECALL_MONTHS,bigint,clarity_eap
DESC_ENTRY_YN,varchar(65535),clarity_eap
SYSTEM_GEN_YN,varchar(65535),clarity_eap
EFT_ADJ_YN,varchar(65535),clarity_eap
VIEW_PNL_DETAIL_YN,varchar(65535),clarity_eap
CE_RESTR_SEX_C,bigint,clarity_eap
CE_RESTR_REF_YN,varchar(65535),clarity_eap
GL_DEBIT_TYPE_C,varchar(65535),clarity_eap
GL_CREDIT_TYPE_C,varchar(65535),clarity_eap
BILLING_SUMMARY,varchar(65535),clarity_eap
STOP_QUANTITY_YN,varchar(65535),clarity_eap
VISIT_INDICATOR_C,bigint,clarity_eap
GLFC_SVC_AREA_ID,"decimal(38,9)",clarity_eap
GLFC_DB_NUM,varchar(65535),clarity_eap
GLFC_CR_NUM,varchar(65535),clarity_eap
DISTRIBUTE_LVL_C,bigint,clarity_eap
BLOOD_RELATED_C,bigint,clarity_eap
FUTURE_PROC_EXP_DT,varchar(65535),clarity_eap
STAND_PROC_EXP_DT,varchar(65535),clarity_eap
OUTPAT_DUP_INTER,bigint,clarity_eap
INPAT_DUP_INTER,bigint,clarity_eap
SMARTGROUP_ID,"decimal(38,9)",clarity_eap
MODALITY_TYPE_C,bigint,clarity_eap
EXT_AR_TYPE_C,bigint,clarity_eap
DELETE_FLAG,bigint,clarity_eap
ETL_LOAD_TS,timestamp,clarity_eap
LOC_ID,"decimal(38,9)",clarity_loc
LOC_NAME,varchar(65535),clarity_loc
LOCATION_GROUP,bigint,clarity_loc
DEFAULT_DEPT_ID,"decimal(38,9)",clarity_loc
POS_TYPE,varchar(65535),clarity_loc
LOCATION_ABBR,varchar(65535),clarity_loc
LOC_IS_OUTSIDE,varchar(65535),clarity_loc
GL_PREFIX,varchar(65535),clarity_loc
RPT_GRP_ONE,varchar(65535),clarity_loc
RPT_GRP_TWO,varchar(65535),clarity_loc
RPT_GRP_THREE,varchar(65535),clarity_loc
RPT_GRP_FOUR,varchar(65535),clarity_loc
RPT_GRP_FIVE,varchar(65535),clarity_loc
RPT_GRP_SIX,varchar(65535),clarity_loc
RPT_GRP_SEVEN,varchar(65535),clarity_loc
RPT_GRP_EIGHT,varchar(65535),clarity_loc
RPT_GRP_NINE,varchar(65535),clarity_loc
RPT_GRP_TEN,varchar(65535),clarity_loc
SERV_AREA_ID,"decimal(38,9)",clarity_loc
BEN_BKT_OPT_C,bigint,clarity_loc
ID_TYPE,"decimal(38,9)",clarity_loc
CM_PHY_OWNER_ID,varchar(65535),clarity_loc
CM_LOG_OWNER_ID,varchar(65535),clarity_loc
RPT_GRP_ELEVEN_C,varchar(65535),clarity_loc
RPT_GRP_TWELVE_C,varchar(65535),clarity_loc
RPT_GRP_THIRTEEN_C,varchar(65535),clarity_loc
RPT_GRP_FOURTEEN_C,varchar(65535),clarity_loc
RPT_GRP_FIFTEEN_C,varchar(65535),clarity_loc
RPT_GRP_SIXTEEN_C,varchar(65535),clarity_loc
RPT_GRP_SEVNTEEN_C,varchar(65535),clarity_loc
RPT_GRP_EIGHTEEN_C,varchar(65535),clarity_loc
RPT_GRP_NINETEEN_C,varchar(65535),clarity_loc
RPT_GRP_TWENTY_C,varchar(65535),clarity_loc
RECORD_STATUS,bigint,clarity_loc
MED_PREF_LIST_ID,"decimal(38,9)",clarity_loc
ORDERS_PREF_LIST_ID,"decimal(38,9)",clarity_loc
DFLT_PREFLST_EPD_ID,"decimal(38,9)",clarity_loc
DFLT_PREFLST_LPF_ID,varchar(65535),clarity_loc
DISC_INT_ENAB_YN,varchar(65535),clarity_loc
MANUAL_FREE_TXT_YN,varchar(65535),clarity_loc
THERAPY_UP_POOL_ID,"decimal(38,9)",clarity_loc
CRCL_FORMULA_PPT_ID,"decimal(38,9)",clarity_loc
FLT_PREF_LIST_ID,"decimal(38,9)",clarity_loc
CC_DEP_SEL_PPT_ID,"decimal(38,9)",clarity_loc
CC_ASSN_DEF_CC_ID,"decimal(38,9)",clarity_loc
DEF_MESSAGE_TYPE_C,bigint,clarity_loc
ED_SA_CREATE_HAR_YN,varchar(65535),clarity_loc
ED_SA_DFLT_PATCLS_C,varchar(65535),clarity_loc
CONV_APPT_TO_HOV_YN,varchar(65535),clarity_loc
CONV_APPTS_HOV_ID,"decimal(38,9)",clarity_loc
DFLT_ED_HOSP_AREA_C,bigint,clarity_loc
CS_DATE_RANGE_LIMIT,bigint,clarity_loc
NEWBORN_UNKN_SSN_C,bigint,clarity_loc
FAX_NUM,varchar(65535),clarity_loc
USING_EMR_YN,varchar(65535),clarity_loc
INTERNAL_LAB_ID,"decimal(38,9)",clarity_loc
CHILD_ORDER_DEPT_ID,"decimal(38,9)",clarity_loc
POS_CODE,varchar(65535),clarity_loc
OR_LOC_TYPE_C,bigint,clarity_loc
PRC_STP_END_EVT_C,bigint,clarity_loc
SHARE_PERIDATA_I_YN,varchar(65535),clarity_loc
FILT_IMP_OFF_PCK_YN,varchar(65535),clarity_loc
FILT_CDP_OFF_PCK_YN,varchar(65535),clarity_loc
CASE_SETUP_EVENT_C,varchar(65535),clarity_loc
CASE_CLEANUP_EVNT_C,varchar(65535),clarity_loc
CS_SETUP_END_EVT_C,varchar(65535),clarity_loc
CASE_CLNP_END_EVT_C,varchar(65535),clarity_loc
PRC_CLNUP_END_EVT_C,bigint,clarity_loc
PROC_END_TIM_EVT_C,bigint,clarity_loc
INVENTORY_LOC_YN,varchar(65535),clarity_loc
SETUP_EVENT_C,bigint,clarity_loc
CLEANUP_EVENT_C,bigint,clarity_loc
OR_NORMAL_START_TM,timestamp,clarity_loc
OR_NORMAL_END_TM,timestamp,clarity_loc
PROC_LENGTH_EVENT_C,bigint,clarity_loc
SURG_START_EVENT_C,varchar(65535),clarity_loc
SURG_END_EVENT_C,varchar(65535),clarity_loc
EPT_PRIVACY_FLAG_C,bigint,clarity_loc
ADT_LOCATION_TYPE_C,varchar(65535),clarity_loc
ADT_PARENT_ID,"decimal(38,9)",clarity_loc
DAILY_BCB_TABLE_ID,"decimal(38,9)",clarity_loc
HOURLY_BCB_TABLE_ID,"decimal(38,9)",clarity_loc
DAYS_FOR_INCOMP_MSG,bigint,clarity_loc
FACILITY_TRNSCRTN,varchar(65535),clarity_loc
FAC_LET_TRNSCRTN,varchar(65535),clarity_loc
TRNSCRTN_POOL_C,varchar(65535),clarity_loc
LT_TRNSCRTN_POOL_C,varchar(65535),clarity_loc
EMERG_PHONE,varchar(65535),clarity_loc
PERSIS_FUTURE_YN,varchar(65535),clarity_loc
CMS_CERT_NUM,varchar(65535),clarity_loc
CALC_CMS_CERT_NUM,varchar(65535),clarity_loc
GEO_LOCALITY_ID,"decimal(38,9)",clarity_loc
DISP_CVG_FAST_RE_YN,varchar(65535),clarity_loc
ECP_SERVER_NAME,varchar(65535),clarity_loc
POS_TYPE_C,bigint,clarity_loc
HOSP_PARENT_LOC_ID,"decimal(38,9)",clarity_loc
FACILITY_ID,"decimal(38,9)",clarity_loc
DEF_RC_ID,"decimal(38,9)",clarity_loc
HRA_BAL_NEGATIVE_YN,varchar(65535),clarity_loc
AUR_ENABLED_YN,varchar(65535),clarity_loc
DELETE_FLAG,bigint,clarity_loc
ETL_LOAD_TS,timestamp,clarity_loc
MEDICATION_ID,"decimal(38,9)",clarity_medication
NAME,varchar(65535),clarity_medication
THERA_CLASS_C,bigint,clarity_medication
PHARM_CLASS_C,bigint,clarity_medication
PHARM_SUBCLASS_C,bigint,clarity_medication
SIMPLE_GENERIC_C,varchar(65535),clarity_medication
COST,varchar(65535),clarity_medication
GENERIC_NAME,varchar(65535),clarity_medication
GPI,varchar(65535),clarity_medication
STRENGTH,varchar(65535),clarity_medication
FORM,varchar(65535),clarity_medication
ROUTE,varchar(65535),clarity_medication
CONTROLLED_MED_YN,varchar(65535),clarity_medication
DEA_CLASS_CODE_C,bigint,clarity_medication
RECORD_STATE,varchar(65535),clarity_medication
CM_PHY_OWNER_ID,varchar(65535),clarity_medication
CM_LOG_OWNER_ID,varchar(65535),clarity_medication
INVESTIGATL_MED_YN,varchar(65535),clarity_medication
DAY_SUP_ENABLE_YN,varchar(65535),clarity_medication
EQUIP_STATUS_YN,varchar(65535),clarity_medication
MED_IS_CONFIGURED_C,bigint,clarity_medication
DELETE_FLAG,bigint,clarity_medication
ETL_LOAD_TS,timestamp,clarity_medication
POS_ID,"decimal(38,9)",clarity_pos
POS_NAME,varchar(65535),clarity_pos
POS_GROUP,bigint,clarity_pos
POS_TYPE,varchar(65535),clarity_pos
POS_LOC_IS_OUTSIDE,varchar(65535),clarity_pos
POS_NAME_ABBR,varchar(65535),clarity_pos
GL_PREFIX,varchar(65535),clarity_pos
RPT_GRP_ONE,varchar(65535),clarity_pos
RPT_GRP_TWO,varchar(65535),clarity_pos
RPT_GRP_THREE,varchar(65535),clarity_pos
RPT_GRP_FOUR,varchar(65535),clarity_pos
RPT_GRP_FIVE,varchar(65535),clarity_pos
RPT_GRP_SIX,varchar(65535),clarity_pos
RPT_GRP_SEVEN,varchar(65535),clarity_pos
RPT_GRP_EIGHT,varchar(65535),clarity_pos
RPT_GRP_NINE,varchar(65535),clarity_pos
RPT_GRP_TEN,varchar(65535),clarity_pos
ADDRESS_LINE_1,varchar(65535),clarity_pos
ADDRESS_LINE_2,varchar(65535),clarity_pos
CITY,varchar(65535),clarity_pos
STATE_C,varchar(65535),clarity_pos
ZIP,varchar(65535),clarity_pos
AREA_CODE,varchar(65535),clarity_pos
PHONE,varchar(65535),clarity_pos
LOC_TYPE_C,bigint,clarity_pos
CM_PHY_OWNER_ID,varchar(65535),clarity_pos
CM_LOG_OWNER_ID,varchar(65535),clarity_pos
RPT_GRP_ELEVEN_C,varchar(65535),clarity_pos
RPT_GRP_TWELVE_C,varchar(65535),clarity_pos
RPT_GRP_THIRTEEN_C,varchar(65535),clarity_pos
RPT_GRP_FOURTEEN_C,varchar(65535),clarity_pos
RPT_GRP_FIFTEEN_C,varchar(65535),clarity_pos
RPT_GRP_SIXTEEN_C,varchar(65535),clarity_pos
RPT_GRP_SEVNTEEN_C,varchar(65535),clarity_pos
RPT_GRP_EIGHTEEN_C,varchar(65535),clarity_pos
RPT_GRP_NINETEEN_C,varchar(65535),clarity_pos
RPT_GRP_TWENTY_C,varchar(65535),clarity_pos
RECORD_STATUS,bigint,clarity_pos
BUILDING_NUMBER,varchar(65535),clarity_pos
DISTRICT_C,bigint,clarity_pos
COUNTY_C,varchar(65535),clarity_pos
COUNTRY_C,varchar(65535),clarity_pos
LOGO_FILENAME,varchar(65535),clarity_pos
POS_CODE,varchar(65535),clarity_pos
POS_TYPE_C,bigint,clarity_pos
SERVICE_AREA_ID,"decimal(38,9)",clarity_pos
ORG_IDNT,varchar(65535),clarity_pos
REGION_ID,"decimal(38,9)",clarity_pos
GROUP_ID,"decimal(38,9)",clarity_pos
OPEN_DT,timestamp,clarity_pos
CLOSE_DT,timestamp,clarity_pos
JOIN_DT,timestamp,clarity_pos
LEAVE_DT,timestamp,clarity_pos
POS_SUBTYPE_C,bigint,clarity_pos
ADT_PARENT_ID,"decimal(38,9)",clarity_pos
LOGO_PRINT_GROUP_ID,"decimal(38,9)",clarity_pos
CLINIC_OR_BILLING_C,bigint,clarity_pos
TECH_CONTACT_NAME,varchar(65535),clarity_pos
TECH_CONTACT_EMAIL,varchar(65535),clarity_pos
TECH_CONTACT_PHONE,varchar(65535),clarity_pos
TECH_CONTACT_URL,varchar(65535),clarity_pos
TECH_CONTACT_FAX,varchar(65535),clarity_pos
TECH_CONTACT_EXT,varchar(65535),clarity_pos
FAX_NUM,varchar(65535),clarity_pos
SD_RW_EXPORT_TEMPLATE_ID,"decimal(38,9)",clarity_pos
PO_MEDICARE_NUM,varchar(65535),clarity_pos
BOOK_ANYWHERE_CONFIG_ID,"decimal(38,9)",clarity_pos
NOT_LEAKED_DEMAND_YN,varchar(65535),clarity_pos
ADDRESS_CHECKSUM,varchar(65535),clarity_pos
LINK_ORG_ID,"decimal(38,9)",clarity_pos
TC_ZONE_C,bigint,clarity_pos
LEGAL_OPEN_DT,timestamp,clarity_pos
LEGAL_CLOSE_DT,timestamp,clarity_pos
ODS_LAST_CHANGE_DT,timestamp,clarity_pos
RECORD_CLASS_C,bigint,clarity_pos
EMAIL_ADDRESS,varchar(65535),clarity_pos
WEB_ADDRESS,varchar(65535),clarity_pos
ALLOW_REFER_TO_YN,varchar(65535),clarity_pos
LEVEL_OF_CARE_MAP_TBL_ID,"decimal(38,9)",clarity_pos
SERVICE_MAP_TBL_ID,"decimal(38,9)",clarity_pos
CLAIM_SERV_FAC_NAME,varchar(65535),clarity_pos
POS_LOC_IS_OUTSIDE_YN,varchar(65535),clarity_pos
HL_IS_ON_C,bigint,clarity_pos
FAC_ACTOR_TYPE_C,bigint,clarity_pos
PERMIT_CLIN_DERIVATION_YN,varchar(65535),clarity_pos
CLM_SERV_FAC_ADDR_1,varchar(65535),clarity_pos
CLM_SERV_FAC_ADDR_2,varchar(65535),clarity_pos
CLM_SERV_FAC_CITY,varchar(65535),clarity_pos
CLM_SRV_FAC_STATE_C,varchar(65535),clarity_pos
CLM_SERV_FAC_ZIP,varchar(65535),clarity_pos
COMPILED_HL_IS_ON_C,bigint,clarity_pos
IS_BUSINESS_SEGMENT_YN,varchar(65535),clarity_pos
IS_NON_BUS_SEG_SERV_AREA_YN,varchar(65535),clarity_pos
MAILING_ADDRESS_CITY,varchar(65535),clarity_pos
MAILING_ADDRESS_STATE_C,varchar(65535),clarity_pos
MAILING_ADDRESS_COUNTY_C,varchar(65535),clarity_pos
MAILING_ADDRESS_COUNTRY_C,varchar(65535),clarity_pos
MAILING_ADDRESS_ZIP,varchar(65535),clarity_pos
MAILING_ADDRESS_BUILDING_NUM,varchar(65535),clarity_pos
MAILING_ADDRESS_DISTRICT_C,bigint,clarity_pos
DELETE_FLAG,bigint,clarity_pos
ETL_LOAD_TS,timestamp,clarity_pos
PRC_ID,varchar(65535),clarity_prc
PRC_NAME,varchar(65535),clarity_prc
PRC_ABBR,varchar(65535),clarity_prc
RECORD_TYPE,varchar(65535),clarity_prc
PROC_CAT,varchar(65535),clarity_prc
OVRD_BILL_NO_TYPE,varchar(65535),clarity_prc
CHART_PULL,varchar(65535),clarity_prc
XRAY_PULL,varchar(65535),clarity_prc
SAME_DAY_PULL,varchar(65535),clarity_prc
EXTERNAL_NAME,varchar(65535),clarity_prc
STATUS,varchar(65535),clarity_prc
DEFAULT_LENGTH,bigint,clarity_prc
DEFAULT_COPAY_CAT,varchar(65535),clarity_prc
IN_OUT_PAT,varchar(65535),clarity_prc
CPT_PROC_ID,"decimal(38,9)",clarity_prc
BENEFIT_GROUP,varchar(65535),clarity_prc
ANC_PROC_LENGTH,bigint,clarity_prc
DUPLICATE_WITHIN,bigint,clarity_prc
DUPLICATE_DAYS,bigint,clarity_prc
DUPLICATE_HOURS,bigint,clarity_prc
AUTOSCHEDULE_ALGO,varchar(65535),clarity_prc
VISIT_GROUP_NUM,bigint,clarity_prc
VISIT_GROUP,varchar(65535),clarity_prc
RPT_GRP_ONE,varchar(65535),clarity_prc
RPT_GRP_TWO,varchar(65535),clarity_prc
RPT_GRP_THREE,varchar(65535),clarity_prc
RPT_GRP_FOUR,varchar(65535),clarity_prc
RPT_GRP_FIVE,varchar(65535),clarity_prc
RPT_GRP_SIX_C,varchar(65535),clarity_prc
RPT_GRP_SEVEN_C,varchar(65535),clarity_prc
RPT_GRP_EIGHT_C,varchar(65535),clarity_prc
RPT_GRP_NINE_C,varchar(65535),clarity_prc
RPT_GRP_TEN_C,varchar(65535),clarity_prc
NUM_FLASH_CARDS,bigint,clarity_prc
NUM_CONTROL_SHEETS,bigint,clarity_prc
CM_PHY_OWNER_ID,varchar(65535),clarity_prc
CM_LOG_OWNER_ID,varchar(65535),clarity_prc
RPT_GRP_ELEVEN_C,varchar(65535),clarity_prc
RPT_GRP_TWELVE_C,varchar(65535),clarity_prc
RPT_GRP_THIRTEEN_C,varchar(65535),clarity_prc
RPT_GRP_FOURTEEN_C,varchar(65535),clarity_prc
RPT_GRP_FIFTEEN_C,varchar(65535),clarity_prc
RPT_GRP_SIXTEEN_C,varchar(65535),clarity_prc
RPT_GRP_SEVENTEEN_C,varchar(65535),clarity_prc
RPT_GRP_EIGHTEEN_C,varchar(65535),clarity_prc
RPT_GRP_NINETEEN_C,varchar(65535),clarity_prc
RPT_GRP_TWENTY_C,varchar(65535),clarity_prc
INTRP_TYPE_NEEDED_C,bigint,clarity_prc
SAME_PROV_ALL_YN,varchar(65535),clarity_prc
USE_IP_INSTR_YN,varchar(65535),clarity_prc
USE_INSTR_OF_PRC_ID,varchar(65535),clarity_prc
IS_ADVANCED_YN,varchar(65535),clarity_prc
PREREQ_FROM_PRC_ID,varchar(65535),clarity_prc
RECALL_FROM_PRC_ID,varchar(65535),clarity_prc
BLOCK_OVERRULE_C,bigint,clarity_prc
DEFAULT_BLOCKS_YN,varchar(65535),clarity_prc
BLOCK_OVR_FIRST_C,bigint,clarity_prc
ORD_GENERATED_YN,varchar(65535),clarity_prc
ORDER_ALL_YN,varchar(65535),clarity_prc
USE_DEFAULT_PROC_YN,varchar(65535),clarity_prc
PRC_REC_TYPE_C,bigint,clarity_prc
AUTOSCHED_ALG_C,bigint,clarity_prc
VTMOD_SCHED_C,bigint,clarity_prc
VTMOD_MAX_AGE_DAYS,bigint,clarity_prc
VTMOD_MIN_AGE_DAYS,bigint,clarity_prc
VTMOD_SEX_C,bigint,clarity_prc
VTMOD_MIN_AGE_NUM,bigint,clarity_prc
VTM_MIN_AGE_UNIT_C,bigint,clarity_prc
VTMOD_MAX_AGE_NUM,bigint,clarity_prc
VTM_MAX_AGE_UNIT_C,bigint,clarity_prc
VTMOD_PRC_ID,varchar(65535),clarity_prc
VTMOD_PROV_ID,varchar(65535),clarity_prc
VTMOD_DEPT_ID,"decimal(38,9)",clarity_prc
VTMOD_LENGTH_VAL,bigint,clarity_prc
VTMOD_LEN_ADJ_C,bigint,clarity_prc
VTMOD_REPL_SCH_C,bigint,clarity_prc
VTMOD_USE_SCH_IP_YN,varchar(65535),clarity_prc
VTMOD_REPL_PAT_C,bigint,clarity_prc
RFL_GRP_C,varchar(65535),clarity_prc
RECORD_STATUS_C,bigint,clarity_prc
SCHED_OTHER_SPEC_C,bigint,clarity_prc
REQUIRE_IPOP_YN,varchar(65535),clarity_prc
ARRIVAL_REASON,varchar(65535),clarity_prc
ARRIVAL_OFFSET_MINUTES,bigint,clarity_prc
FILTER_RESTR_PROV_YN,varchar(65535),clarity_prc
ALLOW_OVERLAP_C,bigint,clarity_prc
GROUP_SESSION_C,bigint,clarity_prc
PANEL_VISIT_RELATIONSHIP_C,bigint,clarity_prc
APPT_DELAY_DEFAULT_MINUTES,bigint,clarity_prc
PAT_PREP_TIME,bigint,clarity_prc
PAT_RECOVERY_TIME,bigint,clarity_prc
AGENT_CONFLICT_TYPE_C,bigint,clarity_prc
DTREE_FORM_ID,varchar(65535),clarity_prc
DEFAULT_FASTING_DURATION,bigint,clarity_prc
BREAKS_FAST_YN,varchar(65535),clarity_prc
USE_SMARTTEXT_PAT_INSTR_YN,varchar(65535),clarity_prc
HIDE_FROM_PAT_YN,varchar(65535),clarity_prc
ALLOW_CHANGE_HIDDEN_STATUS_YN,varchar(65535),clarity_prc
PROV_NAME_DISPLAY_C,bigint,clarity_prc
HIDE_VISIT_TIME_YN,varchar(65535),clarity_prc
DELETE_FLAG,bigint,clarity_prc
ETL_LOAD_TS,timestamp,clarity_prc
PROV_ID,varchar(65535),clarity_ser
PROV_NAME,varchar(65535),clarity_ser
PROV_TYPE,varchar(65535),clarity_ser
PROV_ABBR,varchar(65535),clarity_ser
GL_PREFIX,varchar(65535),clarity_ser
RPT_GRP_ONE,varchar(65535),clarity_ser
RPT_GRP_TWO,varchar(65535),clarity_ser
RPT_GRP_THREE,varchar(65535),clarity_ser
RPT_GRP_FOUR,varchar(65535),clarity_ser
RPT_GRP_FIVE,varchar(65535),clarity_ser
RPT_GRP_SIX,varchar(65535),clarity_ser
RPT_GRP_SEVEN,varchar(65535),clarity_ser
RPT_GRP_EIGHT,varchar(65535),clarity_ser
RPT_GRP_NINE,varchar(65535),clarity_ser
RPT_GRP_TEN,varchar(65535),clarity_ser
IS_RESIDENT,varchar(65535),clarity_ser
USER_ID,varchar(65535),clarity_ser
EPIC_PROV_ID,varchar(65535),clarity_ser
REFERRAL_SRCE_TYPE,varchar(65535),clarity_ser
IS_VERIFIED_YN,varchar(65535),clarity_ser
SER_REF_SRCE_ID,varchar(65535),clarity_ser
UPIN,varchar(65535),clarity_ser
SSN,varchar(65535),clarity_ser
EMP_STATUS,varchar(65535),clarity_ser
STAFF_RESOURCE,varchar(65535),clarity_ser
CLINICIAN_TITLE,varchar(65535),clarity_ser
EXTERNAL_NAME,varchar(65535),clarity_ser
ACTIVE_STATUS,varchar(65535),clarity_ser
REFERRAL_SOURCE_TYPE,varchar(65535),clarity_ser
RECORD_TYPE,bigint,clarity_ser
BILL_PROV_YN,varchar(65535),clarity_ser
BILL_UNDER_PROV_ID,varchar(65535),clarity_ser
SUP_PROV_ID,varchar(65535),clarity_ser
COUNTY_C,varchar(65535),clarity_ser
COUNTRY_C,varchar(65535),clarity_ser
OFFICE_PHONE_NUM,varchar(65535),clarity_ser
OFFICE_FAX_NUM,varchar(65535),clarity_ser
EMAIL,varchar(65535),clarity_ser
DEA_NUMBER,varchar(65535),clarity_ser
SEX,varchar(65535),clarity_ser
BIRTH_DATE,timestamp,clarity_ser
MEDICARE_PROV_ID,varchar(65535),clarity_ser
MEDICAID_PROV_ID,varchar(65535),clarity_ser
IS_PRIV_REVOKED,varchar(65535),clarity_ser
NURSE_EMP_ID,varchar(65535),clarity_ser
EPICCARE_PROV_YN,varchar(65535),clarity_ser
MEDS_AUTH_PROV_YN,varchar(65535),clarity_ser
ORDS_AUTH_PROV_YN,varchar(65535),clarity_ser
TRANS_INTF_USER_YN,varchar(65535),clarity_ser
PEER_REV_LAST_DATE,timestamp,clarity_ser
TAKING_NEW_PAT_YN,varchar(65535),clarity_ser
TAKING_WALKINS_YN,varchar(65535),clarity_ser
LAST_RECOMMENDED_DATE,timestamp,clarity_ser
BASE_COST,"decimal(38,9)",clarity_ser
SURG_REC_POOL_YN,varchar(65535),clarity_ser
INSTRUMENT_TYPE_C,varchar(65535),clarity_ser
EQUIP_SERVICE_DATE,timestamp,clarity_ser
EQUIP_LASTSVC_DATE,timestamp,clarity_ser
CLM_POS_REQD_YN,varchar(65535),clarity_ser
DEFAULT_POS_CLM_YN,varchar(65535),clarity_ser
MODALITY_TYPE_C,bigint,clarity_ser
MODALITY_YN,varchar(65535),clarity_ser
SUPERV_POOL_ID,varchar(65535),clarity_ser
SUPERV_POOL_NAME,varchar(65535),clarity_ser
FLASH_CARD_PRT_ROU,varchar(65535),clarity_ser
CTRL_SHEET_PRT_ROU,varchar(65535),clarity_ser
PIN_ID,varchar(65535),clarity_ser
PROV_ATTR_ID,varchar(65535),clarity_ser
ATTND_PRIM_PAGER,varchar(65535),clarity_ser
OO_OFFICE_FROM_DTE,timestamp,clarity_ser
OO_OFFICE_TO_DTE,timestamp,clarity_ser
DEF_DEPARTMENT_ID,"decimal(38,9)",clarity_ser
CM_PHY_OWNER_ID,varchar(65535),clarity_ser
CM_LOG_OWNER_ID,varchar(65535),clarity_ser
RPT_GRP_ELEVEN_C,varchar(65535),clarity_ser
RPT_GRP_TWELVE_C,varchar(65535),clarity_ser
RPT_GRP_THIRTEEN_C,varchar(65535),clarity_ser
RPT_GRP_FOURTEEN_C,varchar(65535),clarity_ser
RPT_GRP_FIFTEEN_C,varchar(65535),clarity_ser
RPT_GRP_SIXTEEN_C,varchar(65535),clarity_ser
RPT_GRP_SEVNTEEN_C,varchar(65535),clarity_ser
RPT_GRP_EIGHTEEN_C,varchar(65535),clarity_ser
RPT_GRP_NINETEEN_C,varchar(65535),clarity_ser
RPT_GRP_TWENTY_C,varchar(65535),clarity_ser
HOSPITALIST_YN,varchar(65535),clarity_ser
DEF_DIVISION_C,varchar(65535),clarity_ser
DEF_PROVIDER_YN,varchar(65535),clarity_ser
PROV_REC_STATE_C,bigint,clarity_ser
PROV_START_DATE,timestamp,clarity_ser
PRACTICE_NAME_C,bigint,clarity_ser
SURG_SCHED_OUT_YN,varchar(65535),clarity_ser
SURG_EQP_SVCDAT_YN,varchar(65535),clarity_ser
SURG_COST_TBL_ID,"decimal(38,9)",clarity_ser
TEAM_LEADER_ID,varchar(65535),clarity_ser
TEAM_C,bigint,clarity_ser
SUP_PROV_YN,varchar(65535),clarity_ser
EMPLOYED_CRNA_YN,varchar(65535),clarity_ser
IS_INTERPRETER_YN,varchar(65535),clarity_ser
DOCTORS_DEGREE,varchar(65535),clarity_ser
REVENUE_DEPT_ID,"decimal(38,9)",clarity_ser
ENC_PROV_YN,varchar(65535),clarity_ser
PHARMACIST_YN,varchar(65535),clarity_ser
LAB_FAX_NUMBER,varchar(65535),clarity_ser
PROV_PHOTO,varchar(65535),clarity_ser
USE_DEPT_VT_LIM_YN,varchar(65535),clarity_ser
VERIFYING_PERSON_ID,varchar(65535),clarity_ser
OR_VLD_DT_OFST,bigint,clarity_ser
OR_CHARGE_CODE_ID,"decimal(38,9)",clarity_ser
DIRECTORY_INFO,varchar(65535),clarity_ser
DBC_EXT_POS_ID,"decimal(38,9)",clarity_ser
RES_POOL_TYPE_C,bigint,clarity_ser
EDI_CLM_ACTIVE_YN,varchar(65535),clarity_ser
PROV_CLM_PROC_STA_C,bigint,clarity_ser
PAYEE_NUM_DEFAULT,varchar(65535),clarity_ser
SER_CLM_ID,varchar(65535),clarity_ser
MCD_PROF_CD_C,bigint,clarity_ser
OP_ORD_PROV_YN,varchar(65535),clarity_ser
IS_SUP_PROV_REQ_C,bigint,clarity_ser
PROVIDER_TYPE_C,varchar(65535),clarity_ser
EPRESCRIBING_YN,varchar(65535),clarity_ser
EP_FLAG_YN,varchar(65535),clarity_ser
SEX_C,varchar(65535),clarity_ser
ACTIVE_STATUS_C,bigint,clarity_ser
REFERRAL_SOURCE_TYPE_C,varchar(65535),clarity_ser
STAFF_RESOURCE_C,bigint,clarity_ser
REFERRAL_SRCE_TYPE_C,varchar(65535),clarity_ser
DELETE_FLAG,bigint,clarity_ser
ETL_LOAD_TS,timestamp,clarity_ser
PROV_ID,varchar(65535),clarity_ser_2
CM_PHY_OWNER_ID,varchar(65535),clarity_ser_2
CM_LOG_OWNER_ID,varchar(65535),clarity_ser_2
IP_ORD_PROV_YN,varchar(65535),clarity_ser_2
DEF_LETTER_PREF_C,bigint,clarity_ser_2
DEF_CHART_STATN_ID,varchar(65535),clarity_ser_2
HOME_CITY,varchar(65535),clarity_ser_2
HOME_STATE_C,varchar(65535),clarity_ser_2
HOME_ZIP,varchar(65535),clarity_ser_2
PREVENT_REASGN_YN,varchar(65535),clarity_ser_2
LAB_PRINTER_ID,"decimal(38,9)",clarity_ser_2
POS_DEV_TYP_C,varchar(65535),clarity_ser_2
CREATING_PATIENT_ID,varchar(65535),clarity_ser_2
REL_DT_OFST,bigint,clarity_ser_2
REL_DT_OFST_TF_C,bigint,clarity_ser_2
NON_PERSON_YN,varchar(65535),clarity_ser_2
RES_SUP_PROV_ID,varchar(65535),clarity_ser_2
DICOM_AET_DEF_ID,"decimal(38,9)",clarity_ser_2
GRP_OR_SITE_C,varchar(65535),clarity_ser_2
TPL_PROV_YN,varchar(65535),clarity_ser_2
PANEL_FACTOR,"decimal(38,9)",clarity_ser_2
PANEL_WEIGHT,"decimal(38,9)",clarity_ser_2
PANEL_STATUS_C,varchar(65535),clarity_ser_2
AUTO_GEN_OR_TEMP_YN,varchar(65535),clarity_ser_2
OVRIDE_SYS_MEAS_YN,varchar(65535),clarity_ser_2
CREATED_ON_FLY_YN,varchar(65535),clarity_ser_2
OOO_POOL_HIP_ID,"decimal(38,9)",clarity_ser_2
PREFRD_COMM_MTHD_C,bigint,clarity_ser_2
RECV_ENCREP_POOL_ID,"decimal(38,9)",clarity_ser_2
ENCREP_PROV_YN,varchar(65535),clarity_ser_2
MOD_CRT_FLMS_C,varchar(65535),clarity_ser_2
CREATING_USER_ID,varchar(65535),clarity_ser_2
SURG_AUTH_UPD_DTTM,timestamp,clarity_ser_2
RESIDENT_FOR_TRA_YN,varchar(65535),clarity_ser_2
IP_DEFAULT_TT_REL_C,varchar(65535),clarity_ser_2
INP_DISCIPLINE_ID,varchar(65535),clarity_ser_2
IGNORE_DEPT_ROUT_YN,varchar(65535),clarity_ser_2
EREFIL_MSG_POOL_ID,"decimal(38,9)",clarity_ser_2
PLACE_OF_BIRTH,varchar(65535),clarity_ser_2
PAT_AGE_FROM,bigint,clarity_ser_2
PAT_AGE_TO,bigint,clarity_ser_2
AUTO_INT_RFL_APR_YN,varchar(65535),clarity_ser_2
AUTO_INT_RFL_AMT,"decimal(38,9)",clarity_ser_2
AUTO_EXT_RFL_APR_YN,varchar(65535),clarity_ser_2
AUTO_EXT_RFL_AMT,"decimal(38,9)",clarity_ser_2
RECRUITMENT_SRC_C,bigint,clarity_ser_2
UTILIZTN_METRIC_C,varchar(65535),clarity_ser_2
UTILIZTN_COMMENT,varchar(65535),clarity_ser_2
DC_SENT_DATETIME,timestamp,clarity_ser_2
SURG_PRIMARY_SVC_C,varchar(65535),clarity_ser_2
COLL_RES_EXPR_YN,varchar(65535),clarity_ser_2
PAT_REVIEW_METRIC_C,varchar(65535),clarity_ser_2
PROV_GROUP_C,varchar(65535),clarity_ser_2
RECORD_CREATION_DT,timestamp,clarity_ser_2
REPLACEMNT_PROV_ID,varchar(65535),clarity_ser_2
ADMIN_ROLE_C,varchar(65535),clarity_ser_2
RESOURCE_TYPE_C,bigint,clarity_ser_2
RSLT_ROUT_TYPE_C,bigint,clarity_ser_2
NPI,varchar(65535),clarity_ser_2
INP_LICENSURE_C,bigint,clarity_ser_2
EPRESC_CNTRLD_YN,varchar(65535),clarity_ser_2
EPCS_ALLOW_SSN_YN,varchar(65535),clarity_ser_2
TAP_CLMS_RESRC_YN,varchar(65535),clarity_ser_2
CUR_CRED_C,bigint,clarity_ser_2
BRANCH_OF_SERVICE_C,bigint,clarity_ser_2
ASGN_MIL_UNIT_ID,"decimal(38,9)",clarity_ser_2
MILITARY_RANK_C,bigint,clarity_ser_2
ALLOW_REFER_TO_YN,varchar(65535),clarity_ser_2
SERVICE_DEFAULT_C,varchar(65535),clarity_ser_2
IS_RESIDENT_C,bigint,clarity_ser_2
REL_DT_PAST_TMPL_YN,varchar(65535),clarity_ser_2
PECOS_STATUS_YN,varchar(65535),clarity_ser_2
DBC_DFLT_RFL_SA_ID,"decimal(38,9)",clarity_ser_2
ALT_ID,varchar(65535),clarity_ser_2
UNVERIFIED_REASON_C,bigint,clarity_ser_2
A_PLACE_YN,varchar(65535),clarity_ser_2
DC_CAN_RESEND_YN,varchar(65535),clarity_ser_2
NOTE_SERVICE_DEFAULT_C,varchar(65535),clarity_ser_2
PRIMARY_DEPT_ID,"decimal(38,9)",clarity_ser_2
AUTH_ALL_LOCS_YN,varchar(65535),clarity_ser_2
GENERIC_YN,varchar(65535),clarity_ser_2
TR_SKIP_SAT_YN,varchar(65535),clarity_ser_2
TR_SKIP_SUN_YN,varchar(65535),clarity_ser_2
TR_SKIP_HOL_YN,varchar(65535),clarity_ser_2
RELEASE_TIME,timestamp,clarity_ser_2
INSTANT_OF_UPDATE_DTTM,timestamp,clarity_ser_2
PALL_CARE_PROV_YN,varchar(65535),clarity_ser_2
PROFESSIONAL_GRP_C,bigint,clarity_ser_2
DUTCH_AGB_CODE,varchar(65535),clarity_ser_2
UDS_PROV_TYPE_C,bigint,clarity_ser_2
APPT_TIME_TBD_YN,varchar(65535),clarity_ser_2
APPT_TBD_RECALC_YN,varchar(65535),clarity_ser_2
OFFICE_1_RAR_FAX,varchar(65535),clarity_ser_2
ANES_SVC_PROV_GRP_C,varchar(65535),clarity_ser_2
MIPS_EC_YN,varchar(65535),clarity_ser_2
MIPS_IMG_ENC_C,bigint,clarity_ser_2
MIPS_QM_METHOD_C,bigint,clarity_ser_2
ADT_ADMT_PROVIDER_YN,varchar(65535),clarity_ser_2
ADT_ATTN_PROVIDER_YN,varchar(65535),clarity_ser_2
PROCEDURAL_ROOM_YN,varchar(65535),clarity_ser_2
DELETE_FLAG,bigint,clarity_ser_2
ETL_LOAD_TS,timestamp,clarity_ser_2
CLAIM_ID,"decimal(38,9)",clm_diagnosis
LINE,bigint,clm_diagnosis
CM_PHY_OWNER_ID,varchar(65535),clm_diagnosis
CM_LOG_OWNER_ID,varchar(65535),clm_diagnosis
DX_ID,"decimal(38,9)",clm_diagnosis
DELETE_FLAG,bigint,clm_diagnosis
ETL_LOAD_TS,timestamp,clm_diagnosis
TX_ID,"decimal(38,9)",f_arhb_inactive_tx
IS_REVERSAL,bigint,f_arhb_inactive_tx
INACTIVE_DATE,timestamp,f_arhb_inactive_tx
CM_PHY_OWNER_ID,varchar(65535),f_arhb_inactive_tx
CM_LOG_OWNER_ID,varchar(65535),f_arhb_inactive_tx
DELETE_FLAG,bigint,f_arhb_inactive_tx
ETL_LOAD_TS,timestamp,f_arhb_inactive_tx
PAT_ENC_CSN_ID,"decimal(38,9)",f_ip_hsp_admission
HOSP_ADM_DATE,timestamp,f_ip_hsp_admission
HOSP_ADM_DTTM,timestamp,f_ip_hsp_admission
INP_ADM_DTTM,timestamp,f_ip_hsp_admission
HOSP_DISCH_DATE,timestamp,f_ip_hsp_admission
HOSP_DISCH_DTTM,timestamp,f_ip_hsp_admission
ADM_DEPT_ID,"decimal(38,9)",f_ip_hsp_admission
ADM_PROV_ID,varchar(65535),f_ip_hsp_admission
ADM_ATND_PROV_ID,varchar(65535),f_ip_hsp_admission
DISCH_DEPT_ID,"decimal(38,9)",f_ip_hsp_admission
DISCH_PROV_ID,varchar(65535),f_ip_hsp_admission
DISCH_ATND_PROV_ID,varchar(65535),f_ip_hsp_admission
FINAL_DRG_TYPE_ID,"decimal(38,9)",f_ip_hsp_admission
FINAL_DRG_ID,varchar(65535),f_ip_hsp_admission
PRIMARY_PAYOR_ID,"decimal(38,9)",f_ip_hsp_admission
PRIMARY_BENEFIT_PLAN_ID,"decimal(38,9)",f_ip_hsp_admission
HOSPITAL_SERVICE_C,varchar(65535),f_ip_hsp_admission
PAT_ID,varchar(65535),f_ip_hsp_admission
DISCH_DECEASED_BOOL,"decimal(38,9)",f_ip_hsp_admission
DISCH_LEFT_AMA_BOOL,"decimal(38,9)",f_ip_hsp_admission
ADM_TIMED_REQUIRED_COUNT,"decimal(38,9)",f_ip_hsp_admission
ADM_TIMED_RECONCILED_COUNT,"decimal(38,9)",f_ip_hsp_admission
ADM_REQUIRED_COUNT,"decimal(38,9)",f_ip_hsp_admission
ADM_RECONCILED_COUNT,"decimal(38,9)",f_ip_hsp_admission
DISCH_REQUIRED_COUNT,"decimal(38,9)",f_ip_hsp_admission
DISCH_RECONCILED_COUNT,"decimal(38,9)",f_ip_hsp_admission
LENGTH_OF_STAY,"decimal(38,9)",f_ip_hsp_admission
EXP_LENGTH_OF_STAY,"decimal(38,9)",f_ip_hsp_admission
HRS_WITHIN_ADM_HSP_PL_UPD,"decimal(38,9)",f_ip_hsp_admission
HRS_WITHIN_DISCH_PL_UPD,"decimal(38,9)",f_ip_hsp_admission
HRS_WITHIN_DISCH_PL_REV,"decimal(38,9)",f_ip_hsp_admission
CASE_MGR_PROV_ID,varchar(65535),f_ip_hsp_admission
BED_DAYS_AVOIDABLE,"decimal(38,9)",f_ip_hsp_admission
BED_DAYS_DENIED,"decimal(38,9)",f_ip_hsp_admission
BED_DAYS_TOTAL,"decimal(38,9)",f_ip_hsp_admission
SHORT_STAY_BOOL,"decimal(38,9)",f_ip_hsp_admission
PROB_REQUIRED_COUNT,"decimal(38,9)",f_ip_hsp_admission
PROB_RECONCILED_COUNT,"decimal(38,9)",f_ip_hsp_admission
INP_LENGTH_OF_STAY,"decimal(38,9)",f_ip_hsp_admission
UTILIZATION_REV_DEADLINE_HRS,"decimal(38,9)",f_ip_hsp_admission
UTILIZATION_REV_DEPT_ID,"decimal(38,9)",f_ip_hsp_admission
UTILIZATION_REV_PROV_ID,varchar(65535),f_ip_hsp_admission
UTILIZATION_REV_SECS_TO_REVIEW,"decimal(38,9)",f_ip_hsp_admission
INDEX_ADMSN_DEFINITION_GRP,"decimal(38,9)",f_ip_hsp_admission
READMIT_ADMSN_DEFINITION_GRP,"decimal(38,9)",f_ip_hsp_admission
PAT_AGE_YEARS_AT_ADMISSION,"decimal(38,9)",f_ip_hsp_admission
PAT_AGE_YEARS_AT_DISCHARGE,"decimal(38,9)",f_ip_hsp_admission
INP_ADM_DATE,timestamp,f_ip_hsp_admission
DISCHARGE_DISPOSITION_C,varchar(65535),f_ip_hsp_admission
MORTALITY_NUM_DEFINITION_GRP,"decimal(38,9)",f_ip_hsp_admission
MORTALITY_DENOM_DEFINITION_GRP,"decimal(38,9)",f_ip_hsp_admission
ROM_SOI_SOURCE_DRG_ID,varchar(65535),f_ip_hsp_admission
RISK_OF_MORTALITY_C,bigint,f_ip_hsp_admission
SEVERITY_OF_ILLNESS_C,bigint,f_ip_hsp_admission
DX_CC_PRESENCE_C,bigint,f_ip_hsp_admission
POINT_OF_ORIGIN_C,varchar(65535),f_ip_hsp_admission
FINAL_DRG_WEIGHT,"decimal(38,9)",f_ip_hsp_admission
DEATH_DATE,timestamp,f_ip_hsp_admission
NIGHTS_AVOIDABLE,"decimal(38,9)",f_ip_hsp_admission
NIGHTS_DENIED,"decimal(38,9)",f_ip_hsp_admission
MIDNIGHTS_TOTAL,"decimal(38,9)",f_ip_hsp_admission
DELETE_FLAG,bigint,f_ip_hsp_admission
ETL_LOAD_TS,timestamp,f_ip_hsp_admission
PAT_ID,varchar(65535),family_hx
PAT_ENC_DATE_REAL,double,family_hx
LINE,bigint,family_hx
CONTACT_DATE,timestamp,family_hx
END_HIST_DATE_REAL,double,family_hx
MEDICAL_HX_C,bigint,family_hx
MEDICAL_OTHER,varchar(65535),family_hx
RELATION,varchar(65535),family_hx
COMMENTS,varchar(65535),family_hx
CM_CT_OWNER_ID,varchar(65535),family_hx
PAT_ENC_CSN_ID,"decimal(38,9)",family_hx
FAM_HX_SRC_C,bigint,family_hx
HX_LNK_ENC_CSN,"decimal(38,9)",family_hx
RELATION_C,varchar(65535),family_hx
FAM_RELATION_NAME,varchar(65535),family_hx
AGE_OF_ONSET,"decimal(38,9)",family_hx
FAM_MED_REL_ID,bigint,family_hx
FAM_MEDICAL_DX_ID,"decimal(38,9)",family_hx
AGE_OF_ONSET_END,"decimal(38,9)",family_hx
DELETE_FLAG,bigint,family_hx
ETL_LOAD_TS,timestamp,family_hx
ORDER_ID,"decimal(38,9)",finalize_physician
LINE,bigint,finalize_physician
CM_PHY_OWNER_ID,varchar(65535),finalize_physician
CM_LOG_OWNER_ID,varchar(65535),finalize_physician
FINALIZE_PROV_ID,varchar(65535),finalize_physician
FINALIZING_INS_DTTM,timestamp,finalize_physician
FINALIZING_INST_UTC_DTTM,timestamp,finalize_physician
FINALIZING_INST_LOCAL_DTTM,timestamp,finalize_physician
DELETE_FLAG,bigint,finalize_physician
ETL_LOAD_TS,timestamp,finalize_physician
NOTE_ID,varchar(65535),hno_info
CM_PHY_OWNER_ID,varchar(65535),hno_info
CM_LOG_OWNER_ID,varchar(65535),hno_info
DELETED_CAT_C,bigint,hno_info
NOTE_TYPE_NOADD_C,varchar(65535),hno_info
NOTE_FORMAT_NOADD_C,varchar(65535),hno_info
DICT_IDENTIFIER,varchar(65535),hno_info
PAT_ID,varchar(65535),hno_info
PAT_ENC_CSN_ID,"decimal(38,9)",hno_info
ENTRY_USER_ID,varchar(65535),hno_info
ENTRY_DATETIME,timestamp,hno_info
NOTE_DESC,varchar(65535),hno_info
PATMSG_PAT_ID,varchar(65535),hno_info
PATMSG_EXP_DT,timestamp,hno_info
PATMSG_PRIORITY_C,varchar(65535),hno_info
PATMSG_LED_USER_ID,varchar(65535),hno_info
PATMSG_LED_DT,timestamp,hno_info
PATMSG_DISPLAY,varchar(65535),hno_info
NOTE_LET_PRNT_DTTM,timestamp,hno_info
NOTE_SOURCE_C,bigint,hno_info
DEPT_MSG_TYPE_C,bigint,hno_info
DEPT_MSG_DEPT_ID,"decimal(38,9)",hno_info
DEPT_MSG_STATUS_C,bigint,hno_info
INPATIENT_DATA_ID,varchar(65535),hno_info
IP_NOTE_TYPE_C,varchar(65535),hno_info
ORIGINAL_HP_ID,varchar(65535),hno_info
ORIG_HP_DATE_REAL,"decimal(38,9)",hno_info
SOURCE_HP_ID,varchar(65535),hno_info
SOURCE_HP_DATE_REAL,"decimal(38,9)",hno_info
ACCEPT_DATE,timestamp,hno_info
LET_PRNT_MTHD_C,bigint,hno_info
TRNSCRTN_MVD_DT,timestamp,hno_info
DEPT_SPECIALTY_C,varchar(65535),hno_info
ECG_REV_INST_DTTM,timestamp,hno_info
ECG_TECHNICIAN_ID,varchar(65535),hno_info
SENSITIVITY_STAT_C,varchar(65535),hno_info
SAVED_IN_NW_YN,varchar(65535),hno_info
DOWNTIME_ID,varchar(65535),hno_info
ADDENDUM_PARENT_CSN,"decimal(38,9)",hno_info
SCANNED_DOC_INFO,varchar(65535),hno_info
ECG_REPORT_TYPE,varchar(65535),hno_info
ECG_REVIEWED_BY,varchar(65535),hno_info
PAT_LINK_ID,varchar(65535),hno_info
AUTO_GENERATED_YN,varchar(65535),hno_info
ACCT_NOTES_EXTRA_ID,"decimal(38,9)",hno_info
CLAIM_TEST_INS_DTTM,timestamp,hno_info
LETTER_SUMMARY,varchar(65535),hno_info
REC_ARCHIVED_YN,varchar(65535),hno_info
INTF_TRANS_C,bigint,hno_info
TX_IB_FOLDER_C,"decimal(38,0)",hno_info
CREATE_INSTANT_DTTM,timestamp,hno_info
NOTEWRITER_TEMPLATE,varchar(65535),hno_info
UNSIGNED_YN,varchar(65535),hno_info
DELETE_INSTANT_DTTM,timestamp,hno_info
DELETE_USER_ID,varchar(65535),hno_info
FASTNOTE_YN,varchar(65535),hno_info
FROM_AUTOSAVE_YN,varchar(65535),hno_info
COSIGNED_NOTE_LINK,"decimal(38,9)",hno_info
DATE_OF_SERVIC_DTTM,timestamp,hno_info
SIGNED_NOTE_ID,varchar(65535),hno_info
LST_FILED_INST_DTTM,timestamp,hno_info
UPDATE_DATE,timestamp,hno_info
NOTE_MOVE_SOURCE_ID,varchar(65535),hno_info
CURRENT_AUTHOR_ID,varchar(65535),hno_info
NUM_LETTER_PARTS,bigint,hno_info
LETTER_TYPE_C,varchar(65535),hno_info
VISIT_NUM,varchar(65535),hno_info
SCANNED_NOTE_YN,varchar(65535),hno_info
CRT_INST_LOCAL_DTTM,timestamp,hno_info
DEL_INST_LOCAL_DTTM,timestamp,hno_info
NOTE_PURPOSE_C,bigint,hno_info
RTE_TRIGGER_USER_ID,varchar(65535),hno_info
RTE_TRIGRD_PAT_ID,varchar(65535),hno_info
RTE_REVIEW_VER_ID,"decimal(38,9)",hno_info
AMB_NOTE_YN,varchar(65535),hno_info
IB_RESP_USER_ID,varchar(65535),hno_info
IB_RESP_POOL_ID,"decimal(38,9)",hno_info
PREV_NOTE_TYPE_C,varchar(65535),hno_info
PREV_DOC_TYPE_C,varchar(65535),hno_info
A_COPY_YN,varchar(65535),hno_info
EXT_INTERF_ID,"decimal(38,9)",hno_info
PRIORITY_YN,varchar(65535),hno_info
ACTIVE_FROM_DT,timestamp,hno_info
ACTIVE_TO_DT,timestamp,hno_info
NOTE_ATTESTED_YN,varchar(65535),hno_info
NURS_NOTE_AUTH_NAM,varchar(65535),hno_info
MMTA_USED_YN,varchar(65535),hno_info
ADDR_VERIF_ACCT_ID,"decimal(38,9)",hno_info
NOT_FOR_PRINTING_YN,varchar(65535),hno_info
TREAT_SUM_RLS_TO_MYC_YN,varchar(65535),hno_info
TREAT_SUM_RLS_TO_MYC_CSN,"decimal(38,9)",hno_info
IS_POC_NOTE_YN,varchar(65535),hno_info
NOTE_SHARED_W_PAT_YN,varchar(65535),hno_info
COMMENT_USER_ID,varchar(65535),hno_info
COMMENT_EDIT_INST_DTTM,timestamp,hno_info
LETTER_TEMPLATE_SMARTTEXT_ID,varchar(65535),hno_info
CONVERSATION_MSG_ID,varchar(65535),hno_info
BOOK_CONFRM_PROV_ID,varchar(65535),hno_info
BOOK_CONFRM_LOC_ID,"decimal(38,9)",hno_info
BOOK_CONFRM_TXT,varchar(65535),hno_info
WORKING_COPY_YN,varchar(65535),hno_info
DELETE_FLAG,bigint,hno_info
ETL_LOAD_TS,timestamp,hno_info
PROFILE_ID,"decimal(38,9)",hsd_base_class_map
LINE,bigint,hsd_base_class_map
CM_PHY_OWNER_ID,varchar(65535),hsd_base_class_map
CM_LOG_OWNER_ID,varchar(65535),hsd_base_class_map
ACCT_CLASS_MAP_C,varchar(65535),hsd_base_class_map
BASE_CLASS_MAP_C,bigint,hsd_base_class_map
MAPPING_ACTIVE_F_YN,varchar(65535),hsd_base_class_map
DELETE_FLAG,bigint,hsd_base_class_map
ETL_LOAD_TS,timestamp,hsd_base_class_map
HSP_ACCOUNT_ID,"decimal(38,9)",hsp_account
HSP_ACCOUNT_NAME,varchar(65535),hsp_account
ACCT_BASECLS_HA_C,bigint,hsp_account
ACCT_BILLED_DATE,timestamp,hsp_account
ACCT_CLASS_HA_C,varchar(65535),hsp_account
ACCT_CLOSE_DATE,timestamp,hsp_account
ACCT_FIN_CLASS_C,varchar(65535),hsp_account
ACCT_NOTIFICTN_DT,timestamp,hsp_account
ACCT_SLFPYST_HA_C,bigint,hsp_account
ACCT_BILLSTS_HA_C,bigint,hsp_account
ACCT_TYPE_HA_C,varchar(65535),hsp_account
ACCT_ZERO_BAL_DT,timestamp,hsp_account
ASSOC_AUTHCERT_ID,"decimal(38,9)",hsp_account
ADM_DATE_TIME,timestamp,hsp_account
ADM_DEPARMENT_ID,"decimal(38,9)",hsp_account
ADM_LOC_ID,"decimal(38,9)",hsp_account
ADM_PRIORITY,varchar(65535),hsp_account
ADM_PROV_ID,varchar(65535),hsp_account
ARCHIVED_DATE,timestamp,hsp_account
ARCHIVE_ID,varchar(65535),hsp_account
ATTENDING_PROV_ID,varchar(65535),hsp_account
AUTOPSY_DONE_YN,varchar(65535),hsp_account
AUTOPSY_PROV_ID,varchar(65535),hsp_account
BAD_DEBT_AGENCY_ID,"decimal(38,9)",hsp_account
BAD_DEBT_BUCKET_ID,"decimal(38,9)",hsp_account
BILL_NOTE_EXP_DATE,timestamp,hsp_account
CLAIM_ID,"decimal(38,9)",hsp_account
CLAIM_USER_CHNG_YN,varchar(65535),hsp_account
CODE_BLUE_YNU,varchar(65535),hsp_account
COLL_GRPR_HA_C,bigint,hsp_account
COMBINE_ACCT_ID,"decimal(38,9)",hsp_account
COMBINE_COMMENT,varchar(65535),hsp_account
COMBINE_DATE_TIME,timestamp,hsp_account
COMBINE_USER_ID,varchar(65535),hsp_account
COMPLETION_DT_TM,timestamp,hsp_account
COMPLETN_STS_HA_C,bigint,hsp_account
CORONER_CASE_YN,varchar(65535),hsp_account
COVERAGE_ID,"decimal(38,9)",hsp_account
CPT_CD_NEW_INFO_YN,varchar(65535),hsp_account
CVG_LIST_SELECT_YN,varchar(65535),hsp_account
DISCH_DATE_TIME,timestamp,hsp_account
DISCH_DEPT_ID,"decimal(38,9)",hsp_account
DISCH_DESTIN_HA_C,varchar(65535),hsp_account
DISCH_LOC_ID,"decimal(38,9)",hsp_account
DISCH_TO,varchar(65535),hsp_account
DRG_EXPECTED_REIMB,"decimal(38,9)",hsp_account
ER_ADMIT_DATE_TIME,timestamp,hsp_account
ER_ADMIT_SRC_HA_C,bigint,hsp_account
ER_ADMIT_TYP_HA_C,varchar(65535),hsp_account
ER_DSCHG_DATE_TIME,timestamp,hsp_account
ER_PAT_STS_HA_C,varchar(65535),hsp_account
EXPIRATION_UNIT_ID,"decimal(38,9)",hsp_account
EXPIRD_IN_HOUSE_YN,varchar(65535),hsp_account
FINAL_DRG_ID,varchar(65535),hsp_account
FOLLOW_UP,varchar(65535),hsp_account
FRST_DET_BILL_DATE,timestamp,hsp_account
FRST_DMND_STMT_DT,timestamp,hsp_account
FRST_STMT_DATE,timestamp,hsp_account
GUAR_ADDR_1,varchar(65535),hsp_account
GUAR_ADDR_2,varchar(65535),hsp_account
GUAR_CITY,varchar(65535),hsp_account
GUAR_COUNTRY_C,varchar(65535),hsp_account
GUAR_COUNTY_C,varchar(65535),hsp_account
GUAR_DOB,timestamp,hsp_account
GUAR_HM_PHONE,varchar(65535),hsp_account
GUARANTOR_ID,"decimal(38,9)",hsp_account
GUAR_NAME,varchar(65535),hsp_account
GUAR_SEX_C,varchar(65535),hsp_account
GUAR_SSN,varchar(65535),hsp_account
GUAR_STATE_C,varchar(65535),hsp_account
GUAR_WK_PHONE,varchar(65535),hsp_account
GUAR_ZIP,varchar(65535),hsp_account
HIGH_RISK_YNU,varchar(65535),hsp_account
HOSPICE_INDICATOR,varchar(65535),hsp_account
INST_OF_UPDATE,timestamp,hsp_account
INSTRUCT_GIVEN_YNU,varchar(65535),hsp_account
IS_ACTIVE_YN,varchar(65535),hsp_account
IS_CALLED_911_YNU,varchar(65535),hsp_account
IS_COPY_FLAG,varchar(65535),hsp_account
IS_CR_BAL_FLAG,varchar(65535),hsp_account
IS_INSTI_YN,varchar(65535),hsp_account
IS_LATE_CHG_FLAG,varchar(65535),hsp_account
IS_PMTPLAN_AMT_DUE,varchar(65535),hsp_account
LAST_DET_BILL_DATE,timestamp,hsp_account
LAST_DMND_STMT_DT,timestamp,hsp_account
LAST_INTRM_BILL_DT,timestamp,hsp_account
LAST_STMT_DATE,timestamp,hsp_account
LOC_ID,"decimal(38,9)",hsp_account
MEANS_OF_ARRV_C,varchar(65535),hsp_account
NEXT_STMT_DATE,timestamp,hsp_account
NUM_OF_DET_BILLS,bigint,hsp_account
NUM_OF_DMND_STMTS,bigint,hsp_account
NUM_OF_STMTS_SENT,bigint,hsp_account
PAT_ADDR_1,varchar(65535),hsp_account
PAT_ADDR_2,varchar(65535),hsp_account
PAT_CITY,varchar(65535),hsp_account
PAT_COUNTRY_C,varchar(65535),hsp_account
PAT_COUNTY_C,varchar(65535),hsp_account
PAT_DOB,timestamp,hsp_account
PAT_HOME_PHONE,varchar(65535),hsp_account
PAT_ID,varchar(65535),hsp_account
PAT_NAME,varchar(65535),hsp_account
PAT_SEX_C,varchar(65535),hsp_account
PAT_SSN,varchar(65535),hsp_account
PAT_STATE_C,varchar(65535),hsp_account
PAT_WRK_PHN,varchar(65535),hsp_account
PAT_ZIP,varchar(65535),hsp_account
PLAN_DONE_YNU,varchar(65535),hsp_account
POLICE_INVOLVD_YNU,varchar(65535),hsp_account
POST_ADM_EXP_HA_C,bigint,hsp_account
POST_OP_EXP_HA_C,bigint,hsp_account
PREBILL_BUCKET_ID,"decimal(38,9)",hsp_account
PRIM_SVC_HA_C,varchar(65535),hsp_account
PRIOR_ADMISSION,varchar(65535),hsp_account
PSYCH_CASE_YNU,varchar(65535),hsp_account
READMISSION_INDIC,varchar(65535),hsp_account
RECORD_CREATE_DATE,timestamp,hsp_account
RECUR_PARENT_ID,"decimal(38,9)",hsp_account
RECUR_STS_HA_C,bigint,hsp_account
REFERRING_PROV_ID,varchar(65535),hsp_account
REHAB_INDICATOR,varchar(65535),hsp_account
SCNDRY_SVC_HA_C,varchar(65535),hsp_account
SELF_PAY_BUCKET_ID,"decimal(38,9)",hsp_account
SERV_AREA_ID,"decimal(38,9)",hsp_account
TAKE_HOME_DRUG_YNU,varchar(65535),hsp_account
TOT_ACCT_BAL,"decimal(38,9)",hsp_account
TOT_ADJ,"decimal(38,9)",hsp_account
TOT_CHGS,"decimal(38,9)",hsp_account
TOT_PMTS,"decimal(38,9)",hsp_account
TRANSFER_FROM,varchar(65535),hsp_account
TRANSFER_SRC_HA_C,bigint,hsp_account
TREATMENT_AUTH_NUM,varchar(65535),hsp_account
UB92_COINS_DAYS,bigint,hsp_account
UB92_COVERED_DAYS,bigint,hsp_account
UB92_LIFETIME_DAYS,bigint,hsp_account
UB92_NONCOVRD_DAYS,bigint,hsp_account
UB92_TOB_OVERRIDE,varchar(65535),hsp_account
UNDISTRB_BUCKET_ID,"decimal(38,9)",hsp_account
PATIENT_STATUS_C,varchar(65535),hsp_account
ADMISSION_SOURCE_C,varchar(65535),hsp_account
ADMISSION_TYPE_C,varchar(65535),hsp_account
PRIMARY_PAYOR_ID,"decimal(38,9)",hsp_account
PRIMARY_PLAN_ID,"decimal(38,9)",hsp_account
PATIENT_MRN,varchar(65535),hsp_account
NUM_OF_CHARGES,bigint,hsp_account
SIGN_ON_FILE_C,bigint,hsp_account
SIGN_ON_FILE_DATE,timestamp,hsp_account
EXTRACT_DATETIME,timestamp,hsp_account
PRIM_CONTACT_OVRD,varchar(65535),hsp_account
CODING_STATUS_C,bigint,hsp_account
CODING_STS_USER_ID,varchar(65535),hsp_account
CODING_DATETIME,timestamp,hsp_account
ABSTRACT_USER_ID,varchar(65535),hsp_account
OLD_RECUR_PRNT_ID,"decimal(38,9)",hsp_account
OLD_RECUR_STS_C,bigint,hsp_account
NEEDS_REPOST_YN,varchar(65535),hsp_account
CASE_MIX_GRP_CODE,varchar(65535),hsp_account
LAST_CMG_CODE,varchar(65535),hsp_account
LAST_INT_CVG_ID,"decimal(38,9)",hsp_account
BIRTH_WEIGHT,"decimal(38,9)",hsp_account
GESTATIONAL_AGE,varchar(65535),hsp_account
DISCHARGE_WEIGHT,"decimal(38,9)",hsp_account
ORGAN_DONOR_YN,varchar(65535),hsp_account
PREMATURE_BABY_YN,varchar(65535),hsp_account
CODER_INITIALS,varchar(65535),hsp_account
DNB_DATE,timestamp,hsp_account
ADMIT_CATEGORY_C,bigint,hsp_account
PRIM_ENC_CSN_ID,"decimal(38,9)",hsp_account
PRIM_ENC_DATE_REAL,double,hsp_account
IS_HOSPITALIST_YN,varchar(65535),hsp_account
ADMIT_DX_TEXT,varchar(65535),hsp_account
MOM_HSP_ACCT_ID,"decimal(38,9)",hsp_account
MOM_PATIENT_ID,varchar(65535),hsp_account
FIRST_BILLED_DATE,timestamp,hsp_account
INIT_CODING_DATE,timestamp,hsp_account
LAST_CODING_DATE,timestamp,hsp_account
EXP_TOTAL_CHG_AMT,"decimal(38,9)",hsp_account
EXP_TOTAL_CHG_CMT,varchar(65535),hsp_account
EXP_PAT_LIAB_CMT,varchar(65535),hsp_account
PRORATED_PAT_LIAB,"decimal(38,9)",hsp_account
PRORATED_PAT_BAL,"decimal(38,9)",hsp_account
EXP_NONCVD_CHG_AMT,"decimal(38,9)",hsp_account
BILL_DRG_IDTYPE_ID,"decimal(38,9)",hsp_account
BILL_DRG_MDC_VAL,varchar(65535),hsp_account
BILL_DRG_WEIGHT,varchar(65535),hsp_account
BILL_DRG_PS,bigint,hsp_account
BILL_DRG_ROM,bigint,hsp_account
BILL_DRG_SHORT_LOS,varchar(65535),hsp_account
BILL_DRG_LONG_LOS,varchar(65535),hsp_account
BILL_DRG_AMLOS,varchar(65535),hsp_account
BILL_DRG_GMLOS,varchar(65535),hsp_account
BASE_INV_NUM,varchar(65535),hsp_account
INV_NUM_SEQ_CTR,bigint,hsp_account
RESEARCH_ID,varchar(65535),hsp_account
SPECIALTY_SVC_C,bigint,hsp_account
XFER_TO_NURSE_C,bigint,hsp_account
XFER_TO_ACUTE_C,bigint,hsp_account
DEATH_TYPE_C,bigint,hsp_account
APGAR_1_MIN,bigint,hsp_account
APGAR_5_MIN,bigint,hsp_account
GRAVIDA,bigint,hsp_account
PARA,bigint,hsp_account
BIRTH_CERT_SENT_YN,varchar(65535),hsp_account
FAILED_VBAC_YN,varchar(65535),hsp_account
DELIVERY_DATE_TIME,timestamp,hsp_account
PRENATAL_PROV_ID,varchar(65535),hsp_account
DELIVER_PROV_ID,varchar(65535),hsp_account
HOLD_STATUS_C,bigint,hsp_account
GEST_AGE_BABY,bigint,hsp_account
CM_PHY_OWNER_ID,varchar(65535),hsp_account
CM_LOG_OWNER_ID,varchar(65535),hsp_account
HOM_CLARITY_FLG_YN,varchar(65535),hsp_account
ACCT_FOLLOWUP_DT,timestamp,hsp_account
DELETE_FLAG,bigint,hsp_account
ETL_LOAD_TS,timestamp,hsp_account
HSP_ACCOUNT_ID,"decimal(38,9)",hsp_acct_cpt_codes
LINE,bigint,hsp_acct_cpt_codes
CPT_CODE,varchar(65535),hsp_acct_cpt_codes
CPT_CODE_DATE,timestamp,hsp_acct_cpt_codes
CPT_PERF_PROV_ID,varchar(65535),hsp_acct_cpt_codes
CPT_EVENT_NUMBER,bigint,hsp_acct_cpt_codes
CPT_MODIFIERS,varchar(65535),hsp_acct_cpt_codes
LMRP_CODE,varchar(65535),hsp_acct_cpt_codes
CPT_CODE_DESC,varchar(65535),hsp_acct_cpt_codes
CM_PHY_OWNER_ID,varchar(65535),hsp_acct_cpt_codes
CM_LOG_OWNER_ID,varchar(65535),hsp_acct_cpt_codes
PX_APC_PMT_STS_IND,varchar(65535),hsp_acct_cpt_codes
PX_CODE_AFF_DRG_YN,varchar(65535),hsp_acct_cpt_codes
PX_APC_PMT_IND,"decimal(38,9)",hsp_acct_cpt_codes
PX_APC_WEIGHT,"decimal(38,9)",hsp_acct_cpt_codes
PX_APC_FAC_RMB_AMT,"decimal(38,9)",hsp_acct_cpt_codes
PX_OCE_EDIT_CODE,varchar(65535),hsp_acct_cpt_codes
PX_APC_CODE,varchar(65535),hsp_acct_cpt_codes
PX_HCFA_PAYMT_AMT,"decimal(38,9)",hsp_acct_cpt_codes
PX_REIMB_TYPE,varchar(65535),hsp_acct_cpt_codes
PX_COPAY_AMT,"decimal(38,9)",hsp_acct_cpt_codes
PX_PAY_RT_UNIT_AMT,"decimal(38,9)",hsp_acct_cpt_codes
PX_REV_CODE_ID,"decimal(38,9)",hsp_acct_cpt_codes
CPT_EXCLD_RPT_YN,varchar(65535),hsp_acct_cpt_codes
CPT_QUANTITY,bigint,hsp_acct_cpt_codes
CPT_POS_TYPE_C,bigint,hsp_acct_cpt_codes
DELETE_FLAG,bigint,hsp_acct_cpt_codes
ETL_LOAD_TS,timestamp,hsp_acct_cpt_codes
HSP_ACCOUNT_ID,"decimal(38,9)",hsp_acct_cvg_list
LINE,bigint,hsp_acct_cvg_list
COVERAGE_ID,"decimal(38,9)",hsp_acct_cvg_list
CM_PHY_OWNER_ID,varchar(65535),hsp_acct_cvg_list
CM_LOG_OWNER_ID,varchar(65535),hsp_acct_cvg_list
CVG_IGNR_PRIM_PAY_YN,varchar(65535),hsp_acct_cvg_list
CVG_IGNR_RSN_C,bigint,hsp_acct_cvg_list
CVG_TIMELY_FILING_DATE,timestamp,hsp_acct_cvg_list
DELETE_FLAG,bigint,hsp_acct_cvg_list
ETL_LOAD_TS,timestamp,hsp_acct_cvg_list
HSP_ACCOUNT_ID,"decimal(38,9)",hsp_acct_pat_csn
LINE,bigint,hsp_acct_pat_csn
PAT_ID,varchar(65535),hsp_acct_pat_csn
PAT_ENC_CSN_ID,"decimal(38,9)",hsp_acct_pat_csn
PAT_ENC_DATE_REAL,double,hsp_acct_pat_csn
PAT_ENC_DATE,timestamp,hsp_acct_pat_csn
CM_PHY_OWNER_ID,varchar(65535),hsp_acct_pat_csn
CM_LOG_OWNER_ID,varchar(65535),hsp_acct_pat_csn
DELETE_FLAG,bigint,hsp_acct_pat_csn
ETL_LOAD_TS,timestamp,hsp_acct_pat_csn
HSP_ACCOUNT_ID,"decimal(38,9)",hsp_acct_px_list
LINE,bigint,hsp_acct_px_list
FINAL_ICD_PX_ID,varchar(65535),hsp_acct_px_list
PROC_DATE,timestamp,hsp_acct_px_list
PROC_PERF_PROV_ID,varchar(65535),hsp_acct_px_list
PROC_EVENT_NUMBER,bigint,hsp_acct_px_list
CM_PHY_OWNER_ID,varchar(65535),hsp_acct_px_list
CM_LOG_OWNER_ID,varchar(65535),hsp_acct_px_list
PX_AFCT_ROM_YN,varchar(65535),hsp_acct_px_list
PX_EXCLD_RPT_YN,varchar(65535),hsp_acct_px_list
PX_AFCT_SOI_YN,varchar(65535),hsp_acct_px_list
AFFECTS_DRG_YN,varchar(65535),hsp_acct_px_list
INTERVENTION_TYPE_C,bigint,hsp_acct_px_list
PX_AU_PERF_LOC_C,bigint,hsp_acct_px_list
DELETE_FLAG,bigint,hsp_acct_px_list
ETL_LOAD_TS,timestamp,hsp_acct_px_list
HSP_ACCOUNT_ID,"decimal(38,9)",hsp_acct_sbo
CM_PHY_OWNER_ID,varchar(65535),hsp_acct_sbo
CM_LOG_OWNER_ID,varchar(65535),hsp_acct_sbo
SBO_TOT_BALANCE,"decimal(38,9)",hsp_acct_sbo
SBO_TOTAL_CHARGES,"decimal(38,9)",hsp_acct_sbo
SBO_TOTAL_PAYMENTS,"decimal(38,9)",hsp_acct_sbo
SBO_TOTAL_ADJ,"decimal(38,9)",hsp_acct_sbo
SBO_PREBILL_BALANC,"decimal(38,9)",hsp_acct_sbo
SBO_INS_BALANCE,"decimal(38,9)",hsp_acct_sbo
SBO_UND_BALANCE,"decimal(38,9)",hsp_acct_sbo
SBO_SP_BAL,"decimal(38,9)",hsp_acct_sbo
SBO_BAD_DEBT_BAL,"decimal(38,9)",hsp_acct_sbo
SBO_HAR_TYPE_C,bigint,hsp_acct_sbo
SBO_NULL_SRC_HAR_ID,"decimal(38,9)",hsp_acct_sbo
DELETE_FLAG,bigint,hsp_acct_sbo
ETL_LOAD_TS,timestamp,hsp_acct_sbo
PAT_ID,varchar(65535),hsp_atnd_prov
PAT_ENC_DATE_REAL,double,hsp_atnd_prov
LINE,bigint,hsp_atnd_prov
ATTEND_FROM_DATE,timestamp,hsp_atnd_prov
ATTEND_TO_DATE,timestamp,hsp_atnd_prov
PROV_ID,varchar(65535),hsp_atnd_prov
ED_ATTEND_YN,varchar(65535),hsp_atnd_prov
CM_CT_OWNER_ID,varchar(65535),hsp_atnd_prov
PAT_ENC_CSN_ID,"decimal(38,9)",hsp_atnd_prov
DELETE_FLAG,bigint,hsp_atnd_prov
ETL_LOAD_TS,timestamp,hsp_atnd_prov
CLAIM_PRINT_ID,"decimal(38,9)",hsp_clp_diagnosis
LINE,bigint,hsp_clp_diagnosis
CM_PHY_OWNER_ID,varchar(65535),hsp_clp_diagnosis
CM_LOG_OWNER_ID,varchar(65535),hsp_clp_diagnosis
DX_ID,"decimal(38,9)",hsp_clp_diagnosis
DX_POA_C,bigint,hsp_clp_diagnosis
DELETE_FLAG,bigint,hsp_clp_diagnosis
ETL_LOAD_TS,timestamp,hsp_clp_diagnosis
PAT_ID,varchar(65535),hsp_disch_diag
PAT_ENC_DATE_REAL,double,hsp_disch_diag
LINE,bigint,hsp_disch_diag
DX_ID,"decimal(38,9)",hsp_disch_diag
DISCH_DIAG_CMNT,varchar(65535),hsp_disch_diag
CM_CT_OWNER_ID,varchar(65535),hsp_disch_diag
PAT_ENC_CSN_ID,"decimal(38,9)",hsp_disch_diag
DELETE_FLAG,bigint,hsp_disch_diag
ETL_LOAD_TS,timestamp,hsp_disch_diag
TX_ID,"decimal(38,9)",hsp_transactions
HSP_ACCOUNT_ID,"decimal(38,9)",hsp_transactions
ACCT_CLASS_HA_C,varchar(65535),hsp_transactions
ACTION_STRING,varchar(65535),hsp_transactions
ALLOWED_AMOUNT,"decimal(38,9)",hsp_transactions
BILLED_AMOUNT,"decimal(38,9)",hsp_transactions
BILLING_PROV_ID,varchar(65535),hsp_transactions
BUCKET_ID,"decimal(38,9)",hsp_transactions
COINSURANCE_AMOUNT,"decimal(38,9)",hsp_transactions
COPAY_AMOUNT,"decimal(38,9)",hsp_transactions
COST_CNTR_ID,"decimal(38,9)",hsp_transactions
CPT_CODE,varchar(65535),hsp_transactions
DEDUCTIBLE_AMOUNT,"decimal(38,9)",hsp_transactions
DEPARTMENT,"decimal(38,9)",hsp_transactions
DFLT_COST_CNTR_ID,"decimal(38,9)",hsp_transactions
DFLT_FEE_SCHED_ID,"decimal(38,9)",hsp_transactions
DFLT_PROC_DESC,varchar(65535),hsp_transactions
DFLT_UB_REV_CD_ID,"decimal(38,9)",hsp_transactions
FACILITY_ID,"decimal(38,9)",hsp_transactions
FILER_NUMBER,bigint,hsp_transactions
FIN_CLASS_C,varchar(65535),hsp_transactions
GL_CREDIT_NUM,varchar(65535),hsp_transactions
GL_DEBIT_NUM,varchar(65535),hsp_transactions
INST_BILL_COMMENT,varchar(65535),hsp_transactions
INST_BILL_DOB,timestamp,hsp_transactions
INST_BILL_EMP_NUM,varchar(65535),hsp_transactions
INST_BILL_PAT_NAME,varchar(65535),hsp_transactions
INST_BILL_SEX_C,varchar(65535),hsp_transactions
INST_BILL_SSN,varchar(65535),hsp_transactions
INT_CONTROL_NUMBER,varchar(65535),hsp_transactions
IS_SYSTEM_ADJ_YN,varchar(65535),hsp_transactions
IS_CONTESTED_YN,varchar(65535),hsp_transactions
IS_HOSPITALIST_YN,varchar(65535),hsp_transactions
IS_LATE_CHARGE_YN,varchar(65535),hsp_transactions
IS_RECOUPMENT_YN,varchar(65535),hsp_transactions
LINE_NUM_IN_HTT,bigint,hsp_transactions
MODIFIERS,varchar(65535),hsp_transactions
OLD_HSP_ACCOUNT_ID,"decimal(38,9)",hsp_transactions
ORDER_ID,"decimal(38,9)",hsp_transactions
ORIG_PRICE,"decimal(38,9)",hsp_transactions
ORIG_REPOST_TX_ID,"decimal(38,9)",hsp_transactions
ORIG_REV_TX_ID,"decimal(38,9)",hsp_transactions
PAT_ENC_CSN_ID,"decimal(38,9)",hsp_transactions
PAYMENT_FROM,varchar(65535),hsp_transactions
PAYMENT_SRC_HA_C,bigint,hsp_transactions
PAYOR_ID,"decimal(38,9)",hsp_transactions
PERFORMING_PROV_ID,varchar(65535),hsp_transactions
POST_BATCH_NUM,bigint,hsp_transactions
PREV_CREDITS_ACT,"decimal(38,9)",hsp_transactions
PRIM_FEE_SCHED_ID,"decimal(38,9)",hsp_transactions
PROCEDURE_DESC,varchar(65535),hsp_transactions
PROC_ID,"decimal(38,9)",hsp_transactions
QUANTITY,"decimal(38,9)",hsp_transactions
REFERENCE_NUM,varchar(65535),hsp_transactions
REMIT_CODES,varchar(65535),hsp_transactions
UB_REV_CODE_ID,"decimal(38,9)",hsp_transactions
REVENUE_LOC_ID,"decimal(38,9)",hsp_transactions
RVU,"decimal(38,9)",hsp_transactions
SERV_AREA_ID,"decimal(38,9)",hsp_transactions
SERVICE_DATE,timestamp,hsp_transactions
SESSION_NUMBER,bigint,hsp_transactions
SHOW_HCPCS_ONUB_YN,varchar(65535),hsp_transactions
START_DATE_TIME,timestamp,hsp_transactions
STOP_DATE_TIME,timestamp,hsp_transactions
TEMP_TX_ID,"decimal(38,9)",hsp_transactions
TOTAL_CHARGES_ACT,"decimal(38,9)",hsp_transactions
TX_AMOUNT,"decimal(38,9)",hsp_transactions
TX_BATCH_NUM,bigint,hsp_transactions
TX_COMMENT,varchar(65535),hsp_transactions
TX_FILED_TIME,timestamp,hsp_transactions
TX_NUM_IN_HOSPACCT,bigint,hsp_transactions
TX_POST_DATE,timestamp,hsp_transactions
TX_SOURCE_HA_C,bigint,hsp_transactions
TX_TYPE_HA_C,bigint,hsp_transactions
TYPE_OF_SVC_HA_C,bigint,hsp_transactions
USER_ID,varchar(65535),hsp_transactions
PROC_MPI_ID,varchar(65535),hsp_transactions
XFER_LIAB_ADJ_YN,varchar(65535),hsp_transactions
CHG_CRED_ORIG_ID,"decimal(38,9)",hsp_transactions
LATE_CRCTN_ORIG_ID,"decimal(38,9)",hsp_transactions
ALLOWANCE_ADJ_YN,varchar(65535),hsp_transactions
PLACE_OF_SVC_ID,"decimal(38,9)",hsp_transactions
NON_COVERED_YN,varchar(65535),hsp_transactions
BEN_BKT_CVG_ID,"decimal(38,9)",hsp_transactions
BEN_BKT_INC_STR,varchar(65535),hsp_transactions
QUICK_PMT_TYPE_C,bigint,hsp_transactions
NON_COVERED_AMT,"decimal(38,9)",hsp_transactions
LINE_LEVEL_INFO_YN,varchar(65535),hsp_transactions
IS_REFUND_ADJ_YN,varchar(65535),hsp_transactions
CM_PHY_OWNER_ID,varchar(65535),hsp_transactions
CM_LOG_OWNER_ID,varchar(65535),hsp_transactions
INVOICE_NUM,varchar(65535),hsp_transactions
COLLECTION_AGENCY,"decimal(38,9)",hsp_transactions
PRIMARY_PLAN_ID,"decimal(38,9)",hsp_transactions
HCPCS_CODE,varchar(65535),hsp_transactions
NDC_ID,varchar(65535),hsp_transactions
HIPPS_CODE,varchar(65535),hsp_transactions
HIPPS_CODE_TYPE_C,bigint,hsp_transactions
HIPPS_CODE_DESC,varchar(65535),hsp_transactions
ADDR_NAME,varchar(65535),hsp_transactions
ADDR_LINE1,varchar(65535),hsp_transactions
ADDR_LINE2,varchar(65535),hsp_transactions
ADDR_CITY,varchar(65535),hsp_transactions
STATE_C,varchar(65535),hsp_transactions
ADDR_ZIP,varchar(65535),hsp_transactions
RFND_SND_TO_C,bigint,hsp_transactions
RFND_GUAR_ID,"decimal(38,9)",hsp_transactions
RFND_PATIENT_ID,varchar(65535),hsp_transactions
RFND_COVERAGE_ID,"decimal(38,9)",hsp_transactions
REFUND_PLAN_ID,"decimal(38,9)",hsp_transactions
CHG_ROUTER_SRC_ID,varchar(65535),hsp_transactions
RECONCILIATION_NUM,varchar(65535),hsp_transactions
RFND_CUST_PAYEE_C,varchar(65535),hsp_transactions
CE_SRC_DEP_ID,varchar(65535),hsp_transactions
CE_POST_DT,timestamp,hsp_transactions
CE_FILED_TIME,timestamp,hsp_transactions
CE_SRC_HAR_ID,"decimal(38,9)",hsp_transactions
CE_SRC_HTR_ID,"decimal(38,9)",hsp_transactions
CE_SRC_HLB_ID,"decimal(38,9)",hsp_transactions
HOM_CLARITY_FLG_YN,varchar(65535),hsp_transactions
CE_HM_OFF_TXTYP_C,bigint,hsp_transactions
CASH_ID,"decimal(38,9)",hsp_transactions
WORKSTATION_ID,varchar(65535),hsp_transactions
POS_SESSIONID,varchar(65535),hsp_transactions
POS_TXID,varchar(65535),hsp_transactions
POS_TX_LINE,"decimal(38,9)",hsp_transactions
ORIG_ETR_ID,"decimal(38,9)",hsp_transactions
PAT_SERIAL_NUM,"decimal(38,9)",hsp_transactions
EXTERN_AR_FLAG_YN,varchar(65535),hsp_transactions
ERX_ID,"decimal(38,9)",hsp_transactions
SUP_ID,varchar(65535),hsp_transactions
BAD_DEBT_FLAG_YN,varchar(65535),hsp_transactions
RVU_WORK,"decimal(38,9)",hsp_transactions
RVU_OVERHEAD,"decimal(38,9)",hsp_transactions
RVU_MLPRACT,"decimal(38,9)",hsp_transactions
PMT_RECEIPT_NO,varchar(65535),hsp_transactions
RFND_AP_DATE,timestamp,hsp_transactions
RFND_AP_STATUS_C,bigint,hsp_transactions
OPTIME_LOG_ID,varchar(65535),hsp_transactions
INI_FILE_ATTEMPT_DT,timestamp,hsp_transactions
RELATED_HTR_ID,"decimal(38,9)",hsp_transactions
INST_BILL_LNKPAT_ID,varchar(65535),hsp_transactions
IMD_ID,varchar(65535),hsp_transactions
DURATION_MINUTES,bigint,hsp_transactions
EB_PMT_HAR_RES_YN,varchar(65535),hsp_transactions
PMT_HAR_DIS_FROM_DT,timestamp,hsp_transactions
PMT_HAR_DIS_TO_DT,timestamp,hsp_transactions
OVERRIDE_XOVER_YN,varchar(65535),hsp_transactions
COMM_MOD_DISTB_H_YN,varchar(65535),hsp_transactions
COMM_MOD_HOME_AD_YN,varchar(65535),hsp_transactions
CM_SRC_HTR_DOT_ONE,varchar(65535),hsp_transactions
RESEARCH_STUDY_ID,varchar(65535),hsp_transactions
RSH_CHG_ORIG_HAR_ID,"decimal(38,9)",hsp_transactions
PAYMENT_NOT_ALLOWED,"decimal(38,9)",hsp_transactions
EB_PMT_TOTAL_AMOUNT,varchar(65535),hsp_transactions
EB_PMT_POST_TYPE_C,bigint,hsp_transactions
EB_PREPMT_POST_TP_C,bigint,hsp_transactions
PANEL_ID,"decimal(38,9)",hsp_transactions
PANEL_DT,timestamp,hsp_transactions
MEA_ID_C,bigint,hsp_transactions
PANEL_DAT,double,hsp_transactions
ELEC_PMT_APRVL_CODE,varchar(65535),hsp_transactions
ELEC_PMT_INST_TIME,timestamp,hsp_transactions
ELEC_PMT_EVM_ID,"decimal(38,9)",hsp_transactions
ELEC_PMT_CRD_BRND_C,varchar(65535),hsp_transactions
COST,"decimal(38,9)",hsp_transactions
IMPLANT_ID,varchar(65535),hsp_transactions
LINKED_HTR_ID,"decimal(38,9)",hsp_transactions
DELETE_FLAG,bigint,hsp_transactions
ETL_LOAD_TS,timestamp,hsp_transactions
TX_ID,"decimal(38,9)",hsp_tx_ndc_codes
LINE,bigint,hsp_tx_ndc_codes
CM_PHY_OWNER_ID,varchar(65535),hsp_tx_ndc_codes
CM_LOG_OWNER_ID,varchar(65535),hsp_tx_ndc_codes
NDC_CODE_RG_ID,varchar(65535),hsp_tx_ndc_codes
NDC_CODE_ADMIN_AMT,"decimal(38,0)",hsp_tx_ndc_codes
NDC_CODE_UNIT_C,bigint,hsp_tx_ndc_codes
DELETE_FLAG,bigint,hsp_tx_ndc_codes
ETL_LOAD_TS,timestamp,hsp_tx_ndc_codes
EPISODE_ID,"decimal(38,9)",ip_episode_link
LINE,bigint,ip_episode_link
STATUS,varchar(65535),ip_episode_link
SUM_BLK_TYPE_ID,"decimal(38,9)",ip_episode_link
PAT_ID,varchar(65535),ip_episode_link
PAT_ENC_DATE_REAL,double,ip_episode_link
PAT_ENC_CSN_ID,"decimal(38,9)",ip_episode_link
INP_CSN,"decimal(38,9)",ip_episode_link
INPATIENT_DATA_ID,varchar(65535),ip_episode_link
START_DATE,timestamp,ip_episode_link
END_DATE,timestamp,ip_episode_link
CARE_INTG_ID,varchar(65535),ip_episode_link
CM_PHY_OWNER_ID,varchar(65535),ip_episode_link
CM_LOG_OWNER_ID,varchar(65535),ip_episode_link
STATUS_C,bigint,ip_episode_link
UPDATE_DATE,timestamp,ip_episode_link
EPISODE_NAME,varchar(65535),ip_episode_link
PEF_LTST_INST_TKN_DTTM,timestamp,ip_episode_link
PEF_MYC_STATUS_C,bigint,ip_episode_link
DELETE_FLAG,bigint,ip_episode_link
ETL_LOAD_TS,timestamp,ip_episode_link
FSD_ID,varchar(65535),ip_flwsht_meas
LINE,bigint,ip_flwsht_meas
FLO_MEAS_ID,varchar(65535),ip_flwsht_meas
OCCURANCE,bigint,ip_flwsht_meas
RECORDED_TIME,timestamp,ip_flwsht_meas
ENTRY_TIME,timestamp,ip_flwsht_meas
TAKEN_USER_ID,varchar(65535),ip_flwsht_meas
ENTRY_USER_ID,varchar(65535),ip_flwsht_meas
MEAS_VALUE,varchar(65535),ip_flwsht_meas
MEAS_COMMENT,varchar(65535),ip_flwsht_meas
EDITED_LINE,bigint,ip_flwsht_meas
ISACCEPTED_YN,varchar(65535),ip_flwsht_meas
CM_PHY_OWNER_ID,varchar(65535),ip_flwsht_meas
CM_LOG_OWNER_ID,varchar(65535),ip_flwsht_meas
IP_SIGNIFICANT_YN,varchar(65535),ip_flwsht_meas
CAPTURE_DEVICE_ID,varchar(65535),ip_flwsht_meas
RECEIVED_INSTANT,timestamp,ip_flwsht_meas
CHART_CORR_ID,"decimal(38,9)",ip_flwsht_meas
AUTOVALIDATE_YN,varchar(65535),ip_flwsht_meas
NEEDS_COSIGN_C,bigint,ip_flwsht_meas
FLT_ID,varchar(65535),ip_flwsht_meas
FLO_DAT_USED,"decimal(38,9)",ip_flwsht_meas
MEAS_LOCATION,varchar(65535),ip_flwsht_meas
UPDATE_DATE,timestamp,ip_flwsht_meas
FLO_CNCT_DATE_REAL,"decimal(38,9)",ip_flwsht_meas
USER_PENDED_BY_ID,varchar(65535),ip_flwsht_meas
INSTANT_PENDED_DTTM,timestamp,ip_flwsht_meas
ABNORMAL_C,bigint,ip_flwsht_meas
THRDPRTY_SRC_C,bigint,ip_flwsht_meas
PAT_REPORTED_STATUS_C,bigint,ip_flwsht_meas
MYPT_ID,varchar(65535),ip_flwsht_meas
DOCUMENTATION_SOURCE_C,bigint,ip_flwsht_meas
IS_FROM_SPEECH_YN,varchar(65535),ip_flwsht_meas
ABNORMAL_TYPE_C,bigint,ip_flwsht_meas
FLO_NETWORKED_INI,varchar(65535),ip_flwsht_meas
FLO_CATEGORY_INI,varchar(65535),ip_flwsht_meas
FLO_CATEGORY_ITEM,varchar(65535),ip_flwsht_meas
FLO_CATEGORY_VALUE,varchar(65535),ip_flwsht_meas
DOC_METHOD_C,bigint,ip_flwsht_meas
MACRO_RECORD_ID,"decimal(38,9)",ip_flwsht_meas
DOCUMENTING_INPATIENT_DATA_ID,varchar(65535),ip_flwsht_meas
SPEECH_ENTERED_METHOD_C,bigint,ip_flwsht_meas
DELETE_FLAG,bigint,ip_flwsht_meas
ETL_LOAD_TS,timestamp,ip_flwsht_meas
FREQ_ID,varchar(65535),ip_frequency
FREQ_NAME,varchar(65535),ip_frequency
FREQ_TYPE,bigint,ip_frequency
APPLIES_TO,bigint,ip_frequency
NUMBER_OF_TIMES,double,ip_frequency
TIME_UNIT,bigint,ip_frequency
NOW_YN,varchar(65535),ip_frequency
PRN_YN,varchar(65535),ip_frequency
END_OF_RANGE,bigint,ip_frequency
IS_COMMON_YN,varchar(65535),ip_frequency
FREQ_PERIOD,bigint,ip_frequency
CM_PHY_OWNER_ID,varchar(65535),ip_frequency
CM_LOG_OWNER_ID,varchar(65535),ip_frequency
DUP_DOSE_INT,bigint,ip_frequency
MISSED_DOSE_INT,bigint,ip_frequency
IP_COUNT,bigint,ip_frequency
IP_COUNT_TYPE_C,bigint,ip_frequency
END_DURATION,double,ip_frequency
UNTIL_DISCONTINU_YN,varchar(65535),ip_frequency
SPEC_TYPE_C,bigint,ip_frequency
CYCLE_LENGTH,"decimal(38,9)",ip_frequency
ALLOW_CHANGE_DAY_YN,varchar(65535),ip_frequency
RECORD_STATE_C,bigint,ip_frequency
DISPLAY_NAME,varchar(65535),ip_frequency
GENERIC_FREQ_ID,varchar(65535),ip_frequency
WHEN_TIME_C,bigint,ip_frequency
PRN_PAR_LEVEL,bigint,ip_frequency
KEEP_DEF_START_T_YN,varchar(65535),ip_frequency
SEL_DO_NOT_DISP_YN,varchar(65535),ip_frequency
DELIV_DEST_DEP_ID,"decimal(38,9)",ip_frequency
PERDAY_MULTDAYS_YN,varchar(65535),ip_frequency
MAX_INTERVAL,bigint,ip_frequency
UNTIL_SPECIFIED_YN,varchar(65535),ip_frequency
MAR_RESTR_RESCH_YN,varchar(65535),ip_frequency
RESTR_MED_YN,varchar(65535),ip_frequency
TREAT_CONTINUOUS_YN,varchar(65535),ip_frequency
NOTIFICATION_GROUPING_SYSTEM_C,bigint,ip_frequency
DELETE_FLAG,bigint,ip_frequency
ETL_LOAD_TS,timestamp,ip_frequency
RES_TYPE,varchar(65535),ip_res_episode
INPATIENT_DATA_ID,varchar(65535),ip_res_episode
EPISODE_NUM,bigint,ip_res_episode
APPLICATION_NUM,bigint,ip_res_episode
EPI_START_DT,timestamp,ip_res_episode
EPI_END_DT,timestamp,ip_res_episode
EPI_LENGTH,double,ip_res_episode
CLIN_JUSTIFICATION,varchar(65535),ip_res_episode
LESS_RESTRICT,varchar(65535),ip_res_episode
CM_PHY_OWNER_ID,varchar(65535),ip_res_episode
CM_LOG_OWNER_ID,varchar(65535),ip_res_episode
DELETE_FLAG,bigint,ip_res_episode
ETL_LOAD_TS,timestamp,ip_res_episode
RECORD_ID,"decimal(38,9)",lno_lab_results
LINE,bigint,lno_lab_results
CM_PHY_OWNER_ID,varchar(65535),lno_lab_results
CM_LOG_OWNER_ID,varchar(65535),lno_lab_results
RESULT_ID,varchar(65535),lno_lab_results
TEST_ID,varchar(65535),lno_lab_results
ORDER_ID,"decimal(38,9)",lno_lab_results
SPECIMEN_ID,varchar(65535),lno_lab_results
SUSC_PREF_LINE,bigint,lno_lab_results
DELETE_FLAG,bigint,lno_lab_results
ETL_LOAD_TS,timestamp,lno_lab_results
ORDER_MED_ID,"decimal(38,9)",mar_admin_info
LINE,bigint,mar_admin_info
CM_PHY_OWNER_ID,varchar(65535),mar_admin_info
CM_LOG_OWNER_ID,varchar(65535),mar_admin_info
TAKEN_TIME,timestamp,mar_admin_info
MAR_ORIG_DUE_TM,timestamp,mar_admin_info
EDITED_LINE,bigint,mar_admin_info
SCHEDULED_TIME,timestamp,mar_admin_info
SAVED_TIME,timestamp,mar_admin_info
MAR_SCHD_DTTM,timestamp,mar_admin_info
MAR_TIME_SOURCE_C,bigint,mar_admin_info
MAR_ACTION_C,varchar(65535),mar_admin_info
MAR_ENC_CSN,"decimal(38,9)",mar_admin_info
MAR_UNIT_NUM,varchar(65535),mar_admin_info
USER_ID,varchar(65535),mar_admin_info
SEC_USER_ID,varchar(65535),mar_admin_info
MAR_DOC_USER_ID,varchar(65535),mar_admin_info
SIG,varchar(65535),mar_admin_info
ROUTE_C,bigint,mar_admin_info
COMMENTS,varchar(65535),mar_admin_info
REASON_C,bigint,mar_admin_info
SITE_C,varchar(65535),mar_admin_info
INFUSION_RATE,varchar(65535),mar_admin_info
MAR_INF_RATE_UNIT_C,bigint,mar_admin_info
DOSE_UNIT_C,bigint,mar_admin_info
MAR_DURATION,varchar(65535),mar_admin_info
MAR_DURATION_UNIT_C,bigint,mar_admin_info
DEVICE_ID,varchar(65535),mar_admin_info
DEV_RECV_TIME,timestamp,mar_admin_info
IDFY_DEV_DATA_C,bigint,mar_admin_info
MAR_IMM_LINK_ID,"decimal(38,9)",mar_admin_info
REQ_FLO_REASON_C,bigint,mar_admin_info
OVRD_LINK_STATUS_C,bigint,mar_admin_info
MAR_OVRD_LNK_USR_ID,varchar(65535),mar_admin_info
FLO_DOC_MISSING_YN,varchar(65535),mar_admin_info
CHART_CORR_ID,"decimal(38,9)",mar_admin_info
MAR_ADMIN_DEPT_ID,"decimal(38,9)",mar_admin_info
MAR_COSIGN_COMPL_YN,varchar(65535),mar_admin_info
MAR_ORD_DAT,"decimal(38,9)",mar_admin_info
SCAN_MODE_YN,varchar(65535),mar_admin_info
DUE_ACTION_C,varchar(65535),mar_admin_info
MAR_BILLING_PROV_ID,varchar(65535),mar_admin_info
PAT_SUPPLIED_YN,varchar(65535),mar_admin_info
PENDING_TYPE_C,bigint,mar_admin_info
MED_OVERRIDE_COUNT,bigint,mar_admin_info
PAT_OVERRIDE_COUNT,bigint,mar_admin_info
MED_OVRIDE_ALERT_ID,"decimal(38,9)",mar_admin_info
PAT_OVRIDE_ALERT_ID,"decimal(38,9)",mar_admin_info
PAT_SCANCOMP_C,bigint,mar_admin_info
MED_SCANCOMP_C,bigint,mar_admin_info
BCMA_PAT_SCANCOMP_C,bigint,mar_admin_info
BCMA_MED_SCANCOMP_C,bigint,mar_admin_info
MAR_BLOOD_INFO_LN,bigint,mar_admin_info
WAS_TIMELY_ADMIN_C,bigint,mar_admin_info
CLIENT_SRC_C,bigint,mar_admin_info
SUBSEQUENT_PARENT,bigint,mar_admin_info
SUBSEQUENT_CHILDREN,bigint,mar_admin_info
SUBSEQUENT_INFO_DAT,bigint,mar_admin_info
CYCLIC_RATE_PARENT_LINE,bigint,mar_admin_info
DDD_VALUE,"decimal(38,9)",mar_admin_info
MORPHINE_EQUIV_MG_DOSE,"decimal(38,9)",mar_admin_info
MORPHINE_EQUIV_MG_PER_HR_RATE,"decimal(38,9)",mar_admin_info
ORIGINAL_AMOUNT,varchar(65535),mar_admin_info
ORIGINAL_UNIT_C,bigint,mar_admin_info
MAR_ORD_CONTACT_DATE_REAL,double,mar_admin_info
CUP_IDENT,varchar(65535),mar_admin_info
CUP_SCANCOMP_C,bigint,mar_admin_info
CUP_SCAN_STATUS_C,bigint,mar_admin_info
SCHEDULED_DOSE_UNIT_C,bigint,mar_admin_info
SCHEDULED_DOSE,varchar(65535),mar_admin_info
CONCENTRATION,varchar(65535),mar_admin_info
DUR_BASED_PARENT_LINE,bigint,mar_admin_info
DUR_BASED_CHILD_LINE,bigint,mar_admin_info
CYCLIC_RATE_CHILD_LINE,bigint,mar_admin_info
SCHEDULED_AMOUNT,varchar(65535),mar_admin_info
SCHEDULED_AMOUNT_UNIT_C,bigint,mar_admin_info
CUP_OVRIDE_ALERT_ID,"decimal(38,9)",mar_admin_info
BCMA_CUP_SCANCOMP_C,bigint,mar_admin_info
MULTILINE_SIG_PERIOD,varchar(65535),mar_admin_info
MULTILINE_SIG_PART,varchar(65535),mar_admin_info
MAR_PEND_USER_ID,varchar(65535),mar_admin_info
MAR_PEND_SECOND_USER_ID,varchar(65535),mar_admin_info
TCI_CONCENTRATION,varchar(65535),mar_admin_info
TCI_CONCENTRATION_UNIT_C,bigint,mar_admin_info
TCI_MODEL_C,bigint,mar_admin_info
TCI_TARGET_C,bigint,mar_admin_info
HOLD_DUR_DOSES,bigint,mar_admin_info
HOLD_DUR_INST_DTTM,timestamp,mar_admin_info
HOLD_DUR_RETURN,bigint,mar_admin_info
MAR_PSP_IDENT,varchar(65535),mar_admin_info
PSP_SCANCOMP_C,bigint,mar_admin_info
PSP_OVRIDE_ALERT_ID,"decimal(38,9)",mar_admin_info
BCMA_PSP_SCANCOMP_C,bigint,mar_admin_info
MAR_DUAL_SIGN_SOURCE_C,bigint,mar_admin_info
PENDED_DUE_ACTION_C,varchar(65535),mar_admin_info
DUR_BASED_PARENT_ORDER_ID,"decimal(38,9)",mar_admin_info
TAKEN_UTC_DTTM,timestamp,mar_admin_info
SAVED_UTC_DTTM,timestamp,mar_admin_info
MAR_ORIG_DUE_UTC_DTTM,timestamp,mar_admin_info
AN_BCMA_MED_SCANCOMP_C,bigint,mar_admin_info
DELETE_FLAG,bigint,mar_admin_info
ETL_LOAD_TS,timestamp,mar_admin_info
NOTE_ID,varchar(65535),notes_link_ord_txn
LINE,bigint,notes_link_ord_txn
CM_PHY_OWNER_ID,varchar(65535),notes_link_ord_txn
CM_LOG_OWNER_ID,varchar(65535),notes_link_ord_txn
LINKED_ORD_ID,"decimal(38,9)",notes_link_ord_txn
DELETE_FLAG,bigint,notes_link_ord_txn
ETL_LOAD_TS,timestamp,notes_link_ord_txn
IMPLANT_ID,varchar(65535),or_imp
IMPLANT_NAME,varchar(65535),or_imp
PO_NUMBER,varchar(65535),or_imp
ABBREVIATION,varchar(65535),or_imp
IMPLANT_TYPE_C,varchar(65535),or_imp
MANUFACTURER_C,varchar(65535),or_imp
STATUS_C,bigint,or_imp
SMDA_YN,varchar(65535),or_imp
ACTIVE_YN,varchar(65535),or_imp
VENDOR_DISTRIB_C,varchar(65535),or_imp
MODEL_NUMBER,varchar(65535),or_imp
SERIAL_NUMBER,varchar(65535),or_imp
LOT_NUMBER,varchar(65535),or_imp
SITE_ID,"decimal(38,9)",or_imp
COST,"decimal(38,9)",or_imp
EXPIRATION_DATE,timestamp,or_imp
RECEIVED_DATE,timestamp,or_imp
RECPT_NOTIFY_DATE,timestamp,or_imp
RETURNED_DATE,timestamp,or_imp
RETURN_NOTIF_DATE,timestamp,or_imp
DESTROYED_DATE,timestamp,or_imp
DESTROYED_NOT_DAT,timestamp,or_imp
RECALLED_DATE,timestamp,or_imp
RECALLED_NOT_DATE,timestamp,or_imp
PAT_EXPIRY_DATE,timestamp,or_imp
PAT_EXP_NOTIF_DATE,timestamp,or_imp
MULTIPLE_USE_YN,varchar(65535),or_imp
LABELS_PRNTED_YN,varchar(65535),or_imp
INVENTORY_ITEM_ID,varchar(65535),or_imp
CHARGE_CODE,varchar(65535),or_imp
CHARGE_PER_UNIT,"decimal(38,9)",or_imp
PACEMAKER_RATE,"decimal(38,9)",or_imp
IMPLANT_AREA_C,bigint,or_imp
COST_PER_UNIT,"decimal(38,9)",or_imp
PASS_THROUGH_CODE,varchar(65535),or_imp
CHARGE_CODE_EAP_ID,"decimal(38,9)",or_imp
CM_PHY_OWNER_ID,varchar(65535),or_imp
CM_LOG_OWNER_ID,varchar(65535),or_imp
IMPLANT_SIZE,varchar(65535),or_imp
PREALLOC_REC_TYPE_C,bigint,or_imp
TISSUE_TYPE_C,bigint,or_imp
PREP_START_DTTM,timestamp,or_imp
PREP_END_DTTM,timestamp,or_imp
PREP_STAFF_ID,varchar(65535),or_imp
PREP_SOLN_LOTNUM,varchar(65535),or_imp
IMPLANT_TEMP,"decimal(38,9)",or_imp
TISSUE_ICE_C,bigint,or_imp
TISSUE_RECV_DTTM,timestamp,or_imp
IMP_RECV_STAFF_ID,varchar(65535),or_imp
TISSUE_STORAGE_TEMP,"decimal(38,9)",or_imp
TISSUE_DONOR_ID,varchar(65535),or_imp
INFECTED_DATE,timestamp,or_imp
SURG_NOTIFIED_DATE,timestamp,or_imp
TISSUE_YN,varchar(65535),or_imp
MARKUP_PERCENT,"decimal(38,9)",or_imp
CHARGEABLE_YN,varchar(65535),or_imp
PREP_SOLN_EXP_DT,timestamp,or_imp
PAT_ID,varchar(65535),or_imp
IMPLANT_LAT_C,bigint,or_imp
IMP_OUTOFSRVC_DATE,timestamp,or_imp
PACE_INITIAL_YN,varchar(65535),or_imp
PACE_POCKET_LOC_C,bigint,or_imp
TEMP_PACE_YN,varchar(65535),or_imp
PACE_PREVENTION_C,bigint,or_imp
TEMP_PACE_CHAMBER_C,bigint,or_imp
RECORD_STATUS_C,bigint,or_imp
CLINICAL_TRIAL_YN,varchar(65535),or_imp
PACKAGE_INTEGRITY_C,bigint,or_imp
RET_TO_MANUF_YN,varchar(65535),or_imp
MANUF_NUM,varchar(65535),or_imp
SUP_CAT_NUM,varchar(65535),or_imp
PREP_INSTR_SOURCE_C,bigint,or_imp
STATIC_UDI,varchar(65535),or_imp
STATIC_UDI_TYPE_C,bigint,or_imp
EXTRACT_FLAG_DTTM,timestamp,or_imp
TISSUE_AUTOLOGOU_YN,varchar(65535),or_imp
EXPLANT_DISPOSITN_C,bigint,or_imp
SKIN_SUBSTITUTE_YN,varchar(65535),or_imp
SKIN_SUB_USAGE_C,bigint,or_imp
SKIN_SUB_AREA_USED,"decimal(38,9)",or_imp
SKIN_SUB_AREA_WASTE,"decimal(38,9)",or_imp
TISSUE_STORAG_ENV_C,bigint,or_imp
TISSUE_STORAG_LOC_C,bigint,or_imp
TISSUE_INSPC_RSLT_C,bigint,or_imp
RADIOACTIVE_C,bigint,or_imp
REPLACE_EXISTING_C,bigint,or_imp
TISSUE_TRCK_BARCODE,varchar(65535),or_imp
RECD_IN_OR_DTTM,timestamp,or_imp
TISSUE_BANK_C,bigint,or_imp
TISSUE_STG_END_DTTM,timestamp,or_imp
SKIN_SUB_ORIG_LEN,"decimal(38,9)",or_imp
SKIN_SUB_ORIG_WDTH,"decimal(38,9)",or_imp
SKIN_SUB_TOTAL_AREA,"decimal(38,9)",or_imp
SKIN_SUB_FRCN_USD_C,bigint,or_imp
TISSUE_EXPANDER_VOLUME,"decimal(38,9)",or_imp
REMOVE_BY_DATE,timestamp,or_imp
IMPLANT_VOLUME,"decimal(38,9)",or_imp
IMP_VOLUME_UNIT_C,bigint,or_imp
SUPPLY_TYPE_C,varchar(65535),or_imp
EXPLANT_WARRANTY_COMPLETION_DT,timestamp,or_imp
DELETE_FLAG,bigint,or_imp
ETL_LOAD_TS,timestamp,or_imp
IMPLANT_ID,varchar(65535),or_imp_explant
LINE,bigint,or_imp_explant
EXPLANTED_DATE,timestamp,or_imp_explant
EXPLANT_LOG_ID,varchar(65535),or_imp_explant
EXPL_MANF_NOTF_DT,timestamp,or_imp_explant
DISPOSITION_C,bigint,or_imp_explant
CM_PHY_OWNER_ID,varchar(65535),or_imp_explant
CM_LOG_OWNER_ID,varchar(65535),or_imp_explant
EXPLANTED_TIME,timestamp,or_imp_explant
EXPLANT_STAFF_ID,varchar(65535),or_imp_explant
NUM_EXPLANTED,bigint,or_imp_explant
EXPLANT_LOG_REF_IDENT,varchar(65535),or_imp_explant
DELETE_FLAG,bigint,or_imp_explant
ETL_LOAD_TS,timestamp,or_imp_explant
IMPLANT_ID,varchar(65535),or_imp_implant
LINE,bigint,or_imp_implant
IMPLANTED_DATE,timestamp,or_imp_implant
IMPLANT_LOG_ID,varchar(65535),or_imp_implant
MANUF_NOTIFY_DATE,timestamp,or_imp_implant
CM_PHY_OWNER_ID,varchar(65535),or_imp_implant
CM_LOG_OWNER_ID,varchar(65535),or_imp_implant
IMPLANTED_TIME,timestamp,or_imp_implant
IMP_STAFF_ID,varchar(65535),or_imp_implant
NUM_IMPLANTED,bigint,or_imp_implant
IMPLANT_LOG_REF_IDENT,varchar(65535),or_imp_implant
DELETE_FLAG,bigint,or_imp_implant
ETL_LOAD_TS,timestamp,or_imp_implant
LOG_ID,varchar(65535),or_log
LOG_NAME,varchar(65535),or_log
SURGERY_DATE,timestamp,or_log
CASE_TYPE_C,bigint,or_log
CASE_CLASS_C,bigint,or_log
TRAUMA_CASE_YN,varchar(65535),or_log
PAT_ID,varchar(65535),or_log
PAT_AGE,bigint,or_log
PAT_TYPE_C,varchar(65535),or_log
POSTOP_CONSCIOUS_C,bigint,or_log
PREOP_CONSCIOUS_C,bigint,or_log
PREOP_BED_ID,varchar(65535),or_log
PACU_BED_ID,varchar(65535),or_log
NUM_OF_PANELS,bigint,or_log
REQUEST_PERSON,varchar(65535),or_log
TOTAL_TIME_NEEDED,bigint,or_log
REFER_PROV_ID,varchar(65535),or_log
PAT_PREOP_COND_C,bigint,or_log
PAT_POSTOP_COND_C,bigint,or_log
ASA_RATING_C,varchar(65535),or_log
DISCHARGE_TO_C,bigint,or_log
DISPOSITION_TIME,timestamp,or_log
DISCHARGED_BY_ID,varchar(65535),or_log
EXPIRED_YN,varchar(65535),or_log
EXPIRED_WHERE_C,bigint,or_log
EXPIRED_TIME,timestamp,or_log
REPORTED_TO_ID,varchar(65535),or_log
REPORTED_BY_ID,varchar(65535),or_log
X_RAYS_TAKEN_YN,varchar(65535),or_log
PREOP_XRAYS_YN,varchar(65535),or_log
PREOP_VISIT_YN,varchar(65535),or_log
LATEX_ALLERGIC_YN,varchar(65535),or_log
EST_BLOOD_LOSS,"decimal(38,9)",or_log
ROOM_ID,varchar(65535),or_log
LOC_ID,"decimal(38,9)",or_log
PRIORITY_C,bigint,or_log
ADD_ON_CASE_YN,varchar(65535),or_log
STATUS_C,bigint,or_log
SERVICE_C,varchar(65535),or_log
SCHED_START_TIME,timestamp,or_log
VOID_REASON_C,bigint,or_log
TOUCHED_BY_EOD_YN,varchar(65535),or_log
CHECKIN_INSTANT,timestamp,or_log
PATIENT_ESCORT,varchar(65535),or_log
CASE_REQUEST_ID,varchar(65535),or_log
RECORD_CREATE_DATE,timestamp,or_log
REC_CREATE_USER_ID,varchar(65535),or_log
SPECIAL_NEEDS,varchar(65535),or_log
PRE_OP_DIAG,varchar(65535),or_log
POST_OP_DX,varchar(65535),or_log
ADT_CSN,bigint,or_log
BLD_LOS_UNIT,varchar(65535),or_log
RESEARCH_IND_C,bigint,or_log
PACU1_LOC_C,bigint,or_log
REASON_OVER_C,bigint,or_log
IOP_XRAYS_YN,varchar(65535),or_log
POSTOP_DEST_C,varchar(65535),or_log
IS_CONFIDENTIAL_YN,varchar(65535),or_log
PANEL1_EXCL_HX_YN,varchar(65535),or_log
PANEL2_EXCL_HX_YN,varchar(65535),or_log
PANEL3_EXCL_HX_YN,varchar(65535),or_log
PANEL4_EXCL_HX_YN,varchar(65535),or_log
PANEL5_EXCL_HX_YN,varchar(65535),or_log
ADDENDA_COUNT,bigint,or_log
REQ_BY_PHONE,varchar(65535),or_log
PATIENT_ID_VERB_YN,varchar(65535),or_log
PAT_HAS_ID_BAND_YN,varchar(65535),or_log
PAT_BLOOD_BAND_YN,varchar(65535),or_log
BLOOD_BAND_NUMBER,varchar(65535),or_log
CONSENT_CONF_BY_ID,varchar(65535),or_log
OR_REP_TO_PACU_ID,varchar(65535),or_log
REP_GIVEN_TO_OTHER,varchar(65535),or_log
DESTINATION,varchar(65535),or_log
PROPH_AB_REQ_YN,varchar(65535),or_log
WEIGHT,"decimal(38,9)",or_log
ADMIT_SOURCE_C,varchar(65535),or_log
ADMITTING_SRVC_C,varchar(65535),or_log
ADMITTING_PHYS_ID,varchar(65535),or_log
ADMIT_BED_TYPE_C,varchar(65535),or_log
INTRAOP_DISCH_TO_C,bigint,or_log
INPATIENT_DATA_ID,varchar(65535),or_log
TOTAL_COST,"decimal(38,9)",or_log
SURGEON_COST,"decimal(38,9)",or_log
ANES_STAFF_COST,"decimal(38,9)",or_log
OR_COST,"decimal(38,9)",or_log
SURG_STAFF_COST,"decimal(38,9)",or_log
SURG_EQUIP_COST,"decimal(38,9)",or_log
ANES_EQUIP_COST,"decimal(38,9)",or_log
INSTR_COST,"decimal(38,9)",or_log
PROC_COST,"decimal(38,9)",or_log
LOCATION_COST,"decimal(38,9)",or_log
STAND_ALONE_YN,varchar(65535),or_log
VOID_COMMENTS,varchar(65535),or_log
CM_PHY_OWNER_ID,varchar(65535),or_log
CM_LOG_OWNER_ID,varchar(65535),or_log
LOG_ACCEPTED_YN,varchar(65535),or_log
PROC_LEVEL_C,bigint,or_log
PROJ_END_INSTANT,timestamp,or_log
LOG_START_INSTANT,timestamp,or_log
USER_PROJ_END_TIME,timestamp,or_log
OR_TIME_EVTS_ENT_C,bigint,or_log
PROC_NOT_PERF_C,bigint,or_log
PROC_NOT_PERF_COM,varchar(65535),or_log
LOG_TYPE_C,bigint,or_log
PHASE_TWO_BED_ID,varchar(65535),or_log
PAT_SOUND_LIKE,varchar(65535),or_log
CASE_ID,varchar(65535),or_log
IS_CLINICAL_TRL_YN,varchar(65535),or_log
BLOOD_LOSS_UNIT_C,bigint,or_log
SCHED_INSTR_EDIT_YN,varchar(65535),or_log
PAT_INSTR_EDITED_YN,varchar(65535),or_log
NURSE_NOTES_EDIT_YN,varchar(65535),or_log
POSITION_NOTES_E_YN,varchar(65535),or_log
EMERG_STATUS_YN,varchar(65535),or_log
IS_JOINT_RVSN_YN,varchar(65535),or_log
RECORD_STATUS_C,bigint,or_log
FORM_ID_COUNTER,bigint,or_log
CHRGS_AT_ADDEND_YN,varchar(65535),or_log
USING_EAP_YN,varchar(65535),or_log
PRIMARY_PHYS_ID,varchar(65535),or_log
COST_BENCHMARK_USED_SUPPLY,"decimal(38,9)",or_log
COST_BENCHMARK_USED_IMPLANT,"decimal(38,9)",or_log
DELETE_FLAG,bigint,or_log
ETL_LOAD_TS,timestamp,or_log
ITEM_ID,varchar(65535),or_sply_manfactr
LINE,bigint,or_sply_manfactr
MANUFACTURER_C,varchar(65535),or_sply_manfactr
MAN_CTLG_NUM,varchar(65535),or_sply_manfactr
MAN_PACK_PRICE,double,or_sply_manfactr
MAN_PACK_TYPE_C,varchar(65535),or_sply_manfactr
MAN_PACK_RATIO,bigint,or_sply_manfactr
CM_PHY_OWNER_ID,varchar(65535),or_sply_manfactr
CM_LOG_OWNER_ID,varchar(65535),or_sply_manfactr
DELETE_FLAG,bigint,or_sply_manfactr
ETL_LOAD_TS,timestamp,or_sply_manfactr
ORDER_MED_ID,"decimal(38,9)",order_med
PAT_ID,varchar(65535),order_med
PAT_ENC_DATE_REAL,double,order_med
PAT_ENC_CSN_ID,"decimal(38,9)",order_med
ORDERING_DATE,timestamp,order_med
ORDER_CLASS_C,varchar(65535),order_med
PHARMACY_ID,"decimal(38,9)",order_med
COSIGNER_USER_ID,varchar(65535),order_med
ORD_CREATR_USER_ID,varchar(65535),order_med
MEDICATION_ID,"decimal(38,9)",order_med
DESCRIPTION,varchar(65535),order_med
SIG,varchar(65535),order_med
DOSAGE,varchar(65535),order_med
QUANTITY,varchar(65535),order_med
REFILLS,varchar(65535),order_med
START_DATE,timestamp,order_med
END_DATE,timestamp,order_med
DISP_AS_WRITTEN_YN,varchar(65535),order_med
RSN_FOR_DISCON_C,bigint,order_med
MED_PRESC_PROV_ID,varchar(65535),order_med
NONFRM_XCPT_CD_C,bigint,order_med
PANEL_MED_ID,"decimal(38,9)",order_med
SERV_AREA_ID,"decimal(38,9)",order_med
UPDATE_DATE,timestamp,order_med
ORDER_INST,timestamp,order_med
DISPLAY_NAME,varchar(65535),order_med
AS_MEDICATION_ID,"decimal(38,9)",order_med
HV_HOSPITALIST_YN,varchar(65535),order_med
PROV_STATUS,varchar(65535),order_med
ORDER_PRIORITY_C,bigint,order_med
COSIGN_AUTH_TIME,timestamp,order_med
COSIGN_USER_ID,varchar(65535),order_med
MED_ROUTE_C,bigint,order_med
DISCON_USER_ID,varchar(65535),order_med
DISCON_TIME,timestamp,order_med
CHNG_ORDER_MED_ID,"decimal(38,9)",order_med
PEND_APPR_USER_ID,varchar(65535),order_med
PEND_APPR_FLAG,varchar(65535),order_med
PEND_REF_REAS_C,bigint,order_med
HV_DISCR_FREQ_ID,varchar(65535),order_med
HV_DISCRETE_DOSE,varchar(65535),order_med
HV_DOSE_UNIT_C,bigint,order_med
ORDERING_MODE,varchar(65535),order_med
HV_IS_SELF_ADM_YN,varchar(65535),order_med
ORDER_START_TIME,timestamp,order_med
ORDER_END_TIME,timestamp,order_med
HV_VERBAL_YN,varchar(65535),order_med
HV_VERBAL_PROV_ID,varchar(65535),order_med
HV_VBL_CSG_USER_ID,varchar(65535),order_med
HV_VBL_MSG_USER_ID,varchar(65535),order_med
VERB_CSGN_TIME,timestamp,order_med
NON_FORMULARY_YN,varchar(65535),order_med
CM_PHY_OWNER_ID,varchar(65535),order_med
CM_LOG_OWNER_ID,varchar(65535),order_med
ORDER_STATUS_C,bigint,order_med
WORKSTATION_ID,varchar(65535),order_med
AUTHRZING_PROV_ID,varchar(65535),order_med
ORD_PROV_ID,varchar(65535),order_med
RX_SESSRPT_DONE_YN,varchar(65535),order_med
MIN_DISCRETE_DOSE,"decimal(38,9)",order_med
MAX_DISCRETE_DOSE,"decimal(38,9)",order_med
DOSE_UNIT_C,bigint,order_med
IS_PENDING_ORD_YN,varchar(65535),order_med
BULK_DISP_YN,varchar(65535),order_med
PROVIDER_TYPE_C,bigint,order_med
PAT_LOC_ID,"decimal(38,9)",order_med
MODIFY_TRACK_C,varchar(65535),order_med
SPECIFIED_FIRST_TM,timestamp,order_med
SCHED_START_TM,timestamp,order_med
ACT_ORDER_C,bigint,order_med
PAT_CSN_ID,"decimal(38,9)",order_med
EXP_AFT_START_DATE,timestamp,order_med
EXP_BEF_END_DATE,timestamp,order_med
MED_COMMENTS,varchar(65535),order_med
USER_SEL_MED_ID,"decimal(38,9)",order_med
USER_SEL_ERX_DAT,timestamp,order_med
REQ_RNVERIFY_YN,varchar(65535),order_med
MDL_ID,"decimal(38,9)",order_med
LASTDOSE,varchar(65535),order_med
INFORMANT_C,bigint,order_med
AMB_MED_DISP_NAME,varchar(65535),order_med
MRU_EVAL_RXDISP_ID,"decimal(38,9)",order_med
MRCA_EVAL_RXDISP_ID,"decimal(38,9)",order_med
CALC_RATE_FRM_VD_YN,varchar(65535),order_med
WEIGHT_BASED_YN,varchar(65535),order_med
WEIGHT_REVIEW_YN,varchar(65535),order_med
ORD_TM_WEIGHT,"decimal(38,9)",order_med
ORDER_TIME_WT_INST,timestamp,order_med
REVIEW_WEIGHT,"decimal(38,9)",order_med
REVIEW_WEIGHT_INST,timestamp,order_med
REFILLS_REMAINING,"decimal(38,9)",order_med
MED_REFILL_PROV_ID,varchar(65535),order_med
OLD_ORDER_ID,"decimal(38,9)",order_med
OLD_ORDER_DAT,varchar(65535),order_med
RULE_BASED_ORD_T_YN,varchar(65535),order_med
RESUME_STATUS_C,bigint,order_med
USER_ID_OF_PROV,varchar(65535),order_med
LOGIN_DEP_ID,"decimal(38,9)",order_med
SESSION_KEY,varchar(65535),order_med
ORDERING_MODE_C,bigint,order_med
PEND_APPROVE_FLAG_C,bigint,order_med
PROV_STATUS_C,bigint,order_med
NF_POST_VERIF_YN,varchar(65535),order_med
EXT_ELG_SOURCE_ID,varchar(65535),order_med
EXT_ELG_MEMBER_ID,varchar(65535),order_med
EXT_FORMULARY_ID,varchar(65535),order_med
EXT_COVERAGE_ID,varchar(65535),order_med
EXT_COPAY_ID,varchar(65535),order_med
EXT_PHARMACY_TYPE_C,bigint,order_med
EXT_FORMULARY_STAT,varchar(65535),order_med
EXT_COV_AGE_LMT_YN,varchar(65535),order_med
EXT_COV_EXCLUS_YN,varchar(65535),order_med
EXT_COV_SEX_LMT_YN,varchar(65535),order_med
EXT_COV_MED_NCST_YN,varchar(65535),order_med
EXT_COV_PRI_AUTH_YN,varchar(65535),order_med
EXT_COV_QNTY_LMT_YN,varchar(65535),order_med
EXT_COV_LNK_DRUG_YN,varchar(65535),order_med
EXT_COV_LNK_SMRY_YN,varchar(65535),order_med
EXT_COV_STEP_MED_YN,varchar(65535),order_med
EXT_COV_STEP_THR_YN,varchar(65535),order_med
EXT_COV_TEXT_MSG_YN,varchar(65535),order_med
USR_SEL_IMS_YN,varchar(65535),order_med
INDICATION_COMMENTS,varchar(65535),order_med
DOSE_ADJ_TYPE_C,bigint,order_med
DOSE_ADJ_OVERRID_YN,varchar(65535),order_med
MAX_DOSE,"decimal(38,9)",order_med
MAX_DOSE_UNIT_C,bigint,order_med
PRN_COMMENT,varchar(65535),order_med
INST_OF_UPDATE_TM,timestamp,order_med
PEND_ACTION_C,bigint,order_med
MED_DIS_DISP_QTY,"decimal(38,9)",order_med
MED_DIS_DISP_UNIT_C,bigint,order_med
END_BEFORE_CMP_INST,timestamp,order_med
BSA_BASED_YN,varchar(65535),order_med
BSA_REVIEW_YN,varchar(65535),order_med
ORD_TM_BSA,"decimal(38,9)",order_med
REVIEW_BSA,"decimal(38,9)",order_med
LAST_DOSE_TIME,varchar(65535),order_med
DELETE_FLAG,bigint,order_med
ETL_LOAD_TS,timestamp,order_med
ORDER_PROC_ID,"decimal(38,9)",order_proc
PAT_ID,varchar(65535),order_proc
PAT_ENC_DATE_REAL,double,order_proc
PAT_ENC_CSN_ID,"decimal(38,9)",order_proc
RESULT_LAB_ID,"decimal(38,9)",order_proc
ORDERING_DATE,timestamp,order_proc
ORDER_TYPE_C,bigint,order_proc
PROC_ID,"decimal(38,9)",order_proc
PROC_CODE,varchar(65535),order_proc
DESCRIPTION,varchar(65535),order_proc
ORDER_CLASS_C,varchar(65535),order_proc
AUTHRZING_PROV_ID,varchar(65535),order_proc
ABNORMAL_YN,varchar(65535),order_proc
BILLING_PROV_ID,varchar(65535),order_proc
COSIGNER_USER_ID,varchar(65535),order_proc
ORD_CREATR_USER_ID,varchar(65535),order_proc
LAB_STATUS_C,bigint,order_proc
ORDER_STATUS_C,bigint,order_proc
MODIFIER1_ID,varchar(65535),order_proc
MODIFIER2_ID,varchar(65535),order_proc
MODIFIER3_ID,varchar(65535),order_proc
MODIFIER4_ID,varchar(65535),order_proc
QUANTITY,bigint,order_proc
REASON_FOR_CANC_C,varchar(65535),order_proc
FUTURE_OR_STAND,varchar(65535),order_proc
STANDING_EXP_DATE,timestamp,order_proc
FUT_EXPECT_COMP_DT,timestamp,order_proc
STANDING_OCCURS,bigint,order_proc
STAND_ORIG_OCCUR,bigint,order_proc
RESULT_TYPE,varchar(65535),order_proc
REFERRING_PROV_ID,varchar(65535),order_proc
REFD_TO_LOC_ID,"decimal(38,9)",order_proc
REFD_TO_SPECLTY_C,varchar(65535),order_proc
REQUESTED_SPEC_C,varchar(65535),order_proc
RFL_PRIORITY,varchar(65535),order_proc
RFL_CLASS_C,varchar(65535),order_proc
RFL_TYPE_C,varchar(65535),order_proc
RSN_FOR_RFL_C,varchar(65535),order_proc
RFL_NUM_VIS,bigint,order_proc
RFL_EXPIRE_DT,timestamp,order_proc
INTERFACE_STAT_C,bigint,order_proc
CPT_CODE,varchar(65535),order_proc
UPDATE_DATE,timestamp,order_proc
SERV_AREA_ID,"decimal(38,9)",order_proc
ABN_NOTE_ID,varchar(65535),order_proc
RADIOLOGY_STATUS_C,bigint,order_proc
INT_STUDY_C,bigint,order_proc
INT_STUDY_USER_ID,varchar(65535),order_proc
TECHNOLOGIST_ID,varchar(65535),order_proc
FILMS_USED,bigint,order_proc
FILM_SIZE_C,bigint,order_proc
NUMBER_OF_REPEATS,bigint,order_proc
DOSE,bigint,order_proc
PROC_BGN_TIME,timestamp,order_proc
PROC_END_TIME,timestamp,order_proc
RIS_TRANS_ID,varchar(65535),order_proc
ORDER_INST,timestamp,order_proc
DISPLAY_NAME,varchar(65535),order_proc
HV_HOSPITALIST_YN,varchar(65535),order_proc
PROV_STATUS,varchar(65535),order_proc
ORDER_PRIORITY_C,bigint,order_proc
CHRG_DROPPED_TIME,timestamp,order_proc
PANEL_PROC_ID,"decimal(38,9)",order_proc
COSIGNER_AUTH_TIME,timestamp,order_proc
COSIGNED_USER_ID,varchar(65535),order_proc
STAND_INTERVAL,varchar(65535),order_proc
DISCRETE_INTERVAL,varchar(65535),order_proc
INSTANTIATED_TIME,timestamp,order_proc
INSTNTOR_USER_ID,varchar(65535),order_proc
DEPT_REF_PROV_ID,"decimal(38,9)",order_proc
SPECIALTY_DEP_C,varchar(65535),order_proc
ORDERING_MODE,varchar(65535),order_proc
SPECIMEN_TYPE_C,bigint,order_proc
SPECIMEN_SOURCE_C,bigint,order_proc
ORDER_TIME,timestamp,order_proc
RESULT_TIME,timestamp,order_proc
REVIEW_TIME,timestamp,order_proc
IS_PENDING_ORD_YN,varchar(65535),order_proc
PROC_START_TIME,timestamp,order_proc
PROBLEM_LIST_ID,"decimal(38,9)",order_proc
RSLTS_INTERPRETER,varchar(65535),order_proc
PROC_ENDING_TIME,timestamp,order_proc
CM_PHY_OWNER_ID,varchar(65535),order_proc
CM_LOG_OWNER_ID,varchar(65535),order_proc
SPECIFIED_FIRST_TM,timestamp,order_proc
SCHED_START_TM,timestamp,order_proc
SESSION_KEY,varchar(65535),order_proc
PROC_PERF_DEPT_ID,"decimal(38,9)",order_proc
PROC_PERF_PROV_ID,varchar(65535),order_proc
PROC_PAT_CLASS_C,varchar(65535),order_proc
PROC_LATERALITY_C,bigint,order_proc
PROC_POSSIBLE_YN,varchar(65535),order_proc
PROC_DATE,timestamp,order_proc
LABCORP_BILL_TYPE_C,varchar(65535),order_proc
LABCORP_CLIENT_ID,varchar(65535),order_proc
LABCORP_CONTROL_NUM,bigint,order_proc
NO_CHG_RSN_C,bigint,order_proc
MRK_RSLT_MSG_IMP_YN,varchar(65535),order_proc
CHNG_ORDER_PROC_ID,"decimal(38,9)",order_proc
REC_ARCHIVED_YN,varchar(65535),order_proc
DELETE_FLAG,bigint,order_proc
ETL_LOAD_TS,timestamp,order_proc
ORDER_ID,"decimal(38,9)",order_proc_5
CM_PHY_OWNER_ID,varchar(65535),order_proc_5
CM_LOG_OWNER_ID,varchar(65535),order_proc_5
CC_TEX_RECIPIENT,varchar(65535),order_proc_5
PRIME_DEP_RECIPIENT_ID,"decimal(38,9)",order_proc_5
CC_DEP_RECIPIENT_ID,"decimal(38,9)",order_proc_5
FAST_DECISION_C,bigint,order_proc_5
FUTURE_RELATIVE_EXPECTED_DT_C,bigint,order_proc_5
FUTURE_EXPECTED_DATE_COMMENT_C,bigint,order_proc_5
FUTURE_EXPECTED_DATE_DETAILS,varchar(65535),order_proc_5
MODIFY_TRACK_C,varchar(65535),order_proc_5
POOL_WAS_MANUAL_YN,varchar(65535),order_proc_5
INCOMPLETE_CHILD_ORDERS,bigint,order_proc_5
ORDER_INST_UTC_DTTM,timestamp,order_proc_5
MINUTES_BTWN_SCHED_AND_COLL,bigint,order_proc_5
APPT_WINDOW_START_TIME,timestamp,order_proc_5
MYC_TKT_GEN_STAT_C,bigint,order_proc_5
OVERREAD_SRC_ORD_ID,"decimal(38,9)",order_proc_5
APPT_WINDOW_END_TIME,timestamp,order_proc_5
PROC_ESTIMATE_ID,"decimal(38,9)",order_proc_5
SHOULD_GENERATE_PAT_EST_YN,varchar(65535),order_proc_5
OSVA_SRV_TYPE_C,bigint,order_proc_5
OSVA_CAN_ARCHIVE_YN,varchar(65535),order_proc_5
OSVA_CAN_VIEW_C,bigint,order_proc_5
OSVA_START_DATE,timestamp,order_proc_5
OSVA_END_DATE,timestamp,order_proc_5
FINANCIAL_CLEARANCE_STATUS_C,bigint,order_proc_5
FINANCIAL_CLEARANCE_UTC_DTTM,timestamp,order_proc_5
REC_FROM_OUTSIDE_C,bigint,order_proc_5
SENDING_ORG_ID,"decimal(38,9)",order_proc_5
FNDAVTR_DOC_INFO_ID,varchar(65535),order_proc_5
FNDAVTR_INREPORT_YN,varchar(65535),order_proc_5
IMG_PUBLIC_RSLT_DTTM,timestamp,order_proc_5
IMG_EXAM_PAT_CLASS_C,varchar(65535),order_proc_5
ORDER_RECEIVED_DTTM,timestamp,order_proc_5
OUTSOURCED_SVC_AUTHORIZED_AMT,"decimal(38,9)",order_proc_5
OUTSOURCED_SVC_PROV_NAME,varchar(65535),order_proc_5
OUTSOURCED_SVC_PROV_ADDRESS,varchar(65535),order_proc_5
ACTV_EXCLUDE_FROM_CDS_REASON_C,bigint,order_proc_5
ACTV_EXCLUDE_FROM_CDS_UTC_DTTM,timestamp,order_proc_5
ACTV_EXCLUDE_FROM_CDS_DTTM,timestamp,order_proc_5
LEAVE_TYPE_C,bigint,order_proc_5
LEAVE_START_DATE,timestamp,order_proc_5
LEAVE_END_DATE,timestamp,order_proc_5
LEAVE_DURATION,bigint,order_proc_5
LEAVE_LIGHTDUTY_YN,varchar(65535),order_proc_5
LEAVE_LIGHTDUTY_START_DATE,timestamp,order_proc_5
LEAVE_LIGHTDUTY_END_DATE,timestamp,order_proc_5
LEAVE_LIGHTDUTY_DURATION,bigint,order_proc_5
LEAVE_EXCUSED_ACTIVITIES_YN,varchar(65535),order_proc_5
LEAVE_EXCUSED_START_DATE,timestamp,order_proc_5
LEAVE_EXCUSED_END_DATE,timestamp,order_proc_5
LEAVE_EXCUSED_DURATION,bigint,order_proc_5
LEAVE_EXCUSED_COMMENTS,varchar(65535),order_proc_5
DELIVERY_REQUEST_ORDER_ID,"decimal(38,9)",order_proc_5
DELIVERY_REQUEST_AMOUNT,bigint,order_proc_5
ORIGINATING_ORD_ID,"decimal(38,9)",order_proc_5
PROC_CHANGED_YN,varchar(65535),order_proc_5
ACTIVE_PROC_TYPE_C,bigint,order_proc_5
DELIVERY_REQUEST_UNIT_C,bigint,order_proc_5
BILL_AREA_ID,"decimal(38,9)",order_proc_5
LINK_ECONSULT_ENC_CSN,"decimal(38,9)",order_proc_5
ADT_ORDER_TYPE_C,bigint,order_proc_5
SOURCE_ORG_ID,"decimal(38,9)",order_proc_5
BI_PRELIM_OUTCOME_C,bigint,order_proc_5
PARENT_ORD_INST_DTTM,timestamp,order_proc_5
RAD_EXAM_END_UTC_DTTM,timestamp,order_proc_5
LUNG_CANCER_HX_YN,varchar(65535),order_proc_5
PAT_AGE_AT_EXAM,bigint,order_proc_5
PRIORITIZED_UTC_DTTM,timestamp,order_proc_5
RESULT_UPDATE_UTC_DTTM,timestamp,order_proc_5
CREATED_BY_APPT_REQUEST_ID,"decimal(38,9)",order_proc_5
ORD_REFLEX_SCHEDEVENT_C,bigint,order_proc_5
IS_ORD_RES_NET_YN,varchar(65535),order_proc_5
PROC_SVC_TYPE_CODE_C,bigint,order_proc_5
PERFORMED_IN_ISO_YN,varchar(65535),order_proc_5
RFL_FORMALITY_C,bigint,order_proc_5
RFL_REQUESTING_AUTHORITY_C,bigint,order_proc_5
RFL_FIRST_APPOINTMENT_BY_DATE,timestamp,order_proc_5
RFL_LIVING_SITUATION_C,bigint,order_proc_5
RFL_CHILD_SERVICE_C,bigint,order_proc_5
RFL_PARENTAL_RESP_C,bigint,order_proc_5
RFL_CONSENT_TO_TREAT_STAT_C,bigint,order_proc_5
RFL_CASE_WORKER_NAME,varchar(65535),order_proc_5
LUNG_OUTCOME_C,bigint,order_proc_5
MAM_INDICATION_C,bigint,order_proc_5
ORD_END_DATE_REAL,double,order_proc_5
HAS_LAB_SPEC_YN,varchar(65535),order_proc_5
HAS_RSLT_CNCT_YN,varchar(65535),order_proc_5
HAS_CORR_YN,varchar(65535),order_proc_5
LAB_REDRAW_REASON_C,bigint,order_proc_5
PANEL_RELEASE_DTTM,timestamp,order_proc_5
PANEL_RELEASE_UTC_DTTM,timestamp,order_proc_5
LAST_RSLT_LAB_ID,"decimal(38,9)",order_proc_5
PROC_COND_GRP_C,bigint,order_proc_5
PROTCL_STAT_UTC_DTTM,timestamp,order_proc_5
MAM_TECH_IMG_DOC_REV_DTTM,timestamp,order_proc_5
MAM_TECH_IMG_DOC_REV_USER_ID,varchar(65535),order_proc_5
NMD_3_MAM_INDICATION_C,bigint,order_proc_5
DELETE_FLAG,bigint,order_proc_5
ETL_LOAD_TS,timestamp,order_proc_5
ORDER_PROC_ID,"decimal(38,9)",order_rad_acc_num
LINE,bigint,order_rad_acc_num
CM_LOG_OWNER_ID,varchar(65535),order_rad_acc_num
CM_PHY_OWNER_ID,varchar(65535),order_rad_acc_num
ACC_NUM,varchar(65535),order_rad_acc_num
SPECIMEN_APP_IDN,varchar(65535),order_rad_acc_num
DELETE_FLAG,bigint,order_rad_acc_num
ETL_LOAD_TS,timestamp,order_rad_acc_num
ORDER_PROC_ID,"decimal(38,9)",order_results
LINE,bigint,order_results
ORD_DATE_REAL,"decimal(38,9)",order_results
ORD_END_DATE_REAL,double,order_results
RESULT_DATE,timestamp,order_results
COMPONENT_ID,"decimal(38,9)",order_results
PAT_ID,varchar(65535),order_results
PAT_ENC_DATE_REAL,double,order_results
PAT_ENC_CSN_ID,"decimal(38,9)",order_results
ORD_VALUE,varchar(65535),order_results
ORD_NUM_VALUE,double,order_results
RESULT_FLAG_C,varchar(65535),order_results
REFERENCE_LOW,varchar(65535),order_results
REFERENCE_HIGH,varchar(65535),order_results
REFERENCE_UNIT,varchar(65535),order_results
RESULT_STATUS_C,bigint,order_results
RESULT_SUB_IDN,varchar(65535),order_results
LAB_STATUS_C,bigint,order_results
INTERFACE_YN,varchar(65535),order_results
SERV_AREA_ID,"decimal(38,9)",order_results
RESULT_TIME,timestamp,order_results
RESULTING_LAB_ID,"decimal(38,9)",order_results
CM_CT_OWNER_ID,varchar(65535),order_results
COMPONENT_COMMENT,varchar(65535),order_results
RESULT_IN_RANGE_YN,varchar(65535),order_results
REF_NORMAL_VALS,varchar(65535),order_results
LRR_BASED_ORGAN_ID,"decimal(38,9)",order_results
COMP_RES_TECHNICIA,varchar(65535),order_results
DATA_TYPE_C,bigint,order_results
VALUE_NORMALIZED,varchar(65535),order_results
NUMERIC_PRECISION,"decimal(38,9)",order_results
COMP_OBS_INST_TM,timestamp,order_results
COMP_ANL_INST_TM,timestamp,order_results
RESULT_VAL_START_LN,bigint,order_results
RESULT_VAL_END_LN,bigint,order_results
RESULT_CMT_START_LN,bigint,order_results
RESULT_CMT_END_LN,bigint,order_results
ORD_RAW_VALUE,varchar(65535),order_results
RAW_LOW,varchar(65535),order_results
RAW_HIGH,varchar(65535),order_results
RAW_REF_VALS,varchar(65535),order_results
RSLT_REPORTABLE_YN,varchar(65535),order_results
COMPONENT_TYPE_C,bigint,order_results
ORGANISM_QUANTITY,varchar(65535),order_results
ORGANISM_QUANTITY_UNIT,varchar(65535),order_results
COMPON_LNC_ID,"decimal(38,9)",order_results
COMPON_LNC_SRC_C,bigint,order_results
COMP_SNOMED_SRC_C,bigint,order_results
REF_UNIT_UOM_ID,"decimal(38,9)",order_results
VERIFY_USER_ID,varchar(65535),order_results
REF_RANGE_TYPE,varchar(65535),order_results
ORGANISM_SNOMED_CT,varchar(65535),order_results
ORGANISM_QUANTITY_SNOMED_CT,varchar(65535),order_results
PERFORMING_ORG_INFO_LINE,bigint,order_results
COMPON_EXCL_CDS_YN,varchar(65535),order_results
COMPON_NETWORK_CONCEPT_IDENT,varchar(65535),order_results
RTF_VAL_START_LINE,bigint,order_results
RTF_VAL_END_LINE,bigint,order_results
RTF_CMT_START_LINE,bigint,order_results
RTF_CMT_END_LINE,bigint,order_results
RSLT_ACCR_FLAG_YN,varchar(65535),order_results
SIGNATURE_START_LN,bigint,order_results
SIGNATURE_END_LN,bigint,order_results
RES_INSTR_CONCEPT_IDENT,varchar(65535),order_results
RESULT_TREND_C,bigint,order_results
RESULT_TREND_UTC_DTTM,timestamp,order_results
RESULT_TREND_NAME,varchar(65535),order_results
CULT_GWTH_CNCP_IDENT,varchar(65535),order_results
DELETE_FLAG,bigint,order_results
ETL_LOAD_TS,timestamp,order_results
PAT_ID,varchar(65535),pat_enc
PAT_ENC_DATE_REAL,double,pat_enc
PAT_ENC_CSN_ID,"decimal(38,9)",pat_enc
CONTACT_DATE,timestamp,pat_enc
ENC_TYPE_C,varchar(65535),pat_enc
ENC_TYPE_TITLE,varchar(65535),pat_enc
AGE,double,pat_enc
PCP_PROV_ID,varchar(65535),pat_enc
FIN_CLASS_C,varchar(65535),pat_enc
VISIT_PROV_ID,varchar(65535),pat_enc
VISIT_PROV_TITLE,varchar(65535),pat_enc
DEPARTMENT_ID,"decimal(38,9)",pat_enc
BP_SYSTOLIC,double,pat_enc
BP_DIASTOLIC,double,pat_enc
TEMPERATURE,double,pat_enc
PULSE,bigint,pat_enc
WEIGHT,double,pat_enc
HEIGHT,varchar(65535),pat_enc
RESPIRATIONS,bigint,pat_enc
LMP_DATE,timestamp,pat_enc
LMP_OTHER_C,bigint,pat_enc
HEAD_CIRCUMFERENCE,double,pat_enc
ENC_CLOSED_YN,varchar(65535),pat_enc
ENC_CLOSED_USER_ID,varchar(65535),pat_enc
ENC_CLOSE_DATE,timestamp,pat_enc
LOS_PRIME_PROC_ID,"decimal(38,9)",pat_enc
LOS_PROC_CODE,varchar(65535),pat_enc
LOS_MODIFIER1_ID,varchar(65535),pat_enc
LOS_MODIFIER2_ID,varchar(65535),pat_enc
LOS_MODIFIER3_ID,varchar(65535),pat_enc
LOS_MODIFIER4_ID,varchar(65535),pat_enc
CHKIN_INDICATOR_C,bigint,pat_enc
CHKIN_INDICATOR_DT,timestamp,pat_enc
APPT_STATUS_C,bigint,pat_enc
APPT_BLOCK_C,varchar(65535),pat_enc
APPT_TIME,timestamp,pat_enc
APPT_LENGTH,bigint,pat_enc
APPT_MADE_DATE,timestamp,pat_enc
APPT_PRC_ID,varchar(65535),pat_enc
CHECKIN_TIME,timestamp,pat_enc
CHECKOUT_TIME,timestamp,pat_enc
ARVL_LST_DL_TIME,timestamp,pat_enc
ARVL_LST_DL_USR_ID,varchar(65535),pat_enc
APPT_ENTRY_USER_ID,varchar(65535),pat_enc
APPT_CANC_USER_ID,varchar(65535),pat_enc
APPT_CANCEL_DATE,timestamp,pat_enc
CHECKIN_USER_ID,varchar(65535),pat_enc
CANCEL_REASON_C,bigint,pat_enc
APPT_SERIAL_NO,"decimal(38,9)",pat_enc
HOSP_ADMSN_TIME,timestamp,pat_enc
HOSP_DISCHRG_TIME,timestamp,pat_enc
HOSP_ADMSN_TYPE_C,varchar(65535),pat_enc
NONCVRED_SERVICE_YN,varchar(65535),pat_enc
REFERRAL_REQ_YN,varchar(65535),pat_enc
REFERRAL_ID,"decimal(38,9)",pat_enc
ACCOUNT_ID,"decimal(38,9)",pat_enc
COVERAGE_ID,"decimal(38,9)",pat_enc
AR_EPISODE_ID,varchar(65535),pat_enc
CLAIM_ID,"decimal(38,9)",pat_enc
PRIMARY_LOC_ID,"decimal(38,9)",pat_enc
CHARGE_SLIP_NUMBER,varchar(65535),pat_enc
VISIT_EPM_ID,"decimal(38,9)",pat_enc
VISIT_EPP_ID,"decimal(38,9)",pat_enc
VISIT_FC,varchar(65535),pat_enc
COPAY_DUE,"decimal(38,9)",pat_enc
COPAY_COLLECTED,"decimal(38,9)",pat_enc
COPAY_SOURCE_C,bigint,pat_enc
COPAY_TYPE_C,bigint,pat_enc
COPAY_REF_NUM,varchar(65535),pat_enc
COPAY_PMT_EXPL_C,bigint,pat_enc
UPDATE_DATE,timestamp,pat_enc
SERV_AREA_ID,"decimal(38,9)",pat_enc
HSP_ACCOUNT_ID,"decimal(38,9)",pat_enc
ADM_FOR_SURG_YN,varchar(65535),pat_enc
SURGICAL_SVC_C,varchar(65535),pat_enc
INPATIENT_DATA_ID,varchar(65535),pat_enc
IP_EPISODE_ID,"decimal(38,9)",pat_enc
APPT_QNR_ANS_ID,varchar(65535),pat_enc
ATTND_PROV_ID,varchar(65535),pat_enc
ORDERING_PROV_TEXT,varchar(65535),pat_enc
ES_ORDER_STATUS_C,bigint,pat_enc
EXTERNAL_VISIT_ID,varchar(65535),pat_enc
CONTACT_COMMENT,varchar(65535),pat_enc
OUTGOING_CALL_YN,varchar(65535),pat_enc
DATA_ENTRY_PERSON,varchar(65535),pat_enc
IS_WALK_IN_YN,varchar(65535),pat_enc
CM_CT_OWNER_ID,varchar(65535),pat_enc
REFERRAL_SOURCE_ID,varchar(65535),pat_enc
SIGN_IN_TIME,timestamp,pat_enc
SIGN_IN_USER_ID,varchar(65535),pat_enc
APPT_TARGET_DATE,timestamp,pat_enc
WC_TPL_VISIT_C,bigint,pat_enc
ROUTE_SUM_PRNT_YN,varchar(65535),pat_enc
CONSENT_TYPE_C,bigint,pat_enc
PHONE_REM_STAT_C,bigint,pat_enc
APPT_CONF_STAT_C,bigint,pat_enc
APPT_CONF_PERS,varchar(65535),pat_enc
APPT_CONF_INST,timestamp,pat_enc
CANCEL_REASON_CMT,varchar(65535),pat_enc
ORDERING_PROV_ID,varchar(65535),pat_enc
BMI,"decimal(38,9)",pat_enc
BSA,"decimal(38,9)",pat_enc
AVS_PRINT_TM,timestamp,pat_enc
AVS_FIRST_USER_ID,varchar(65535),pat_enc
ENC_MED_FRZ_RSN_C,bigint,pat_enc
WC_TPL_VISIT_CMT,varchar(65535),pat_enc
HOSP_LICENSE_C,bigint,pat_enc
ACCREDITATION_C,bigint,pat_enc
CERTIFICATION_C,bigint,pat_enc
ENTITY_C,bigint,pat_enc
EFFECTIVE_DATE_DT,timestamp,pat_enc
DISCHARGE_DATE_DT,timestamp,pat_enc
EFFECTIVE_DEPT_ID,"decimal(38,9)",pat_enc
TOBACCO_USE_VRFY_YN,varchar(65535),pat_enc
PHON_CALL_YN,varchar(65535),pat_enc
PHON_NUM_APPT,varchar(65535),pat_enc
ENC_CLOSE_TIME,timestamp,pat_enc
COPAY_PD_THRU,bigint,pat_enc
INTERPRETER_NEED_YN,varchar(65535),pat_enc
VST_SPECIAL_NEEDS_C,bigint,pat_enc
INTRP_ASSIGNMENT_C,bigint,pat_enc
ASGND_INTERP_TYPE_C,bigint,pat_enc
INTERPRETER_VEND_C,bigint,pat_enc
INTERPRETER_NAME,varchar(65535),pat_enc
CHECK_IN_KIOSK_ID,varchar(65535),pat_enc
BENEFIT_PACKAGE_ID,"decimal(38,9)",pat_enc
BENEFIT_COMP_ID,varchar(65535),pat_enc
BEN_ADJ_TABLE_ID,"decimal(38,9)",pat_enc
BEN_ADJ_FORMULA_ID,"decimal(38,9)",pat_enc
BEN_ENG_SP_AMT,"decimal(38,9)",pat_enc
BEN_ADJ_COPAY_AMT,"decimal(38,9)",pat_enc
BEN_ADJ_METHOD_C,bigint,pat_enc
DOWNTIME_CSN,"decimal(38,9)",pat_enc
ENTRY_TIME,timestamp,pat_enc
ENC_CREATE_USER_ID,varchar(65535),pat_enc
ENC_INSTANT,timestamp,pat_enc
ED_ARRIVAL_KIOSK_ID,varchar(65535),pat_enc
EFFECTIVE_DATE_DTTM,timestamp,pat_enc
CALCULATED_ENC_STAT_C,bigint,pat_enc
APPT_CONF_USER_ID,varchar(65535),pat_enc
APPT_CANC_UTC_DTTM,timestamp,pat_enc
APPT_CANC_DTTM,timestamp,pat_enc
DELETE_FLAG,bigint,pat_enc
ETL_LOAD_TS,timestamp,pat_enc
PAT_ENC_CSN_ID,"decimal(38,9)",pat_enc_2
PAT_ID,varchar(65535),pat_enc_2
PAT_ENC_DATE_REAL,double,pat_enc_2
CONTACT_DATE,timestamp,pat_enc_2
CM_CT_OWNER_ID,varchar(65535),pat_enc_2
MERGE_CT_PRV_EXT_ID,varchar(65535),pat_enc_2
CHECK_IN_NO_VISI_YN,varchar(65535),pat_enc_2
COPAY_COINS_FLAG,varchar(65535),pat_enc_2
CAN_LET_C,"decimal(38,9)",pat_enc_2
REQ_CHRT_PULL_TM,timestamp,pat_enc_2
SUP_PROV_ID,varchar(65535),pat_enc_2
SUP_PROV_C,varchar(65535),pat_enc_2
SUP_PROV_REV_TM,timestamp,pat_enc_2
MEDS_REQUEST_PHR_ID,"decimal(38,9)",pat_enc_2
MEDS_REQUEST_LWS_ID,varchar(65535),pat_enc_2
MEDS_REQUEST_OP_C,bigint,pat_enc_2
PHYS_BP,varchar(65535),pat_enc_2
VITALS_TAKEN_TM,timestamp,pat_enc_2
PHYS_TEMP_SRC_C,varchar(65535),pat_enc_2
PAT_PAIN_SCORE_C,varchar(65535),pat_enc_2
PAT_PAIN_LOC_C,varchar(65535),pat_enc_2
PAT_PAIN_EDU_YN,varchar(65535),pat_enc_2
PAT_PAIN_CMT,varchar(65535),pat_enc_2
PAT_PAIN_SCALE_CAT,varchar(65535),pat_enc_2
SMOKING_STATUS_C,bigint,pat_enc_2
PHYS_SPO2,bigint,pat_enc_2
SYS_GEN_LOS_ID,"decimal(38,9)",pat_enc_2
REF_SRC_ADD_ID,varchar(65535),pat_enc_2
DOC_HX_SOURCE_C,bigint,pat_enc_2
APPT_LET_C,"decimal(38,9)",pat_enc_2
PARENT_ENC_CSN_ID,"decimal(38,9)",pat_enc_2
SYNC_IP_DATA_C,bigint,pat_enc_2
APPTMT_LET_INST,timestamp,pat_enc_2
RESULT_LET_INST,timestamp,pat_enc_2
ENC_FORM_INST,timestamp,pat_enc_2
RESCHED_LET_INST,timestamp,pat_enc_2
FOLLOW_LET_INST,timestamp,pat_enc_2
PHYS_PEAK_FLOW,bigint,pat_enc_2
ENC_SPEC_C,varchar(65535),pat_enc_2
INPATIENT_FLAG,varchar(65535),pat_enc_2
SCHED_FROM_KIOSK_ID,varchar(65535),pat_enc_2
CHECK_OUT_KIOSK_ID,varchar(65535),pat_enc_2
LD_STATUS_YN,varchar(65535),pat_enc_2
ADT_PAT_CLASS_C,varchar(65535),pat_enc_2
OTHER_BLOCK_ID,"decimal(38,9)",pat_enc_2
OTHER_BLOCK_TYPE_C,bigint,pat_enc_2
FRST_CLIN_ACSS_DTTM,timestamp,pat_enc_2
ORIG_ENC_TYPE_C,varchar(65535),pat_enc_2
BILL_NUM,varchar(65535),pat_enc_2
COMM_USER_CONTEXT_C,varchar(65535),pat_enc_2
IP_DOC_CONTACT_CSN,"decimal(38,9)",pat_enc_2
TEMP_PT_HIS_C,bigint,pat_enc_2
REF_SRC_ADD_PROV_ID,varchar(65535),pat_enc_2
PRIMARY_PROCONT_ID,varchar(65535),pat_enc_2
PRIMARY_TEAM_ID,"decimal(38,9)",pat_enc_2
RESEARCH_STUDY_ID,varchar(65535),pat_enc_2
MCIR_VACCINE_CODE_C,bigint,pat_enc_2
VISIT_POS_ID,"decimal(38,9)",pat_enc_2
NO_INTERP_RSN_C,bigint,pat_enc_2
CVG_ADD_DT,timestamp,pat_enc_2
CHTS_TO_PULL_SEL_YN,varchar(65535),pat_enc_2
FARM_WORKER_C,bigint,pat_enc_2
KIOSK_HH_QUEST_ID,varchar(65535),pat_enc_2
KIOSK_ACCOMPANY_C,varchar(65535),pat_enc_2
ENC_VERIFICATION_ID,"decimal(38,9)",pat_enc_2
D_ENC_CHGS_DRPD_YN,varchar(65535),pat_enc_2
HSP_ACCT_ADVISOR_YN,varchar(65535),pat_enc_2
HSP_ACT_ADV_USER_ID,varchar(65535),pat_enc_2
HSP_ACCT_ADV_DTTM,timestamp,pat_enc_2
VISIT_VERIFIED_YN,varchar(65535),pat_enc_2
VERIF_VISIT_DT,timestamp,pat_enc_2
VERIF_DATE_INIT_DT,timestamp,pat_enc_2
VERIF_USER_ID,varchar(65535),pat_enc_2
ENC_LACT_STAT_C,bigint,pat_enc_2
PAT_LACT_CMNT,varchar(65535),pat_enc_2
COSIGNER_USER_ID,varchar(65535),pat_enc_2
COSIGN_MSG_ID,varchar(65535),pat_enc_2
COSIGN_REV_INS_DTTM,timestamp,pat_enc_2
CHART_FORMS_SET_ID,"decimal(38,9)",pat_enc_2
SCAN_CONTACT_INFO,varchar(65535),pat_enc_2
PAR_DICT_COUNTER,bigint,pat_enc_2
IS_LOS_UPDATE_C,bigint,pat_enc_2
PRIMARY_DX_NAME,varchar(65535),pat_enc_2
FORM_ID_COUNTER,bigint,pat_enc_2
CONSNT_REV_USER_ID,varchar(65535),pat_enc_2
VISIT_PAYOR_ID,"decimal(38,9)",pat_enc_2
VISIT_PLAN_ID,"decimal(38,9)",pat_enc_2
SOCIO_SRC_C,bigint,pat_enc_2
TEL_ENC_MSG_RGRDING,varchar(65535),pat_enc_2
ENC_AR_INT_STAT_C,bigint,pat_enc_2
MSG_PRIORITY_C,bigint,pat_enc_2
RESEARCH_ENC_FLG_C,bigint,pat_enc_2
FAM_SPOUSE_NAME,varchar(65535),pat_enc_2
MSG_CALLER_NAME,varchar(65535),pat_enc_2
CONSENT_EXP_DATE,timestamp,pat_enc_2
CV_ACC4_PAT_RESP_YN,varchar(65535),pat_enc_2
FAMILY_MEM_PREFIX_C,bigint,pat_enc_2
AVS_REFUSED_DTTM,timestamp,pat_enc_2
AVS_LAST_PRINT_DTTM,timestamp,pat_enc_2
MED_LIST_UPDATE_DTTM,timestamp,pat_enc_2
AVS_REFUSED_DT_DTTM,timestamp,pat_enc_2
DELETE_FLAG,bigint,pat_enc_2
ETL_LOAD_TS,timestamp,pat_enc_2
PAT_ID,varchar(65535),pat_enc_appt
PAT_ENC_DATE_REAL,double,pat_enc_appt
PAT_ENC_CSN_ID,"decimal(38,9)",pat_enc_appt
LINE,bigint,pat_enc_appt
CONTACT_DATE,timestamp,pat_enc_appt
DEPARTMENT_ID,"decimal(38,9)",pat_enc_appt
DEPT_NAME,varchar(65535),pat_enc_appt
PROV_ID,varchar(65535),pat_enc_appt
PROV_START_TIME,timestamp,pat_enc_appt
PROV_LENGTH,bigint,pat_enc_appt
APPT_OVERBOOKED_YN,varchar(65535),pat_enc_appt
APPT_OVERRIDE_YN,varchar(65535),pat_enc_appt
APPT_UNAVAILBLE_YN,varchar(65535),pat_enc_appt
CM_CT_OWNER_ID,varchar(65535),pat_enc_appt
SHAD_MAIN_PROV_ID,varchar(65535),pat_enc_appt
APPT_PROV_INTRP_C,bigint,pat_enc_appt
APPT_RESRC_TYPE_ID,"decimal(38,9)",pat_enc_appt
APPT_RESRC_ASGN_C,bigint,pat_enc_appt
APPT_PROV_POOL_ID,varchar(65535),pat_enc_appt
DIRECT_OVERBOOK_YN,varchar(65535),pat_enc_appt
APPT_PROV_POOL_LINE,bigint,pat_enc_appt
POOL_INIT_POOL_LN,bigint,pat_enc_appt
POOL_AUTO_POOL_LN,bigint,pat_enc_appt
POOL_MAX_POOL_LN,bigint,pat_enc_appt
POOL_EXPAND_COUNT,bigint,pat_enc_appt
APPT_PROV_POOL_TIER,bigint,pat_enc_appt
POOL_MAX_TIER,bigint,pat_enc_appt
APPT_PROV_PRIMARY_SPECIALTY_C,varchar(65535),pat_enc_appt
DELETE_FLAG,bigint,pat_enc_appt
ETL_LOAD_TS,timestamp,pat_enc_appt
PAT_ENC_CSN_ID,"decimal(38,9)",pat_enc_appt_dx
LINE,bigint,pat_enc_appt_dx
PAT_ID,varchar(65535),pat_enc_appt_dx
PAT_ENC_DATE_REAL,double,pat_enc_appt_dx
CONTACT_DATE,timestamp,pat_enc_appt_dx
CM_CT_OWNER_ID,varchar(65535),pat_enc_appt_dx
DX_ID,"decimal(38,9)",pat_enc_appt_dx
DELETE_FLAG,bigint,pat_enc_appt_dx
ETL_LOAD_TS,timestamp,pat_enc_appt_dx
PAT_ID,varchar(65535),pat_enc_dx
PAT_ENC_DATE_REAL,double,pat_enc_dx
LINE,bigint,pat_enc_dx
CONTACT_DATE,timestamp,pat_enc_dx
PAT_ENC_CSN_ID,"decimal(38,9)",pat_enc_dx
DX_ID,"decimal(38,9)",pat_enc_dx
ICD9_CODE,varchar(65535),pat_enc_dx
ANNOTATION,varchar(65535),pat_enc_dx
DX_QUALIFIER_C,varchar(65535),pat_enc_dx
PRIMARY_DX_YN,varchar(65535),pat_enc_dx
COMMENTS,varchar(65535),pat_enc_dx
CM_CT_OWNER_ID,varchar(65535),pat_enc_dx
DX_CHRONIC_YN,varchar(65535),pat_enc_dx
ENC_ICD_CODE,varchar(65535),pat_enc_dx
DX_STAGE_ID,"decimal(38,9)",pat_enc_dx
UPDATE_DATE,timestamp,pat_enc_dx
DX_UNIQUE,varchar(65535),pat_enc_dx
DX_ED_YN,varchar(65535),pat_enc_dx
DX_LINK_PROB_ID,"decimal(38,9)",pat_enc_dx
DELETE_FLAG,bigint,pat_enc_dx
ETL_LOAD_TS,timestamp,pat_enc_dx
PAT_ENC_CSN_ID,"decimal(38,9)",pat_enc_form_ans
LINE,bigint,pat_enc_form_ans
PAT_ID,varchar(65535),pat_enc_form_ans
PAT_ENC_DATE_REAL,double,pat_enc_form_ans
CONTACT_DATE,timestamp,pat_enc_form_ans
CM_CT_OWNER_ID,varchar(65535),pat_enc_form_ans
QF_LQF_ID,varchar(65535),pat_enc_form_ans
QF_HQA_ID,varchar(65535),pat_enc_form_ans
QF_TYPE_C,bigint,pat_enc_form_ans
QF_EMP_ID,varchar(65535),pat_enc_form_ans
QF_ROLE_C,varchar(65535),pat_enc_form_ans
QF_SER_ID,varchar(65535),pat_enc_form_ans
QF_SER_TYPE_C,varchar(65535),pat_enc_form_ans
QF_COSIGN_EMP_ID,varchar(65535),pat_enc_form_ans
QF_COSIGN_ROLE_C,varchar(65535),pat_enc_form_ans
QF_COSIGN_SER_ID,varchar(65535),pat_enc_form_ans
QF_COSGN_SER_TYP_C,varchar(65535),pat_enc_form_ans
QF_PREV_ADDNM_ID,varchar(65535),pat_enc_form_ans
QF_NEXT_ADDNM_ID,varchar(65535),pat_enc_form_ans
QF_HNO_CSN,"decimal(38,9)",pat_enc_form_ans
QF_STATUS_C,bigint,pat_enc_form_ans
QF_STT_CHNG_EMP_ID,varchar(65535),pat_enc_form_ans
QF_STAT_CHNG_INST,timestamp,pat_enc_form_ans
DELETE_FLAG,bigint,pat_enc_form_ans
ETL_LOAD_TS,timestamp,pat_enc_form_ans
PAT_ID,varchar(65535),pat_enc_hsp
PAT_ENC_DATE_REAL,double,pat_enc_hsp
PAT_ENC_CSN_ID,"decimal(38,9)",pat_enc_hsp
ADT_CONTACT,bigint,pat_enc_hsp
ADT_INITIAL,varchar(65535),pat_enc_hsp
ADT_PAT_CLASS_C,varchar(65535),pat_enc_hsp
ADT_BILLING_TYPE_C,bigint,pat_enc_hsp
ADT_PATIENT_STAT_C,bigint,pat_enc_hsp
LEVEL_OF_CARE_C,varchar(65535),pat_enc_hsp
PENDING_DISCH_TIME,timestamp,pat_enc_hsp
DISCH_CODE_C,varchar(65535),pat_enc_hsp
ADT_ATHCRT_STAT_C,bigint,pat_enc_hsp
ADT_LAST_RVW_DT,timestamp,pat_enc_hsp
ADT_NEXT_RVW_DT,timestamp,pat_enc_hsp
PREADM_UNDO_RSN_C,bigint,pat_enc_hsp
EXP_ADMISSION_TIME,timestamp,pat_enc_hsp
EXP_LEN_OF_STAY,bigint,pat_enc_hsp
EXP_DISCHARGE_DATE,timestamp,pat_enc_hsp
ADMIT_CATEGORY_C,bigint,pat_enc_hsp
ADMIT_SOURCE_C,varchar(65535),pat_enc_hsp
TYPE_OF_ROOM_C,varchar(65535),pat_enc_hsp
RSN_FOR_ROOM_C,bigint,pat_enc_hsp
TYPE_OF_BED_C,varchar(65535),pat_enc_hsp
RSN_FOR_BED_C,varchar(65535),pat_enc_hsp
BELONG_CLAIM_NO,varchar(65535),pat_enc_hsp
BELONG_RECV_TIME,timestamp,pat_enc_hsp
BELONG_RECV_PERS,varchar(65535),pat_enc_hsp
BELONG_LOCATION,varchar(65535),pat_enc_hsp
DELIVERY_TYPE_C,varchar(65535),pat_enc_hsp
LABOR_STATUS_C,bigint,pat_enc_hsp
ER_INJURY,varchar(65535),pat_enc_hsp
ADT_ARRIVAL_TIME,timestamp,pat_enc_hsp
ADT_ARRIVAL_STS_C,bigint,pat_enc_hsp
HOSP_ADMSN_TIME,timestamp,pat_enc_hsp
ADMIT_CONF_STAT_C,bigint,pat_enc_hsp
HOSP_DISCH_TIME,timestamp,pat_enc_hsp
DISCH_CONF_STAT_C,bigint,pat_enc_hsp
DISCHARGE_PROV_ID,varchar(65535),pat_enc_hsp
ADMISSION_PROV_ID,varchar(65535),pat_enc_hsp
HOSP_ADMSN_TYPE_C,varchar(65535),pat_enc_hsp
DEPARTMENT_ID,"decimal(38,9)",pat_enc_hsp
ADT_SERV_AREA_ID,"decimal(38,9)",pat_enc_hsp
ROOM_ID,varchar(65535),pat_enc_hsp
BED_ID,varchar(65535),pat_enc_hsp
HOSP_SERV_C,varchar(65535),pat_enc_hsp
MEANS_OF_DEPART_C,bigint,pat_enc_hsp
DISCH_DISP_C,varchar(65535),pat_enc_hsp
DISCH_DEST_C,varchar(65535),pat_enc_hsp
TRANSFER_FROM_C,bigint,pat_enc_hsp
PAT_CONTACT_MPI_NO,varchar(65535),pat_enc_hsp
HSP_ACCOUNT_ID,"decimal(38,9)",pat_enc_hsp
MEANS_OF_ARRV_C,varchar(65535),pat_enc_hsp
BILL_NUM_TYPE_C,bigint,pat_enc_hsp
BILL_NUM,varchar(65535),pat_enc_hsp
RELIG_AFFIL_YN,varchar(65535),pat_enc_hsp
ACUITY_LEVEL_C,varchar(65535),pat_enc_hsp
PAT_ESCORTED_BY_C,bigint,pat_enc_hsp
HOSPIST_NEEDED_YN,varchar(65535),pat_enc_hsp
ACCOMMODATION_C,varchar(65535),pat_enc_hsp
ACCOM_REASON_C,bigint,pat_enc_hsp
ADM_EVENT_ID,"decimal(38,9)",pat_enc_hsp
DIS_EVENT_ID,"decimal(38,9)",pat_enc_hsp
INPATIENT_DATA_ID,varchar(65535),pat_enc_hsp
IP_EPISODE_ID,"decimal(38,9)",pat_enc_hsp
PVT_HSP_ENC_C,bigint,pat_enc_hsp
CONTACT_DATE,timestamp,pat_enc_hsp
ED_EPISODE_ID,"decimal(38,9)",pat_enc_hsp
ED_DISPOSITION_C,varchar(65535),pat_enc_hsp
ED_DISP_TIME,timestamp,pat_enc_hsp
FOLLOWUP_PROV_ID,varchar(65535),pat_enc_hsp
PROV_CONT_INFO,varchar(65535),pat_enc_hsp
ED_AREA_OF_CARE_ID,"decimal(38,9)",pat_enc_hsp
CM_CT_OWNER_ID,varchar(65535),pat_enc_hsp
OSHPD_ADMSN_SRC_C,bigint,pat_enc_hsp
OSHPD_LICENSURE_C,bigint,pat_enc_hsp
OSHPD_ROUTE_C,bigint,pat_enc_hsp
INP_ADM_DATE,timestamp,pat_enc_hsp
COPY_TO_PCP_YN,varchar(65535),pat_enc_hsp
ADOPTION_CASE_YN,varchar(65535),pat_enc_hsp
PREOP_TEACHING_C,bigint,pat_enc_hsp
PREOP_PRN_EVAL_C,bigint,pat_enc_hsp
PREOP_PH_SCREEN_C,bigint,pat_enc_hsp
LABOR_ACT_BIRTH_C,bigint,pat_enc_hsp
LABOR_FEED_TYPE_C,bigint,pat_enc_hsp
ER_BADGE_NUMBER,varchar(65535),pat_enc_hsp
PROC_SERV_C,bigint,pat_enc_hsp
CANCEL_USER_ID,varchar(65535),pat_enc_hsp
ED_DEPARTURE_TIME,timestamp,pat_enc_hsp
TRIAGE_DATETIME,timestamp,pat_enc_hsp
TRIAGE_STATUS_C,bigint,pat_enc_hsp
BELONG_REL_PERS,varchar(65535),pat_enc_hsp
BELONG_REL_DATE,timestamp,pat_enc_hsp
BELONG_STORE_LOC_C,bigint,pat_enc_hsp
EDDISP_EDIT_USER_ID,varchar(65535),pat_enc_hsp
EDDISP_EDIT_INST,timestamp,pat_enc_hsp
INP_ADM_EVENT_ID,"decimal(38,9)",pat_enc_hsp
INP_ADM_EVENT_DATE,timestamp,pat_enc_hsp
INP_DWNGRD_EVNT_ID,"decimal(38,9)",pat_enc_hsp
INP_DWNGRD_DATE,timestamp,pat_enc_hsp
INP_DWNGRD_EVNT_DT,timestamp,pat_enc_hsp
OP_ADM_DATE,timestamp,pat_enc_hsp
EMER_ADM_DATE,timestamp,pat_enc_hsp
OP_ADM_EVENT_ID,"decimal(38,9)",pat_enc_hsp
EMER_ADM_EVENT_ID,"decimal(38,9)",pat_enc_hsp
PREREG_SOURCE_C,bigint,pat_enc_hsp
HOV_CONF_STATUS_C,bigint,pat_enc_hsp
RELIG_NEEDS_VISIT_C,bigint,pat_enc_hsp
INSTANT_OF_ENTRY_TM,timestamp,pat_enc_hsp
DISCHARGE_CAT_C,bigint,pat_enc_hsp
EXP_DISCHARGE_TIME,timestamp,pat_enc_hsp
BILL_ATTEND_PROV_ID,varchar(65535),pat_enc_hsp
OB_LD_LABORING_YN,varchar(65535),pat_enc_hsp
OB_LD_LABOR_TM,timestamp,pat_enc_hsp
TRIAGE_ID_TAG,varchar(65535),pat_enc_hsp
ED_FU_EDIT_USER_ID,varchar(65535),pat_enc_hsp
ED_FU_EDIT_INST,timestamp,pat_enc_hsp
TRIAGE_ID_TAG_CMT,varchar(65535),pat_enc_hsp
REFERRING_DEPT_ID,"decimal(38,9)",pat_enc_hsp
TPLNT_BILL_STAT_C,bigint,pat_enc_hsp
ACTL_DELIVRY_METH_C,varchar(65535),pat_enc_hsp
PRENATAL_CARE_C,bigint,pat_enc_hsp
AMBULANCE_CODE_C,bigint,pat_enc_hsp
MSE_DATE,timestamp,pat_enc_hsp
ADMIT_PROV_TEXT,varchar(65535),pat_enc_hsp
ATTEND_PROV_TEXT,varchar(65535),pat_enc_hsp
PROV_PRIM_TEXT,varchar(65535),pat_enc_hsp
PROV_PRIM_TEXT_PHON,varchar(65535),pat_enc_hsp
HOSPITAL_AREA_ID,"decimal(38,9)",pat_enc_hsp
ADMIT_ADDR_ID,varchar(65535),pat_enc_hsp
CHIEF_COMPLAINT_C,varchar(65535),pat_enc_hsp
NEED_FIN_CLR_YN,varchar(65535),pat_enc_hsp
MU_HOSP_ADMSN_TIME,timestamp,pat_enc_hsp
DELETE_FLAG,bigint,pat_enc_hsp
ETL_LOAD_TS,timestamp,pat_enc_hsp
PAT_ENC_CSN_ID,"decimal(38,9)",pat_enc_hsp_2
PAT_ID,varchar(65535),pat_enc_hsp_2
PAT_ENC_DATE_REAL,double,pat_enc_hsp_2
CONTACT_DATE,timestamp,pat_enc_hsp_2
CM_CT_OWNER_ID,varchar(65535),pat_enc_hsp_2
EX_DIS_DT_ENTR_DTTM,timestamp,pat_enc_hsp_2
EX_DIS_TM_ENTR_DTTM,timestamp,pat_enc_hsp_2
CONTRACT_REG_FLAG,varchar(65535),pat_enc_hsp_2
CONTRACT_CODE_C,bigint,pat_enc_hsp_2
ACCEPTS_BLOOD_C,bigint,pat_enc_hsp_2
ED_ARRIVAL_DETAILS,varchar(65535),pat_enc_hsp_2
CONS_SEDATION_C,varchar(65535),pat_enc_hsp_2
RESTRAINT_SECLUS_C,varchar(65535),pat_enc_hsp_2
HSPTL_ATTND_PROV_ID,varchar(65535),pat_enc_hsp_2
HOSP_ADMSN_STATUS_C,varchar(65535),pat_enc_hsp_2
MULTI_PREG_YN,varchar(65535),pat_enc_hsp_2
DISASTER_NUM,varchar(65535),pat_enc_hsp_2
EXP_DIS_USER_ID,varchar(65535),pat_enc_hsp_2
LEGACY_ADT_ENC_YN,varchar(65535),pat_enc_hsp_2
SRC_PATTERN_CSN_ID,"decimal(38,9)",pat_enc_hsp_2
MU_ADV_DIR_FLO_YN,varchar(65535),pat_enc_hsp_2
POLICE_BADGE_NUM,varchar(65535),pat_enc_hsp_2
POLICE_REPORT_NUM,varchar(65535),pat_enc_hsp_2
POLICE_PRECINCT_NUM,varchar(65535),pat_enc_hsp_2
RELIG_AFFIL_VIS_C,bigint,pat_enc_hsp_2
ADM_SRC_POS_ID,"decimal(38,9)",pat_enc_hsp_2
DIS_DEST_POS_ID,"decimal(38,9)",pat_enc_hsp_2
SURVEY_OPT_OUT_YN,varchar(65535),pat_enc_hsp_2
ENC_CLOSED_OR_COMPLETED_DATE,timestamp,pat_enc_hsp_2
BEDSIDE_ACTIVATION_DTTM,timestamp,pat_enc_hsp_2
KI_ED_ARR_DTTM,timestamp,pat_enc_hsp_2
ED_DISPO_PAT_COND_C,bigint,pat_enc_hsp_2
ADOPTION_TYPE_C,bigint,pat_enc_hsp_2
PRI_PROBLEM_ID,"decimal(38,9)",pat_enc_hsp_2
EXPECTED_DISCHRG_APPROX_TIME_C,bigint,pat_enc_hsp_2
HSP_ADM_EVENT_ID,"decimal(38,9)",pat_enc_hsp_2
HSP_DIS_EVENT_ID,"decimal(38,9)",pat_enc_hsp_2
DISCH_MILEST_KICKOFF_UTC_DTTM,timestamp,pat_enc_hsp_2
DISCH_MILEST_KICKOFF_USER_ID,varchar(65535),pat_enc_hsp_2
DISCH_MILEST_AUTO_MANAGED_YN,varchar(65535),pat_enc_hsp_2
PREDICTED_LOS,"decimal(38,9)",pat_enc_hsp_2
EXP_LOS_UPD_SRC_C,bigint,pat_enc_hsp_2
BEDSIDE_ACTIVATION_LOC_DTTM,timestamp,pat_enc_hsp_2
ED_ENC_SRC_C,bigint,pat_enc_hsp_2
ED_DEPART_UTC_DTTM,timestamp,pat_enc_hsp_2
ADT_ARRIVAL_UTC_DTTM,timestamp,pat_enc_hsp_2
HOSP_DISCH_UTC_DTTM,timestamp,pat_enc_hsp_2
HOSP_ADMSN_UTC_DTTM,timestamp,pat_enc_hsp_2
INP_ADMSN_UTC_DTTM,timestamp,pat_enc_hsp_2
ED_HISTORICAL_YN,varchar(65535),pat_enc_hsp_2
MED_REM_ON_ADMSN_YN,varchar(65535),pat_enc_hsp_2
BEDSIDE_TV_ACTIVATION_UTC_DTTM,timestamp,pat_enc_hsp_2
BEDSIDE_TV_ACTIVATION_LOC_DTTM,timestamp,pat_enc_hsp_2
PATIENT_TASK_COMPLETION_RATE,bigint,pat_enc_hsp_2
START_MED_REM_DISCHG_YN,varchar(65535),pat_enc_hsp_2
EXPECTED_DISCHARGE_UNKNOWN_YN,varchar(65535),pat_enc_hsp_2
DUAL_ADMISSION_CSN,"decimal(38,9)",pat_enc_hsp_2
LOA_PAT_ENC_CSN_ID,"decimal(38,9)",pat_enc_hsp_2
INITIAL_ADT_PAT_STAT_C,bigint,pat_enc_hsp_2
NOTIFICATION_SENT_FIRST_IP_YN,varchar(65535),pat_enc_hsp_2
NOTIFICATION_SENT_OBS_ADMSN_YN,varchar(65535),pat_enc_hsp_2
IB_ALERT_LENGTH_OF_STAY_MSG_ID,varchar(65535),pat_enc_hsp_2
INITIAL_ADMIT_CONF_STAT_C,bigint,pat_enc_hsp_2
TRANSFER_COMMENTS,varchar(65535),pat_enc_hsp_2
MED_READINESS_DTTM,timestamp,pat_enc_hsp_2
MED_READINESS_TIMEFRAM_C,bigint,pat_enc_hsp_2
MED_READINESS_YN,varchar(65535),pat_enc_hsp_2
MED_READINESS_INST_ENTRY_DTTM,timestamp,pat_enc_hsp_2
MED_READINESS_USER_ID,varchar(65535),pat_enc_hsp_2
MED_READINESS_SOURCE_C,bigint,pat_enc_hsp_2
EXPECTED_DISCH_DISP_C,bigint,pat_enc_hsp_2
EXP_DISCH_DISP_USER_ID,varchar(65535),pat_enc_hsp_2
EXP_DISCH_DISP_ENTRY_UTC_DTTM,timestamp,pat_enc_hsp_2
PRIMARY_LINKED_PAT_ENC_CSN_ID,"decimal(38,9)",pat_enc_hsp_2
BEDSIDE_WB_ACTIVATE_UTC_DTTM,timestamp,pat_enc_hsp_2
BEDSIDE_WB_ACTIVATE_LOCAL_DTTM,timestamp,pat_enc_hsp_2
DELETE_FLAG,bigint,pat_enc_hsp_2
ETL_LOAD_TS,timestamp,pat_enc_hsp_2
PAT_ID,varchar(65535),pat_merge_history
LINE,bigint,pat_merge_history
CM_PHY_OWNER_ID,varchar(65535),pat_merge_history
CM_LOG_OWNER_ID,varchar(65535),pat_merge_history
PATIENT_MRG_HIST,varchar(65535),pat_merge_history
DELETE_FLAG,bigint,pat_merge_history
ETL_LOAD_TS,timestamp,pat_merge_history
PAT_ENC_CSN_ID,"decimal(38,9)",pat_or_adm_link
PAT_ID,varchar(65535),pat_or_adm_link
PAT_ENC_DATE_REAL,double,pat_or_adm_link
CM_CT_OWNER_ID,varchar(65535),pat_or_adm_link
OR_LINK_CSN,"decimal(38,9)",pat_or_adm_link
OR_LINK_INP_ID,varchar(65535),pat_or_adm_link
OR_SHARE_PERIOP_YN,varchar(65535),pat_or_adm_link
OR_SUM_BLOCKS_ID,"decimal(38,9)",pat_or_adm_link
OR_SRC_VISIT_CSN,"decimal(38,9)",pat_or_adm_link
OR_CASELOG_ID,varchar(65535),pat_or_adm_link
UPDATE_DATE,timestamp,pat_or_adm_link
OR_MED_REV_HSB_ID,"decimal(38,9)",pat_or_adm_link
CASE_ID,varchar(65535),pat_or_adm_link
LOG_ID,varchar(65535),pat_or_adm_link
PXPASS_ID,"decimal(38,9)",pat_or_adm_link
DELETE_FLAG,bigint,pat_or_adm_link
ETL_LOAD_TS,timestamp,pat_or_adm_link
PAT_ID,varchar(65535),pat_problem_list
LINE,bigint,pat_problem_list
CM_PHY_OWNER_ID,varchar(65535),pat_problem_list
CM_LOG_OWNER_ID,varchar(65535),pat_problem_list
PROBLEM_LIST_ID,"decimal(38,9)",pat_problem_list
DELETE_FLAG,bigint,pat_problem_list
ETL_LOAD_TS,timestamp,pat_problem_list
PAT_ID,varchar(65535),patient
PAT_NAME,varchar(65535),patient
ADD_LINE_1,varchar(65535),patient
ADD_LINE_2,varchar(65535),patient
CITY,varchar(65535),patient
STATE_C,varchar(65535),patient
COUNTY_C,varchar(65535),patient
COUNTRY_C,varchar(65535),patient
ZIP,varchar(65535),patient
HOME_PHONE,varchar(65535),patient
WORK_PHONE,varchar(65535),patient
EMAIL_ADDRESS,varchar(65535),patient
RESTRICTED_YN,varchar(65535),patient
PAT_STATUS,varchar(65535),patient
BIRTH_DATE,timestamp,patient
SEX,varchar(65535),patient
ETHNIC_GROUP_C,bigint,patient
MARITAL_STATUS_C,bigint,patient
RELIGION_C,bigint,patient
LANGUAGE_C,varchar(65535),patient
SSN,varchar(65535),patient
REG_DATE,timestamp,patient
REG_STATUS_C,varchar(65535),patient
EPICCARE_PAT_YN,varchar(65535),patient
MEDICARE_NUM,varchar(65535),patient
MEDICAID_NUM,varchar(65535),patient
POWER_OF_ATTRNY_YN,varchar(65535),patient
POWER_OF_ATTRNY_DT,timestamp,patient
ADV_DIRECTIVE_YN,varchar(65535),patient
ADV_DIRECTIVE_DATE,timestamp,patient
DEF_FIN_CLASS_C,varchar(65535),patient
FIN_STATUS_C,bigint,patient
CUR_PCP_PROV_ID,varchar(65535),patient
CLAIM_ALERT_C,bigint,patient
CUR_PRIM_LOC_ID,"decimal(38,9)",patient
LEGAL_STATUS_C,bigint,patient
VETERAN_STATUS_C,varchar(65535),patient
MOTHER_PAT_ID,varchar(65535),patient
FATHER_PAT_ID,varchar(65535),patient
BIRTH_LOC_ID,"decimal(38,9)",patient
BIRTH_STATUS_C,bigint,patient
BIRTH_WRIST_BAND,varchar(65535),patient
PED_BIRTH_LEN,varchar(65535),patient
PED_BIRTH_WT,varchar(65535),patient
PED_APGAR_ONE,varchar(65535),patient
PED_APGAR_TWO,varchar(65535),patient
PED_APGAR_TEN,varchar(65535),patient
PED_COMMENT,varchar(65535),patient
PED_MULT_BIRTH_ORD,bigint,patient
PED_MULT_BIRTH_TOT,bigint,patient
EPIC_PAT_ID,varchar(65535),patient
REC_CREATE_DATE,timestamp,patient
CREATE_USER_ID,varchar(65535),patient
PRIM_CVG_ID,"decimal(38,9)",patient
PRIM_EPM_ID,"decimal(38,9)",patient
PRIM_EPP_ID,"decimal(38,9)",patient
PRIM_FC,varchar(65535),patient
PERM_CHART_LOC_C,bigint,patient
CUR_CHART_LOC_C,bigint,patient
PAT_MRN_ID,varchar(65535),patient
DEATH_DATE,timestamp,patient
UPDATE_DATE,timestamp,patient
EOB_FLAG_YN,varchar(65535),patient
REC_CREATE_PAT_ID,varchar(65535),patient
ORGAN_DONOR_YN,varchar(65535),patient
TMP_ADDR_LINE_1,varchar(65535),patient
TMP_ADDR_LINE_2,varchar(65535),patient
TMP_CITY,varchar(65535),patient
TMP_STATE_C,varchar(65535),patient
TMP_COUNTRY_C,varchar(65535),patient
TMP_ZIP,varchar(65535),patient
TMP_HOME_PHONE,varchar(65535),patient
TMP_COUNTY_C,varchar(65535),patient
TMP_ADDR_START_DT,timestamp,patient
TMP_ADDR_END_DT,timestamp,patient
TMP_CARE_OF_PERSON,varchar(65535),patient
IS_MAIL_BLOCKED_YN,varchar(65535),patient
IS_PHONE_REMNDR_YN,varchar(65535),patient
CASE_SPVSR_USER_ID,varchar(65535),patient
PAT_LAST_NAME,varchar(65535),patient
PAT_FIRST_NAME,varchar(65535),patient
PAT_MIDDLE_NAME,varchar(65535),patient
PAT_TITLE_C,varchar(65535),patient
PAT_NAME_SUFFIX_C,bigint,patient
SPECIAL_STATUS_C,bigint,patient
LANG_CARE_C,varchar(65535),patient
LANG_WRIT_C,varchar(65535),patient
PROXY_PAT_YN,varchar(65535),patient
PROXY_NAME,varchar(65535),patient
PROXY_PHONE,varchar(65535),patient
PROXY_PACK_YN,varchar(65535),patient
EMPLOYER_ID,varchar(65535),patient
EMPY_STATUS_C,bigint,patient
CM_PHY_OWNER_ID,varchar(65535),patient
CM_LOG_OWNER_ID,varchar(65535),patient
ALRGY_UPD_DATE,timestamp,patient
ALRGY_UPD_USER_ID,varchar(65535),patient
GUARDIAN_NAME,varchar(65535),patient
PREF_CLIN_ZIP,varchar(65535),patient
PREF_PCP_SEX_C,varchar(65535),patient
PREF_PCP_SPEC_C,varchar(65535),patient
PREF_PCP_LANG_C,varchar(65535),patient
COUNTRY_OF_ORIG_C,varchar(65535),patient
COMM_PREF_LTR_C,bigint,patient
PED_BIRTH_HEAD_CIR,varchar(65535),patient
PED_DISCHRG_WT,varchar(65535),patient
PED_CESAREAN_YN,varchar(65535),patient
PED_GEST_AGE,varchar(65535),patient
PED_NOUR_METH_C,bigint,patient
PED_DELIVR_METH_C,varchar(65535),patient
PED_MULTI_BIRTH_YN,varchar(65535),patient
EDD_DT,timestamp,patient
EDD_ENTERED_DT,timestamp,patient
EDD_CMT,varchar(65535),patient
INTRPTR_NEEDED_YN,varchar(65535),patient
PCP_DON_CHART_YN,varchar(65535),patient
PAT_HAS_IOL_YN,varchar(65535),patient
SPECIES_C,varchar(65535),patient
PED_BIRTH_LABOR,varchar(65535),patient
PED_HOSP_DAYS,varchar(65535),patient
PED_HOSP_NAME,varchar(65535),patient
PED_HOSP_LOCATION,varchar(65535),patient
MEDS_LAST_REV_TM,timestamp,patient
MEDS_LST_REV_USR_ID,varchar(65535),patient
SELF_VERIF_DATE,timestamp,patient
SELF_VERIF_STATU_YN,varchar(65535),patient
SELF_EC_VERIF_DATE,timestamp,patient
SELF_EC_VERIF_ST_YN,varchar(65535),patient
LAST_MYC_ASKED_DATE,timestamp,patient
EMPR_ID_CMT,varchar(65535),patient
HOUSE_NUM,varchar(65535),patient
DISTRICT_C,bigint,patient
PAT_STATUS_C,varchar(65535),patient
MEDS_LAST_REV_CSN,"decimal(38,9)",patient
SEX_C,varchar(65535),patient
RECORD_STATE_C,bigint,patient
DELETE_FLAG,bigint,patient
ETL_LOAD_TS,timestamp,patient
PAT_ID,varchar(65535),patient_3
CM_PHY_OWNER_ID,varchar(65535),patient_3
CM_LOG_OWNER_ID,varchar(65535),patient_3
LACT_STAT_CUR_C,bigint,patient_3
LACT_STAT_INST_DTTM,timestamp,patient_3
LACT_STAT_CSN,"decimal(38,9)",patient_3
LACT_STAT_USER_ID,varchar(65535),patient_3
HM_PLAN_DISP_FLAG,varchar(65535),patient_3
AMBULATORY_STATUS_C,varchar(65535),patient_3
OCCUPATION,varchar(65535),patient_3
ADVANCED_DIR_YN,varchar(65535),patient_3
ABST_DT,timestamp,patient_3
REC_CREATE_DEPT_ID,"decimal(38,9)",patient_3
ALRGY_REV_REAS_C,bigint,patient_3
HOME_REC_SUBSCRD_YN,varchar(65535),patient_3
EPT_UNRSLVED_DAT_YN,varchar(65535),patient_3
EXTERNAL_ACCESS,"decimal(38,9)",patient_3
EXT_ACC_DATE,timestamp,patient_3
MASTER_PAT_YN,varchar(65535),patient_3
ALLOW_HALF_PILLS_YN,varchar(65535),patient_3
APPT_REM_TM_C,bigint,patient_3
APPT_REM_MECH_C,bigint,patient_3
RCV_MSGS_C,bigint,patient_3
KIOSK_LAST_USE_DTTM,timestamp,patient_3
KIOSK_LAST_USE_R_C,bigint,patient_3
KIOSK_LAST_USE_K_ID,varchar(65535),patient_3
KIOSK_LAST_USE_DATA,varchar(65535),patient_3
MOTHER_MAIDEN_NAME,varchar(65535),patient_3
MOTHER_FIRST_NAME,varchar(65535),patient_3
HMT_DUE_STATUS_DTTM,timestamp,patient_3
L_GROWTH_CHART_USED,varchar(65535),patient_3
ALRG_LAST_UPDA_DTTM,timestamp,patient_3
PAT_ARCH_STATUS_C,bigint,patient_3
KI_PHOTO_UPD_DT,timestamp,patient_3
PED_BIRTH_LEN_NUM,"decimal(38,9)",patient_3
PED_BIRTH_WT_NUM,"decimal(38,9)",patient_3
PED_BIRTH_HD_CR_NUM,"decimal(38,9)",patient_3
PED_DISCHRG_WGT_NUM,"decimal(38,9)",patient_3
PED_APGAR_ONE_C,bigint,patient_3
PED_APGAR_FIVE_C,bigint,patient_3
PED_APGAR_TEN_C,bigint,patient_3
PED_GEST_AGE_NUM,bigint,patient_3
UNOS_PRIM_COD_C,bigint,patient_3
UNOS_PRIM_COD_SP,varchar(65535),patient_3
UNOS_CTRB_COD1_C,bigint,patient_3
UNOS_CNTB_COD1_SP,varchar(65535),patient_3
UNOS_CTRB_COD2_C,bigint,patient_3
UNOS_CNTB_COD2_SP,varchar(65535),patient_3
NB_DEL_REC_ID,"decimal(38,9)",patient_3
NOTIF_PAT_EMAIL_YN,varchar(65535),patient_3
NOTIF_PAT_SCHED_YN,varchar(65535),patient_3
NOTIF_PAT_CANC_YN,varchar(65535),patient_3
NOTIF_PAT_MISSED_YN,varchar(65535),patient_3
NOTIF_PAT_CHNG_YN,varchar(65535),patient_3
HOW_NOTIF_PAT_C,bigint,patient_3
CASE_SUPER_PROG_C,varchar(65535),patient_3
IMM_CONFIDENTIAL_YN,varchar(65535),patient_3
CVG_VERIF_USER_ID,varchar(65535),patient_3
FIRST_APPT_DEPT_ID,"decimal(38,9)",patient_3
PREFERRED_NAME,varchar(65535),patient_3
LAST_VERIFIED_BY_ID,varchar(65535),patient_3
LEARN_ASSMT_ID,"decimal(38,9)",patient_3
CURR_LOC_ID,"decimal(38,9)",patient_3
PCOD_CAUSE_DX_ID,"decimal(38,9)",patient_3
PCOD_REC_USER_ID,varchar(65535),patient_3
PCOD_INST_REC_DTTM,timestamp,patient_3
EMPL_ID_NUM,varchar(65535),patient_3
SCHOOL_PHONE,varchar(65535),patient_3
CONTRACT_ID,"decimal(38,9)",patient_3
AUTO_PT_WO_IND_YN,varchar(65535),patient_3
AUTO_PT_WO_FROM_DT,timestamp,patient_3
AUTO_PT_WO_TO_DT,timestamp,patient_3
CVG_LAST_VERIFY_DT,timestamp,patient_3
PRIM_FIN_CL_C,varchar(65535),patient_3
MC_MEMBER_ONLY_C,bigint,patient_3
SPOT_UPD_USER_ID,varchar(65535),patient_3
SPOT_UPD_DTTM,timestamp,patient_3
IS_TEST_PAT_YN,varchar(65535),patient_3
GYN_HX_CMT_NOTE_ID,varchar(65535),patient_3
GYN_HX_MENARCHE_AGE,bigint,patient_3
GYN_HX_FST_PREG_AGE,bigint,patient_3
GYN_HX_MO_BRSTFDG,bigint,patient_3
GYN_HX_MENOPAUS_AGE,bigint,patient_3
COMP_APPTS_COUNT,bigint,patient_3
NOSHOW_APPTS_COUNT,bigint,patient_3
FAMILY_GROUPER,varchar(65535),patient_3
FETUS_YN,varchar(65535),patient_3
DENT_CLASS_C,varchar(65535),patient_3
DENT_LAST_USER_ID,varchar(65535),patient_3
DENT_INST_DTTM,timestamp,patient_3
ENGLISH_FLUENCY_C,bigint,patient_3
FORM_CONFIDENCE_C,bigint,patient_3
BRANCH_OF_SERVICE_C,bigint,patient_3
MILITARY_RANK_C,bigint,patient_3
FMP_C,bigint,patient_3
PAT_CAT_C,bigint,patient_3
MIL_COMPONENT_C,bigint,patient_3
ASGN_MIL_UNIT_ID,"decimal(38,9)",patient_3
MIL_PAY_GRADE_C,bigint,patient_3
TEMP_MIL_UNIT_ID,"decimal(38,9)",patient_3
PED_GEST_AGE_DAYS,bigint,patient_3
PED_BIRTH_HD_CIRCUM,"decimal(38,9)",patient_3
DELETE_FLAG,bigint,patient_3
ETL_LOAD_TS,timestamp,patient_3
PAT_ID,varchar(65535),patient_alias
LINE,bigint,patient_alias
CM_PHY_OWNER_ID,varchar(65535),patient_alias
CM_LOG_OWNER_ID,varchar(65535),patient_alias
ALIAS,varchar(65535),patient_alias
ALIAS_SNDX,varchar(65535),patient_alias
DELETE_FLAG,bigint,patient_alias
ETL_LOAD_TS,timestamp,patient_alias
PAT_ID,varchar(65535),patient_race
LINE,bigint,patient_race
PATIENT_RACE_C,bigint,patient_race
CM_PHY_OWNER_ID,varchar(65535),patient_race
CM_LOG_OWNER_ID,varchar(65535),patient_race
DELETE_FLAG,bigint,patient_race
ETL_LOAD_TS,timestamp,patient_race
PROBLEM_LIST_ID,"decimal(38,9)",problem_list
PAT_ID,varchar(65535),problem_list
DX_ID,"decimal(38,9)",problem_list
ICD9_CODE,varchar(65535),problem_list
DESCRIPTION,varchar(65535),problem_list
NOTED_DATE,timestamp,problem_list
RESOLVED_DATE,timestamp,problem_list
DATE_OF_ENTRY,timestamp,problem_list
ENTRY_USER_ID,varchar(65535),problem_list
STATUS,varchar(65535),problem_list
CLASS_OF_PROBLEM,varchar(65535),problem_list
PRIORITY,varchar(65535),problem_list
UPDATE_DATE,timestamp,problem_list
CM_PHY_OWNER_ID,varchar(65535),problem_list
CM_LOG_OWNER_ID,varchar(65535),problem_list
DX_EXTERNAL_ID,varchar(65535),problem_list
PROBLEM_CMT,varchar(65535),problem_list
CHRONIC_YN,varchar(65535),problem_list
SHOW_IN_MYC_YN,varchar(65535),problem_list
PROBLEM_EPT_CSN,"decimal(38,9)",problem_list
PRINCIPAL_PL_YN,varchar(65535),problem_list
HOSPITAL_PL_YN,varchar(65535),problem_list
PROBLEM_STATUS_C,bigint,problem_list
CLASS_OF_PROBLEM_C,bigint,problem_list
PRIORITY_C,bigint,problem_list
OVERVIEW_NOTE_ID,varchar(65535),problem_list
STAGE_ID,"decimal(38,9)",problem_list
PROBLEM_TYPE_C,bigint,problem_list
CHRON_MED_ID,"decimal(38,9)",problem_list
CHRON_MED_STRT_DATE,timestamp,problem_list
IS_PRESENT_ON_ADM_C,bigint,problem_list
REC_ARCHIVED_YN,varchar(65535),problem_list
CREATING_ORDER_ID,"decimal(38,9)",problem_list
NO_STAGE_REASON_C,bigint,problem_list
NO_STAGE_COMMENT,varchar(65535),problem_list
NO_STAGE_USER_ID,varchar(65535),problem_list
NO_STAGE_DTTM,timestamp,problem_list
TREAT_SUMM_STATUS_C,bigint,problem_list
NOTED_END_DATE,timestamp,problem_list
EXTERNAL_PROBLEM_IDENT,varchar(65535),problem_list
ENTRY_HOST_MODULE_C,bigint,problem_list
REL_GOALS_PROBLEM_LIST_CSN_ID,"decimal(38,9)",problem_list
REL_GOALS_INST_DTTM,timestamp,problem_list
PROB_STAGE_STATUS_C,bigint,problem_list
DIAG_START_DATE,timestamp,problem_list
DIAG_END_DATE,timestamp,problem_list
DELETE_FLAG,bigint,problem_list
ETL_LOAD_TS,timestamp,problem_list
REFERRAL_ID,"decimal(38,9)",rfl_group_info
GROUP_NUM_ID,"decimal(38,9)",rfl_group_info
TEMPLATE_ID,"decimal(38,9)",rfl_group_info
TEMPLT_ORDER_ID,"decimal(38,9)",rfl_group_info
CM_PHY_OWNER_ID,varchar(65535),rfl_group_info
CM_LOG_OWNER_ID,varchar(65535),rfl_group_info
TEMPLATE_GROUP_ID,"decimal(38,9)",rfl_group_info
DELETE_FLAG,bigint,rfl_group_info
ETL_LOAD_TS,timestamp,rfl_group_info
MEDICATION_ID,"decimal(38,9)",rx_med_ndc_code
LINE,bigint,rx_med_ndc_code
NDC_CODE,varchar(65535),rx_med_ndc_code
CM_PHY_OWNER_ID,varchar(65535),rx_med_ndc_code
CM_LOG_OWNER_ID,varchar(65535),rx_med_ndc_code
DELETE_FLAG,bigint,rx_med_ndc_code
ETL_LOAD_TS,timestamp,rx_med_ndc_code
MEDICATION_ID,"decimal(38,9)",rx_med_two
MEDICATION_NAME,varchar(65535),rx_med_two
RECORD_STATE_NAME,varchar(65535),rx_med_two
TEMP_NAME_EDIT,varchar(65535),rx_med_two
PROPTRY_STATUS_C,bigint,rx_med_two
BRAND_NAME_CODE_C,bigint,rx_med_two
NAME_SOURCE_C,bigint,rx_med_two
CHK_INGRED_NAME,varchar(65535),rx_med_two
MEDISPAN_DDI,varchar(65535),rx_med_two
PHARM_SUBCLASS_C,bigint,rx_med_two
SMPLE_GEN_NAM_C,"decimal(38,9)",rx_med_two
COST,varchar(65535),rx_med_two
DEA_CLASS_CODE_C,bigint,rx_med_two
DEA_CLASS_CODE_NAM,varchar(65535),rx_med_two
CONTROLLED_NAME,varchar(65535),rx_med_two
STRENGTH,varchar(65535),rx_med_two
FORM_C,bigint,rx_med_two
ADMIN_ROUTE_C,bigint,rx_med_two
RX_TEMPLT_TYP_NAME,varchar(65535),rx_med_two
NDC_INACTIVATED_DT,timestamp,rx_med_two
MDDB_RECORD_KEY,varchar(65535),rx_med_two
DPC_DRG_DRG_INTRCT,varchar(65535),rx_med_two
APC_ALLERGY_CHECK,varchar(65535),rx_med_two
PPC_PAT_CONS_MSG,varchar(65535),rx_med_two
PANEL_NAME,varchar(65535),rx_med_two
PNL_SUP_ALT_CHK_NM,varchar(65535),rx_med_two
ORDER_DISPLAY_NAME,varchar(65535),rx_med_two
DISCRETE_DOSE,varchar(65535),rx_med_two
DISCRETE_STR_UNITS,varchar(65535),rx_med_two
DEFAULT_FREQ_ID,varchar(65535),rx_med_two
SHORT_NAME,varchar(65535),rx_med_two
MODIFIED_NAME,varchar(65535),rx_med_two
FILTER_TYPE_C,bigint,rx_med_two
USE_ALTER_NAME,varchar(65535),rx_med_two
RX_NAME_ORDER_ID,"decimal(38,9)",rx_med_two
FILE_RX_NAME_PP_ID,"decimal(38,9)",rx_med_two
RX_NAME_VERIFY_ID,"decimal(38,9)",rx_med_two
RX_NAME_REPORT_ID,"decimal(38,9)",rx_med_two
INCLUDE_STRNGTH_YN,varchar(65535),rx_med_two
PX_GROUPER_ID,"decimal(38,9)",rx_med_two
CART_GROUP_C,bigint,rx_med_two
MED_UNIT_C,bigint,rx_med_two
MED_RND_FACTOR,"decimal(38,9)",rx_med_two
MED_RND_METHOD_NM,varchar(65535),rx_med_two
DISPENSE_UNIT_C,bigint,rx_med_two
DISP_RND_FACTOR,"decimal(38,9)",rx_med_two
DISP_RND_METHOD_NM,varchar(65535),rx_med_two
ADMIN_UNIT_C,bigint,rx_med_two
ADMIN_RND_FACTOR,"decimal(38,9)",rx_med_two
ADMIN_RND_METH_NM,varchar(65535),rx_med_two
CM_PHY_OWNER_ID,varchar(65535),rx_med_two
CM_LOG_OWNER_ID,varchar(65535),rx_med_two
RX_MAIN_CUSTAMT_YN,varchar(65535),rx_med_two
PADDED_DOSE,varchar(65535),rx_med_two
IMS_PP_ID,"decimal(38,9)",rx_med_two
IMS_ENABLED_YN,varchar(65535),rx_med_two
STRENGTH_UNIT_C,bigint,rx_med_two
SPECIAL_MED_TYPE_C,bigint,rx_med_two
OP_DEFAULT_FREQ_ID,varchar(65535),rx_med_two
OP_ADMIN_INST_ID,varchar(65535),rx_med_two
OP_SHORT_INST,varchar(65535),rx_med_two
OP_ORDER_HELP_ID,varchar(65535),rx_med_two
OP_SHORT_ORDER_HEL,varchar(65535),rx_med_two
AMB_NAME_ORD_PP_ID,"decimal(38,9)",rx_med_two
AMB_AFTORD_PP_ID,"decimal(38,9)",rx_med_two
AMB_INCLU_STR_YN,varchar(65535),rx_med_two
AMB_NAME_MIXSTR_YN,varchar(65535),rx_med_two
AMB_INCLU_FORM_YN,varchar(65535),rx_med_two
AMB_NAME_SUFFIX,varchar(65535),rx_med_two
DEFAULT_LONG_TER_YN,varchar(65535),rx_med_two
CALC_RATE_FRM_VD_YN,varchar(65535),rx_med_two
AMB_DFLT_WEIGHT_C,bigint,rx_med_two
DEFAULT_WEIGHT_C,bigint,rx_med_two
CA_FED_REG_CD_C,bigint,rx_med_two
BLANK_DOSE_SCAN_YN,varchar(65535),rx_med_two
IP_MAR_FLO_EXPIRY,bigint,rx_med_two
STD_DOSE_DEVIATION,"decimal(38,9)",rx_med_two
PROTECT_DEL_YN,varchar(65535),rx_med_two
MATCH_ACROSS_CON_YN,varchar(65535),rx_med_two
RX_SETTINGS_MED_ID,"decimal(38,9)",rx_med_two
PROXY_MED_FOR_DC_ID,"decimal(38,9)",rx_med_two
RX_TPN_OVERFILL_AMT,"decimal(38,9)",rx_med_two
OP_IMS_PREF_PROD_ID,"decimal(38,9)",rx_med_two
AMB_MAX_DOSE,"decimal(38,9)",rx_med_two
AMB_MAX_DOSE_UNIT_C,bigint,rx_med_two
AMB_MIN_DOSE,"decimal(38,9)",rx_med_two
AMB_MIN_DOSE_UNIT_C,bigint,rx_med_two
AMB_ALL_OVR_DOSE_YN,varchar(65535),rx_med_two
MAX_DOSE,"decimal(38,9)",rx_med_two
MAX_DOSE_UNIT_C,bigint,rx_med_two
MIN_DOSE,"decimal(38,9)",rx_med_two
MIN_DOSE_UNIT_C,bigint,rx_med_two
ALLOW_OR_DOSE_LI_YN,varchar(65535),rx_med_two
HIDE_FRM_OP_IMS_YN,varchar(65535),rx_med_two
COMP_AND_RPKG_C,bigint,rx_med_two
RX_INCFAT_DEXCON_YN,varchar(65535),rx_med_two
RECIPE_SMART_TXT_ID,varchar(65535),rx_med_two
RECIPE_ETX_LABEL_ID,varchar(65535),rx_med_two
RECIPE_PKG_INFO_ID,varchar(65535),rx_med_two
SHELF_LIFE,bigint,rx_med_two
MAR_OFFSCHED_MINS,bigint,rx_med_two
LAST_RESORT_DISP_ID,"decimal(38,9)",rx_med_two
AMB_INC_SG_NAME_YN,varchar(65535),rx_med_two
DELETE_FLAG,bigint,rx_med_two
ETL_LOAD_TS,timestamp,rx_med_two
NDC_ID,varchar(65535),rx_ndc
NDC_CODE,varchar(65535),rx_ndc
NDC_FORMAT,bigint,rx_ndc
RAW_11_DIGIT_NDC,varchar(65535),rx_ndc
RAW_NDC_CODE,varchar(65535),rx_ndc
MFG_LONG_NAME,varchar(65535),rx_ndc
MFG_ABBR_NAME,varchar(65535),rx_ndc
MFG_CODE,varchar(65535),rx_ndc
PACKAGE_SIZE,"decimal(38,9)",rx_ndc
MED_UNIT_C,bigint,rx_ndc
PACKAGE_QUANTITY,bigint,rx_ndc
PACKAGE_UNITS_NAME,varchar(65535),rx_ndc
PACK_DESC_C,bigint,rx_ndc
GPPC_CODE,varchar(65535),rx_ndc
MULTI_DOSE_YN,varchar(65535),rx_ndc
KDC,varchar(65535),rx_ndc
KDC_FLAG_NAME,varchar(65535),rx_ndc
COST_ID_VAL,varchar(65535),rx_ndc
IMP_EXT_UNIT_NAME,varchar(65535),rx_ndc
IP_DEF_COST,"decimal(38,9)",rx_ndc
IP_DEF_COST_PU_YN,varchar(65535),rx_ndc
COST_LOCKED_YN,varchar(65535),rx_ndc
COST_UPDATE_TIME,timestamp,rx_ndc
IP_DEF_BILL_PU_YN,varchar(65535),rx_ndc
IP_DEF_RND_FACTOR,"decimal(38,9)",rx_ndc
IP_DEF_CHM_TBL_ID,varchar(65535),rx_ndc
IP_WHEN_TO_CHG,varchar(65535),rx_ndc
CHARGE_METHOD_C,varchar(65535),rx_ndc
RX_PACKAGE_SUFFIX,varchar(65535),rx_ndc
SIMPLE_GENERIC_C,varchar(65535),rx_ndc
GCN_SEQNO,varchar(65535),rx_ndc
INST_LAST_IMPORT,timestamp,rx_ndc
CM_PHY_OWNER_ID,varchar(65535),rx_ndc
CM_LOG_OWNER_ID,varchar(65535),rx_ndc
PROTECT_PKGINFO_YN,varchar(65535),rx_ndc
ASSOCIATED_NDG,"decimal(38,9)",rx_ndc
CUSTOM_MODIFER,varchar(65535),rx_ndc
FDB_INACTREVIEW_YN,varchar(65535),rx_ndc
DFT_BILL_CODE,varchar(65535),rx_ndc
QTY_PER_BILL_CODE,"decimal(38,9)",rx_ndc
BILL_CODE_UNITS_C,bigint,rx_ndc
BILL_CODE_RND_FACT,"decimal(38,9)",rx_ndc
BILLABLE_NDC_ID,varchar(65535),rx_ndc
LEGEND_INDICATOR_C,bigint,rx_ndc
INNOVATOR_IND_YN,varchar(65535),rx_ndc
REPLACEMENT_NDC_ID,varchar(65535),rx_ndc
IP_CHARGE_ADMIN_YN,varchar(65535),rx_ndc
FDB_IVM_COMP_CODE,varchar(65535),rx_ndc
RECORD_STATUS_C,bigint,rx_ndc
BACK_COMP_MED_ID,"decimal(38,9)",rx_ndc
CUSTOM_MODIFIER_C,bigint,rx_ndc
WASTAGE_ALLOWED_C,bigint,rx_ndc
MULT_PAT_DOSE_YN,varchar(65535),rx_ndc
AGENT_DESC,varchar(65535),rx_ndc
AGENT_CODE,varchar(65535),rx_ndc
COST_UPDATE_USER_ID,varchar(65535),rx_ndc
COST_UPD_SOURCE_C,varchar(65535),rx_ndc
COST_UPDATE_MARKUP,"decimal(38,9)",rx_ndc
PRICE_FROM_OUT_NDC,varchar(65535),rx_ndc
AMINO_ACID_TYPE_C,bigint,rx_ndc
MEDGUIDE_REQ_YN,varchar(65535),rx_ndc
MEDGUIDE_AVAIL_YN,varchar(65535),rx_ndc
KDC_FLAG_C,bigint,rx_ndc
PACKAGE_UNITS_C,bigint,rx_ndc
IMP_EXT_UNIT_C,bigint,rx_ndc
IP_WHEN_TO_CHARGE_C,bigint,rx_ndc
RX_LBL_PRT_RL_TYP_C,bigint,rx_ndc
RX_NUM_PKGS_PER_LBL,"decimal(38,9)",rx_ndc
REIMBURSEMENT_CODE_C,bigint,rx_ndc
REIMBURSEMENT_CLAUSE_C,bigint,rx_ndc
CAN_MATCH_EXT_YN,varchar(65535),rx_ndc
PRODUCT_TYPE_C,bigint,rx_ndc
PACKAGE_UNIT_CODE,varchar(65535),rx_ndc
REUSED_NDC_YN,varchar(65535),rx_ndc
PRIVATE_LABEL_YN,varchar(65535),rx_ndc
REPACKAGED_YN,varchar(65535),rx_ndc
FI_PKG_DATA_SRC_C,bigint,rx_ndc
PRESCRIBING_CONDITION_CODE,varchar(65535),rx_ndc
PRESCRIBING_CONDITION_TEXT,varchar(65535),rx_ndc
PACKAGE_SIZE_TEXT,varchar(65535),rx_ndc
INVENTORY_NDC_ID,varchar(65535),rx_ndc
PACKAGE_UNIT_TEXT,varchar(65535),rx_ndc
SWISSMEDIC_CODE,varchar(65535),rx_ndc
MAIN_PKG_NUM_YN,varchar(65535),rx_ndc
BE_PKG_DATA_SRC_C,bigint,rx_ndc
DISPENSING_CODE,varchar(65535),rx_ndc
SPECIFIC_GRAVITY,"decimal(38,9)",rx_ndc
REIMBURSABLE_YN,varchar(65535),rx_ndc
BE_SAM_ID_KEY_CNK,varchar(65535),rx_ndc
INNER_PACKAGE_YN,varchar(65535),rx_ndc
SAMPLE_PACKAGE_YN,varchar(65535),rx_ndc
NORWAY_EXT_CON_TYPE_C,bigint,rx_ndc
NOMA_APPLICATION_TYPE_C,bigint,rx_ndc
BLACK_TRIANGLE_IND_C,bigint,rx_ndc
FEST_PREPARATION_TYPE_C,bigint,rx_ndc
SUBSTITUTION_GROUP_CODE,varchar(65535),rx_ndc
SUBSTITUTION_GROUP_CODE_DESC,varchar(65535),rx_ndc
SUBTITUTION_GROUP_REMARKS,varchar(65535),rx_ndc
SUBSTITUTION_GROUP_FROM_DATE,timestamp,rx_ndc
SUBSTITUTION_GROUP_TO_DATE,timestamp,rx_ndc
NDC_GPI_CODE,varchar(65535),rx_ndc
DELETE_FLAG,bigint,rx_ndc
ETL_LOAD_TS,timestamp,rx_ndc
HLV_ID,"decimal(38,9)",smrtdta_elem_lab_result
CM_PHY_OWNER_ID,varchar(65535),smrtdta_elem_lab_result
CM_LOG_OWNER_ID,varchar(65535),smrtdta_elem_lab_result
ELEMENT_ID,varchar(65535),smrtdta_elem_lab_result
RESULT_ID,varchar(65535),smrtdta_elem_lab_result
DELETE_FLAG,bigint,smrtdta_elem_lab_result
ETL_LOAD_TS,timestamp,smrtdta_elem_lab_result
HLV_ID,"decimal(38,9)",smrtdta_elem_result
CM_PHY_OWNER_ID,varchar(65535),smrtdta_elem_result
CM_LOG_OWNER_ID,varchar(65535),smrtdta_elem_result
FINDING_ID,"decimal(38,9)",smrtdta_elem_result
ELEMENT_ID,varchar(65535),smrtdta_elem_result
DELETE_FLAG,bigint,smrtdta_elem_result
ETL_LOAD_TS,timestamp,smrtdta_elem_result
COVERAGE_ID,"decimal(38,9)",v_coverage_payor_plan
EFF_DATE,timestamp,v_coverage_payor_plan
TERM_DATE,timestamp,v_coverage_payor_plan
PAYOR_ID,"decimal(38,9)",v_coverage_payor_plan
PAYOR_NAME,varchar(65535),v_coverage_payor_plan
FIN_CLASS_C,varchar(65535),v_coverage_payor_plan
FIN_CLASS_NAME,varchar(65535),v_coverage_payor_plan
BENEFIT_PLAN_ID,"decimal(38,9)",v_coverage_payor_plan
BENEFIT_PLAN_NAME,varchar(65535),v_coverage_payor_plan
CARRIER_ID,varchar(65535),v_coverage_payor_plan
CARRIER_NAME,varchar(65535),v_coverage_payor_plan
LOB_ID,varchar(65535),v_coverage_payor_plan
LOB_NAME,varchar(65535),v_coverage_payor_plan
CM_PHY_OWNER_ID,varchar(65535),v_coverage_payor_plan
CM_LOG_OWNER_ID,varchar(65535),v_coverage_payor_plan
ANSWER_ID,varchar(65535),v_ehi_hqa_quest_answer
LINE,bigint,v_ehi_hqa_quest_answer
QUEST_ANSWER_EXTERNAL,varchar(65535),v_ehi_hqa_quest_answer
LOG_ID,varchar(65535),v_log_supplies_implants
CASE_ID,varchar(65535),v_log_supplies_implants
ITEM_TYPE,varchar(65535),v_log_supplies_implants
ITEM_ID,varchar(65535),v_log_supplies_implants
ITEM_NM,varchar(65535),v_log_supplies_implants
ITEM_TYPE_C,varchar(65535),v_log_supplies_implants
IMPLANT_TYPE_C,varchar(65535),v_log_supplies_implants
TYPE_NM,varchar(65535),v_log_supplies_implants
IMPLANT_ID,varchar(65535),v_log_supplies_implants
IMPLANT_NM,varchar(65535),v_log_supplies_implants
NUMBER_USED,bigint,v_log_supplies_implants
NUMBER_WASTED,bigint,v_log_supplies_implants
ITEM_REASON_WASTED_C,bigint,v_log_supplies_implants
IMPLANT_REASON_WASTED_C,bigint,v_log_supplies_implants
REASON_WASTED_NM,varchar(65535),v_log_supplies_implants
COST_PER_UNIT,"decimal(38,9)",v_log_supplies_implants
COST_VALUE_YN,varchar(65535),v_log_supplies_implants
TEMPORARY_ITEM_YN,varchar(65535),v_log_supplies_implants
CHARGEABLE_YN,varchar(65535),v_log_supplies_implants
INVENTORY_LOCATION_ID,"decimal(38,9)",v_log_supplies_implants
INVENTORY_LOCATION_NM,varchar(65535),v_log_supplies_implants
INVENTORY_LOCATION_NM_WID,varchar(65535),v_log_supplies_implants
USED_CHARGE_PER_UNIT,"decimal(38,9)",v_log_supplies_implants
WASTED_CHARGE_PER_UNIT,"decimal(38,9)",v_log_supplies_implants
PAT_ENC_CSN_ID,"decimal(38,9)",v_sched_appt
CONTACT_DATE,timestamp,v_sched_appt
PAT_ID,varchar(65535),v_sched_appt
APPT_STATUS_C,bigint,v_sched_appt
APPT_STATUS_NAME,varchar(65535),v_sched_appt
DEPARTMENT_ID,"decimal(38,9)",v_sched_appt
DEPARTMENT_NAME,varchar(65535),v_sched_appt
DEPT_SPECIALTY_C,varchar(65535),v_sched_appt
DEPT_SPECIALTY_NAME,varchar(65535),v_sched_appt
CENTER_C,varchar(65535),v_sched_appt
CENTER_NAME,varchar(65535),v_sched_appt
LOC_ID,"decimal(38,9)",v_sched_appt
LOC_NAME,varchar(65535),v_sched_appt
SERV_AREA_ID,"decimal(38,9)",v_sched_appt
SERV_AREA_NAME,varchar(65535),v_sched_appt
PROV_ID,varchar(65535),v_sched_appt
PROV_NAME_WID,varchar(65535),v_sched_appt
PRC_ID,varchar(65535),v_sched_appt
PRC_NAME,varchar(65535),v_sched_appt
APPT_MADE_DTTM,timestamp,v_sched_appt
APPT_MADE_DATE,timestamp,v_sched_appt
SAME_DAY_YN,varchar(65535),v_sched_appt
APPT_ENTRY_USER_ID,varchar(65535),v_sched_appt
APPT_ENTRY_USER_NAME_WID,varchar(65535),v_sched_appt
APPT_BLOCK_C,varchar(65535),v_sched_appt
APPT_BLOCK_NAME,varchar(65535),v_sched_appt
APPT_LENGTH,bigint,v_sched_appt
APPT_DTTM,timestamp,v_sched_appt
SIGNIN_DTTM,timestamp,v_sched_appt
PAGED_DTTM,timestamp,v_sched_appt
BEGIN_CHECKIN_DTTM,timestamp,v_sched_appt
CHECKIN_DTTM,timestamp,v_sched_appt
ARVL_LIST_REMOVE_DTTM,timestamp,v_sched_appt
ROOMED_DTTM,timestamp,v_sched_appt
FIRST_ROOM_ASSIGN_DTTM,timestamp,v_sched_appt
NURSE_LEAVE_DTTM,timestamp,v_sched_appt
PHYS_ENTER_DTTM,timestamp,v_sched_appt
VISIT_END_DTTM,timestamp,v_sched_appt
CHECKOUT_DTTM,timestamp,v_sched_appt
TIME_TO_ROOM_MINUTES,bigint,v_sched_appt
TIME_IN_ROOM_MINUTES,bigint,v_sched_appt
CYCLE_TIME_MINUTES,bigint,v_sched_appt
APPT_CANC_USER_ID,varchar(65535),v_sched_appt
APPT_CANC_USER_NAME_WID,varchar(65535),v_sched_appt
APPT_CANC_DTTM,timestamp,v_sched_appt
APPT_CANC_DATE,timestamp,v_sched_appt
CANCEL_REASON_C,bigint,v_sched_appt
CANCEL_REASON_NAME,varchar(65535),v_sched_appt
CANCEL_INITIATOR,varchar(65535),v_sched_appt
SAME_DAY_CANC_YN,varchar(65535),v_sched_appt
APPT_SERIAL_NUM,"decimal(38,9)",v_sched_appt
RESCHED_APPT_CSN_ID,"decimal(38,9)",v_sched_appt
REFERRAL_ID,"decimal(38,9)",v_sched_appt
REFERRAL_REQ_YN,varchar(65535),v_sched_appt
REFERRING_PROV_ID,varchar(65535),v_sched_appt
REFERRING_PROV_NAME_WID,varchar(65535),v_sched_appt
ACCOUNT_ID,"decimal(38,9)",v_sched_appt
COVERAGE_ID,"decimal(38,9)",v_sched_appt
CHARGE_SLIP_NUMBER,varchar(65535),v_sched_appt
HSP_ACCOUNT_ID,"decimal(38,9)",v_sched_appt
APPT_CONF_STAT_C,bigint,v_sched_appt
APPT_CONF_STAT_NAME,varchar(65535),v_sched_appt
APPT_CONF_USER_ID,varchar(65535),v_sched_appt
APPT_CONF_USER_NAME,varchar(65535),v_sched_appt
APPT_CONF_DTTM,timestamp,v_sched_appt
SCHED_FROM_KIOSK_ID,varchar(65535),v_sched_appt
SCHED_FROM_KIOSK_NAME,varchar(65535),v_sched_appt
CHECK_IN_KIOSK_ID,varchar(65535),v_sched_appt
CHECK_IN_KIOSK_NAME,varchar(65535),v_sched_appt
CHECK_OUT_KIOSK_ID,varchar(65535),v_sched_appt
CHECK_OUT_KIOSK_NAME,varchar(65535),v_sched_appt
IP_DOC_CONTACT_CSN,"decimal(38,9)",v_sched_appt
WALK_IN_YN,varchar(65535),v_sched_appt
SEQUENTIAL_YN,varchar(65535),v_sched_appt
CNS_WARNING_OVERRIDDEN_YN,varchar(65535),v_sched_appt
OVERBOOKED_YN,varchar(65535),v_sched_appt
OVERRIDE_YN,varchar(65535),v_sched_appt
UNAVAILABLE_TIME_YN,varchar(65535),v_sched_appt
NUMBER_OF_CALLS,bigint,v_sched_appt
CHANGE_CNT,bigint,v_sched_appt
JOINT_APPT_YN,varchar(65535),v_sched_appt
CM_CT_OWNER_ID,varchar(65535),v_sched_appt
PHONE_REM_STAT_C,bigint,v_sched_appt
PHONE_REM_STAT_NAME,varchar(65535),v_sched_appt
COPAY_DUE,"decimal(38,9)",v_sched_appt
COPAY_COLLECTED,"decimal(38,9)",v_sched_appt
COPAY_USER_ID,varchar(65535),v_sched_appt
COPAY_USER_NAME_WID,varchar(65535),v_sched_appt
COMPLETED_STATUS_YN,varchar(65535),v_sched_appt
HOUR_OF_DAY,bigint,v_sched_appt
CANCEL_LEAD_HOURS,bigint,v_sched_appt
APPT_ARRIVAL_DTTM,timestamp,v_sched_appt
APPT_UTC_DTTM,timestamp,v_sched_appt
APPT_CANC_UTC_DTTM,timestamp,v_sched_appt
APPT_MADE_UTC_DTTM,timestamp,v_sched_appt
APPT_SCHED_SOURCE_C,bigint,v_sched_appt
APPT_SCHED_SOURCE_NAME,varchar(65535),v_sched_appt
PAT_ONLINE_YN,varchar(65535),v_sched_appt
ECHKIN_STATUS_C,bigint,v_sched_appt
ECHKIN_STATUS_NAME,varchar(65535),v_sched_appt
PAT_SCHED_MYC_STAT_C,bigint,v_sched_appt
PAT_SCHED_MYC_STAT_NAME,varchar(65535),v_sched_appt
LATE_CANCEL_YN,varchar(65535),v_sched_appt
ACCT_BASECLS_HA_C,bigint,zc_acct_basecls_ha
NAME,varchar(65535),zc_acct_basecls_ha
TITLE,varchar(65535),zc_acct_basecls_ha
ABBR,varchar(65535),zc_acct_basecls_ha
INTERNAL_ID,bigint,zc_acct_basecls_ha
DELETE_FLAG,bigint,zc_acct_basecls_ha
ETL_LOAD_TS,timestamp,zc_acct_basecls_ha
ALLERGY_SEVERITY_C,bigint,zc_allergy_severit
NAME,varchar(65535),zc_allergy_severit
TITLE,varchar(65535),zc_allergy_severit
ABBR,varchar(65535),zc_allergy_severit
INTERNAL_ID,bigint,zc_allergy_severit
DELETE_FLAG,bigint,zc_allergy_severit
ETL_LOAD_TS,timestamp,zc_allergy_severit
ALRGY_STATUS_C,bigint,zc_alrgy_status
NAME,varchar(65535),zc_alrgy_status
TITLE,varchar(65535),zc_alrgy_status
ABBR,varchar(65535),zc_alrgy_status
INTERNAL_ID,bigint,zc_alrgy_status
DELETE_FLAG,bigint,zc_alrgy_status
ETL_LOAD_TS,timestamp,zc_alrgy_status
RPT_GRP_ELEVEN_C,varchar(65535),zc_dep_rpt_grp_11
NAME,varchar(65535),zc_dep_rpt_grp_11
TITLE,varchar(65535),zc_dep_rpt_grp_11
ABBR,varchar(65535),zc_dep_rpt_grp_11
INTERNAL_ID,varchar(65535),zc_dep_rpt_grp_11
DELETE_FLAG,bigint,zc_dep_rpt_grp_11
ETL_LOAD_TS,timestamp,zc_dep_rpt_grp_11
DISCH_DISP_C,varchar(65535),zc_disch_disp
NAME,varchar(65535),zc_disch_disp
TITLE,varchar(65535),zc_disch_disp
ABBR,varchar(65535),zc_disch_disp
INTERNAL_ID,varchar(65535),zc_disch_disp
DELETE_FLAG,bigint,zc_disch_disp
ETL_LOAD_TS,timestamp,zc_disch_disp
DISP_ENC_TYPE_C,varchar(65535),zc_disp_enc_type
NAME,varchar(65535),zc_disp_enc_type
TITLE,varchar(65535),zc_disp_enc_type
ABBR,varchar(65535),zc_disp_enc_type
INTERNAL_ID,varchar(65535),zc_disp_enc_type
DELETE_FLAG,bigint,zc_disp_enc_type
ETL_LOAD_TS,timestamp,zc_disp_enc_type
DISPENSE_ROUTE_C,bigint,zc_dispense_route
NAME,varchar(65535),zc_dispense_route
TITLE,varchar(65535),zc_dispense_route
ABBR,varchar(65535),zc_dispense_route
INTERNAL_ID,bigint,zc_dispense_route
DELETE_FLAG,bigint,zc_dispense_route
ETL_LOAD_TS,timestamp,zc_dispense_route
DRG_CODE_SET_C,varchar(65535),zc_drg_code_set
NAME,varchar(65535),zc_drg_code_set
TITLE,varchar(65535),zc_drg_code_set
ABBR,varchar(65535),zc_drg_code_set
INTERNAL_ID,varchar(65535),zc_drg_code_set
DELETE_FLAG,bigint,zc_drg_code_set
ETL_LOAD_TS,timestamp,zc_drg_code_set
EDG_CODE_SET_C,bigint,zc_edg_code_set
NAME,varchar(65535),zc_edg_code_set
TITLE,varchar(65535),zc_edg_code_set
ABBR,varchar(65535),zc_edg_code_set
INTERNAL_ID,bigint,zc_edg_code_set
DELETE_FLAG,bigint,zc_edg_code_set
ETL_LOAD_TS,timestamp,zc_edg_code_set
FORM_C,bigint,zc_form
NAME,varchar(65535),zc_form
TITLE,varchar(65535),zc_form
ABBR,varchar(65535),zc_form
INTERNAL_ID,bigint,zc_form
DELETE_FLAG,bigint,zc_form
ETL_LOAD_TS,timestamp,zc_form
CODE_SET_C,bigint,zc_hcd_code_set
NAME,varchar(65535),zc_hcd_code_set
TITLE,varchar(65535),zc_hcd_code_set
ABBR,varchar(65535),zc_hcd_code_set
INTERNAL_ID,bigint,zc_hcd_code_set
DELETE_FLAG,bigint,zc_hcd_code_set
ETL_LOAD_TS,timestamp,zc_hcd_code_set
HOSP_ADMSN_TYPE_C,varchar(65535),zc_hosp_admsn_type
NAME,varchar(65535),zc_hosp_admsn_type
TITLE,varchar(65535),zc_hosp_admsn_type
ABBR,varchar(65535),zc_hosp_admsn_type
INTERNAL_ID,varchar(65535),zc_hosp_admsn_type
DELETE_FLAG,bigint,zc_hosp_admsn_type
ETL_LOAD_TS,timestamp,zc_hosp_admsn_type
IMPLANT_AREA_C,bigint,zc_implant_area
NAME,varchar(65535),zc_implant_area
TITLE,varchar(65535),zc_implant_area
ABBR,varchar(65535),zc_implant_area
INTERNAL_ID,bigint,zc_implant_area
DELETE_FLAG,bigint,zc_implant_area
ETL_LOAD_TS,timestamp,zc_implant_area
LOC_TYPE_C,bigint,zc_loc_type
NAME,varchar(65535),zc_loc_type
TITLE,varchar(65535),zc_loc_type
ABBR,varchar(65535),zc_loc_type
INTERNAL_ID,bigint,zc_loc_type
DELETE_FLAG,bigint,zc_loc_type
ETL_LOAD_TS,timestamp,zc_loc_type
RESULT_C,varchar(65535),zc_mar_rslt
NAME,varchar(65535),zc_mar_rslt
TITLE,varchar(65535),zc_mar_rslt
ABBR,varchar(65535),zc_mar_rslt
INTERNAL_ID,varchar(65535),zc_mar_rslt
DELETE_FLAG,bigint,zc_mar_rslt
ETL_LOAD_TS,timestamp,zc_mar_rslt
MED_DURATION_UN_C,bigint,zc_med_duration_un
NAME,varchar(65535),zc_med_duration_un
TITLE,varchar(65535),zc_med_duration_un
ABBR,varchar(65535),zc_med_duration_un
INTERNAL_ID,bigint,zc_med_duration_un
DELETE_FLAG,bigint,zc_med_duration_un
ETL_LOAD_TS,timestamp,zc_med_duration_un
DISP_QTYUNIT_C,bigint,zc_med_unit
NAME,varchar(65535),zc_med_unit
TITLE,varchar(65535),zc_med_unit
ABBR,varchar(65535),zc_med_unit
INTERNAL_ID,bigint,zc_med_unit
DELETE_FLAG,bigint,zc_med_unit
ETL_LOAD_TS,timestamp,zc_med_unit
MEDICAL_HX_C,bigint,zc_medical_hx
NAME,varchar(65535),zc_medical_hx
TITLE,varchar(65535),zc_medical_hx
ABBR,varchar(65535),zc_medical_hx
INTERNAL_ID,bigint,zc_medical_hx
DELETE_FLAG,bigint,zc_medical_hx
ETL_LOAD_TS,timestamp,zc_medical_hx
MSG_CALLER_REL_C,varchar(65535),zc_msg_caller_rel
NAME,varchar(65535),zc_msg_caller_rel
TITLE,varchar(65535),zc_msg_caller_rel
ABBR,varchar(65535),zc_msg_caller_rel
INTERNAL_ID,varchar(65535),zc_msg_caller_rel
DELETE_FLAG,bigint,zc_msg_caller_rel
ETL_LOAD_TS,timestamp,zc_msg_caller_rel
TYPE_IP_C,varchar(65535),zc_note_type_ip
NAME,varchar(65535),zc_note_type_ip
TITLE,varchar(65535),zc_note_type_ip
ABBR,varchar(65535),zc_note_type_ip
INTERNAL_ID,varchar(65535),zc_note_type_ip
DELETE_FLAG,bigint,zc_note_type_ip
ETL_LOAD_TS,timestamp,zc_note_type_ip
STATUS_C,bigint,zc_or_imp_status
NAME,varchar(65535),zc_or_imp_status
TITLE,varchar(65535),zc_or_imp_status
ABBR,varchar(65535),zc_or_imp_status
INTERNAL_ID,bigint,zc_or_imp_status
DELETE_FLAG,bigint,zc_or_imp_status
ETL_LOAD_TS,timestamp,zc_or_imp_status
LRB_C,bigint,zc_or_lrb
NAME,varchar(65535),zc_or_lrb
TITLE,varchar(65535),zc_or_lrb
ABBR,varchar(65535),zc_or_lrb
INTERNAL_ID,bigint,zc_or_lrb
DELETE_FLAG,bigint,zc_or_lrb
ETL_LOAD_TS,timestamp,zc_or_lrb
MANUFACTURER_C,varchar(65535),zc_or_manufacturer
NAME,varchar(65535),zc_or_manufacturer
TITLE,varchar(65535),zc_or_manufacturer
ABBR,varchar(65535),zc_or_manufacturer
INTERNAL_ID,varchar(65535),zc_or_manufacturer
DELETE_FLAG,bigint,zc_or_manufacturer
ETL_LOAD_TS,timestamp,zc_or_manufacturer
TYPE_OF_ITEM_C,varchar(65535),zc_or_type_of_item
NAME,varchar(65535),zc_or_type_of_item
TITLE,varchar(65535),zc_or_type_of_item
ABBR,varchar(65535),zc_or_type_of_item
INTERNAL_ID,varchar(65535),zc_or_type_of_item
DELETE_FLAG,bigint,zc_or_type_of_item
ETL_LOAD_TS,timestamp,zc_or_type_of_item
ORDER_CLASS_C,varchar(65535),zc_order_class
NAME,varchar(65535),zc_order_class
TITLE,varchar(65535),zc_order_class
ABBR,varchar(65535),zc_order_class
INTERNAL_ID,varchar(65535),zc_order_class
DELETE_FLAG,bigint,zc_order_class
ETL_LOAD_TS,timestamp,zc_order_class
ORDER_STATUS_C,bigint,zc_order_status
NAME,varchar(65535),zc_order_status
TITLE,varchar(65535),zc_order_status
ABBR,varchar(65535),zc_order_status
INTERNAL_ID,bigint,zc_order_status
DELETE_FLAG,bigint,zc_order_status
ETL_LOAD_TS,timestamp,zc_order_status
ORDER_TYPE_C,bigint,zc_order_type
NAME,varchar(65535),zc_order_type
TITLE,varchar(65535),zc_order_type
ABBR,varchar(65535),zc_order_type
INTERNAL_ID,bigint,zc_order_type
DELETE_FLAG,bigint,zc_order_type
ETL_LOAD_TS,timestamp,zc_order_type
ORDERING_MODE_C,bigint,zc_ordering_mode
NAME,varchar(65535),zc_ordering_mode
TITLE,varchar(65535),zc_ordering_mode
ABBR,varchar(65535),zc_ordering_mode
INTERNAL_ID,bigint,zc_ordering_mode
DELETE_FLAG,bigint,zc_ordering_mode
ETL_LOAD_TS,timestamp,zc_ordering_mode
ADT_PAT_CLASS_C,varchar(65535),zc_pat_class
NAME,varchar(65535),zc_pat_class
TITLE,varchar(65535),zc_pat_class
ABBR,varchar(65535),zc_pat_class
INTERNAL_ID,varchar(65535),zc_pat_class
DELETE_FLAG,bigint,zc_pat_class
ETL_LOAD_TS,timestamp,zc_pat_class
HOSP_SERV_C,varchar(65535),zc_pat_service
NAME,varchar(65535),zc_pat_service
TITLE,varchar(65535),zc_pat_service
ABBR,varchar(65535),zc_pat_service
INTERNAL_ID,varchar(65535),zc_pat_service
DELETE_FLAG,bigint,zc_pat_service
ETL_LOAD_TS,timestamp,zc_pat_service
RESP_TYPE_C,bigint,zc_resp_type
NAME,varchar(65535),zc_resp_type
TITLE,varchar(65535),zc_resp_type
ABBR,varchar(65535),zc_resp_type
INTERNAL_ID,bigint,zc_resp_type
DELETE_FLAG,bigint,zc_resp_type
ETL_LOAD_TS,timestamp,zc_resp_type
RSN_FOR_DISCON_C,bigint,zc_rsn_for_discon
NAME,varchar(65535),zc_rsn_for_discon
TITLE,varchar(65535),zc_rsn_for_discon
ABBR,varchar(65535),zc_rsn_for_discon
INTERNAL_ID,bigint,zc_rsn_for_discon
DELETE_FLAG,bigint,zc_rsn_for_discon
ETL_LOAD_TS,timestamp,zc_rsn_for_discon
SEVERITY_C,bigint,zc_severity
NAME,varchar(65535),zc_severity
TITLE,varchar(65535),zc_severity
ABBR,varchar(65535),zc_severity
INTERNAL_ID,bigint,zc_severity
DELETE_FLAG,bigint,zc_severity
ETL_LOAD_TS,timestamp,zc_severity
STATIC_UDI_TYPE_C,bigint,zc_static_udi_type
NAME,varchar(65535),zc_static_udi_type
TITLE,varchar(65535),zc_static_udi_type
ABBR,varchar(65535),zc_static_udi_type
INTERNAL_ID,bigint,zc_static_udi_type
DELETE_FLAG,bigint,zc_static_udi_type
ETL_LOAD_TS,timestamp,zc_static_udi_type
