table_name,table_doc_file,schema,object,module,starts_with
dbo.CV3Address,Tbl_c0f57c76ad034b17bd891ef12d8cd57c.htm,dbo,CV3Address,CV3,CV3Addre
dbo.CV3AddressType,Tbl_2ea236f36a314bbbb5ea7dd2dd8289cf.htm,dbo,CV3AddressType,CV3,CV3Addre
dbo.CV3AdvancedVisitListDataItem,Tbl_5f5971e2b68b4c3092e4b1e1734ac849.htm,dbo,CV3AdvancedVisitListDataItem,CV3,CV3Advan
dbo.CV3AdvancedVisitListDefinition,Tbl_5c453cc5baa341248a278706e1c995e3.htm,dbo,CV3AdvancedVisitListDefinition,CV3,CV3Advan
dbo.CV3AlertDeclaration,Tbl_d502c26403d445f289841005cd17e4ab.htm,dbo,CV3AlertDeclaration,CV3,CV3Alert
dbo.CV3AlertGroup,Tbl_2a65457076304b0dae2985fb2df685e8.htm,dbo,CV3AlertGroup,CV3,CV3Alert
dbo.CV3AlertMessage,Tbl_d7c069f1bd5645c6915bb4b688b192a1.htm,dbo,CV3AlertMessage,CV3,CV3Alert
dbo.CV3AlertMessageRepository,Tbl_aa4933d605954b598b80a809de3f6ee3.htm,dbo,CV3AlertMessageRepository,CV3,CV3Alert
dbo.CV3AlertRepository,Tbl_63d40bcdc97645218b6afd0a2ec563b1.htm,dbo,CV3AlertRepository,CV3,CV3Alert
dbo.CV3Allergen,Tbl_8a9afa38f9274466b892210bfa6804a8.htm,dbo,CV3Allergen,CV3,CV3Aller
dbo.CV3AllergenType,Tbl_901e44d4581b4ec895af628e596314e6.htm,dbo,CV3AllergenType,CV3,CV3Aller
dbo.CV3AllergyConfLevel,Tbl_bc7c77dc2bb5469ca3a2d11d3acaa920.htm,dbo,CV3AllergyConfLevel,CV3,CV3Aller
dbo.CV3AllergyCriticality,Tbl_75416fda7100432c8e79ac34e67d4986.htm,dbo,CV3AllergyCriticality,CV3,CV3Aller
dbo.CV3AllergyDeclSvrtyLevelXref,Tbl_deed3f38a8434be2b804891035f56f2c.htm,dbo,CV3AllergyDeclSvrtyLevelXref,CV3,CV3Aller
dbo.CV3AllergyDeclTemplate,Tbl_a8022ac44d54478c93ee6e6ec93da63b.htm,dbo,CV3AllergyDeclTemplate,CV3,CV3Aller
dbo.CV3AllergyDeclaration,Tbl_295decd6c7164209a7376b99c7e62eb0.htm,dbo,CV3AllergyDeclaration,CV3,CV3Aller
dbo.CV3AllergyInfoSource,Tbl_2f8360390f754f258fe976f1486d2cd0.htm,dbo,CV3AllergyInfoSource,CV3,CV3Aller
dbo.CV3AllergyReactionSeverity,Tbl_c8040b75e5a04073bff59672aea723c1.htm,dbo,CV3AllergyReactionSeverity,CV3,CV3Aller
dbo.CV3AllergySvrtyLevel,Tbl_798d285ef9bd4e68a18c569bd5e8e04e.htm,dbo,CV3AllergySvrtyLevel,CV3,CV3Aller
dbo.CV3AlternateOrder,Tbl_98d838516401430da4106dbb84c4f3e8.htm,dbo,CV3AlternateOrder,CV3,CV3Alter
dbo.CV3AlternativeDrugMappingXRef,Tbl_f4384a4de38b4a00bead5315a1a315c6.htm,dbo,CV3AlternativeDrugMappingXRef,CV3,CV3Alter
dbo.CV3AmbulatoryStatus,Tbl_e772cc72d93147be97ce2a6a7ec45453.htm,dbo,CV3AmbulatoryStatus,CV3,CV3Ambul
dbo.CV3AncillaryCodingStd,Tbl_6d5fa276182a4770976cd4e4d1c72c34.htm,dbo,CV3AncillaryCodingStd,CV3,CV3Ancil
dbo.CV3AncillaryName,Tbl_b0f313091f964dcfa2662da2965354d1.htm,dbo,CV3AncillaryName,CV3,CV3Ancil
dbo.CV3AncillaryOrderID,Tbl_1627c154ceef46ac8249e48c9614de5c.htm,dbo,CV3AncillaryOrderID,CV3,CV3Ancil
dbo.CV3Application,Tbl_7762ec340a17410ba8b7ea83de51134a.htm,dbo,CV3Application,CV3,CV3Appli
dbo.CV3AutoStatusOrderPolicy,Tbl_5d2fdc57e05440979bfc99cc42bcf5a0.htm,dbo,CV3AutoStatusOrderPolicy,CV3,CV3AutoS
dbo.CV3AutoStatusOrderPolicyDtl,Tbl_2262373df4c645bd97ba19d23e87751b.htm,dbo,CV3AutoStatusOrderPolicyDtl,CV3,CV3AutoS
dbo.CV3BasicObservation,Tbl_8109b6e550ab4b888f616983b244fc2c.htm,dbo,CV3BasicObservation,CV3,CV3Basic
dbo.CV3BodySite,Tbl_9563fb3dacda4f98a58b42ef50691cb5.htm,dbo,CV3BodySite,CV3,CV3BodyS
dbo.CV3CalculationOption,Tbl_0f8d3b2878c44fbb81628e83272ace96.htm,dbo,CV3CalculationOption,CV3,CV3Calcu
dbo.CV3CareLevel,Tbl_5372fe981ebb40a683cb4b210fc1131c.htm,dbo,CV3CareLevel,CV3,CV3CareL
dbo.CV3CareProvider,Tbl_0e41a9200c944c3db0b549cd78591154.htm,dbo,CV3CareProvider,CV3,CV3CareP
dbo.CV3CareProviderID,Tbl_eff78c076fa24ffcb41e66c6bb2dd40d.htm,dbo,CV3CareProviderID,CV3,CV3CareP
dbo.CV3CareProviderRoleType,Tbl_6d9c89d568994f7191811f372dbaeb38.htm,dbo,CV3CareProviderRoleType,CV3,CV3CareP
dbo.CV3CareProviderVisitRole,Tbl_9230004763824b34832a1a699ed06776.htm,dbo,CV3CareProviderVisitRole,CV3,CV3CareP
dbo.CV3CatalogClassTypeValue,Tbl_61e611a1cb4a41a08a57708b708032bb.htm,dbo,CV3CatalogClassTypeValue,CV3,CV3Catal
dbo.CV3CatalogItemAllergen,Tbl_9aaab7f7ee3d42dcabcda2dfcc6f6c4d.htm,dbo,CV3CatalogItemAllergen,CV3,CV3Catal
dbo.CV3CatalogItemDosage,Tbl_df3148fce7024f319055fd1737267f7e.htm,dbo,CV3CatalogItemDosage,CV3,CV3Catal
dbo.CV3CatalogItemDuplicate,Tbl_63c6e13af3c64e46bf11ae71722fdf07.htm,dbo,CV3CatalogItemDuplicate,CV3,CV3Catal
dbo.CV3CatalogItemName,Tbl_4d295747cbf444cc9279252efa87348a.htm,dbo,CV3CatalogItemName,CV3,CV3Catal
dbo.CV3CatalogItemTask,Tbl_598463e6b384416094515c3cc281b9e3.htm,dbo,CV3CatalogItemTask,CV3,CV3Catal
dbo.CV3CatalogSetDuplicate,Tbl_13245703f55d44bebae7def8d3d71722.htm,dbo,CV3CatalogSetDuplicate,CV3,CV3Catal
dbo.CV3CatalogTaskDuplicate,Tbl_2f797d89ade048e3b5d058f4a9c11c53.htm,dbo,CV3CatalogTaskDuplicate,CV3,CV3Catal
dbo.CV3CatalogTaskLocationXRef,Tbl_1c95e4201b124fb7afc62614a4996551.htm,dbo,CV3CatalogTaskLocationXRef,CV3,CV3Catal
dbo.CV3CatalogTransmitPolicyXRef,Tbl_67abecff0a5948f5af3eaa833e42a450.htm,dbo,CV3CatalogTransmitPolicyXRef,CV3,CV3Catal
dbo.CV3Chart,Tbl_1898682cab624f029754853f31d67fa2.htm,dbo,CV3Chart,CV3,CV3Chart
dbo.CV3ChartAnnotation,Tbl_b3321cedf4ae40ce90eaf19eb908d192.htm,dbo,CV3ChartAnnotation,CV3,CV3Chart
dbo.CV3ChartFlowsheet,Tbl_2833644c19cc4b8d95d2bc90a8956c31.htm,dbo,CV3ChartFlowsheet,CV3,CV3Chart
dbo.CV3ChartGroup,Tbl_df1409f43a084301acbf3384c2fea1c9.htm,dbo,CV3ChartGroup,CV3,CV3Chart
dbo.CV3ClassType,Tbl_4aeb3de0f87942f9af5d0cb77095aa2b.htm,dbo,CV3ClassType,CV3,CV3Class
dbo.CV3Client,Tbl_7c894420c7dc41109d7e4c4f7bf89637.htm,dbo,CV3Client,CV3,CV3Clien
dbo.CV3ClientContact,Tbl_85a941b7788146678e5fca5b58f66a20.htm,dbo,CV3ClientContact,CV3,CV3Clien
dbo.CV3ClientDocDetailARC,Tbl_b29c47a49307463f84150939a17f7050.htm,dbo,CV3ClientDocDetailARC,CV3,CV3Clien
dbo.CV3ClientDocDetailCUR,Tbl_55b9d800ca504e749cdb73164ed7be83.htm,dbo,CV3ClientDocDetailCUR,CV3,CV3Clien
dbo.CV3ClientDocDetailHistXrefARC,Tbl_ae781059b2d14852831c4731bf80a86d.htm,dbo,CV3ClientDocDetailHistXrefARC,CV3,CV3Clien
dbo.CV3ClientDocDetailHistXrefCUR,Tbl_85b9cdd72f294c3f85027348f21529b9.htm,dbo,CV3ClientDocDetailHistXrefCUR,CV3,CV3Clien
dbo.CV3ClientDocHistoryARC,Tbl_c9f307936a2c4833b9792de8a1a2930a.htm,dbo,CV3ClientDocHistoryARC,CV3,CV3Clien
dbo.CV3ClientDocHistoryCUR,Tbl_2a1fa34779f845d48032402c3606e6c9.htm,dbo,CV3ClientDocHistoryCUR,CV3,CV3Clien
dbo.CV3ClientDocProviderXrefARC,Tbl_7fef5a70d100403ba0b9546c7fb52415.htm,dbo,CV3ClientDocProviderXrefARC,CV3,CV3Clien
dbo.CV3ClientDocProviderXrefCUR,Tbl_14aded8955ee444ebff51a8ce7d6831b.htm,dbo,CV3ClientDocProviderXrefCUR,CV3,CV3Clien
dbo.CV3ClientDocumentARC,Tbl_bdd8036d49ab4a59929e3d8b21b1129f.htm,dbo,CV3ClientDocumentARC,CV3,CV3Clien
dbo.CV3ClientDocumentCUR,Tbl_9f31a905f21a4a53a8f9e61ccd984282.htm,dbo,CV3ClientDocumentCUR,CV3,CV3Clien
dbo.CV3ClientEventDeclTemplate,Tbl_e29cc734067940dfa390951453b9dae4.htm,dbo,CV3ClientEventDeclTemplate,CV3,CV3Clien
dbo.CV3ClientEventDeclaration,Tbl_dd9c1785948c498ebf81879b690e8194.htm,dbo,CV3ClientEventDeclaration,CV3,CV3Clien
dbo.CV3ClientEventText,Tbl_f1ade35075f6455ca89c004d128a9519.htm,dbo,CV3ClientEventText,CV3,CV3Clien
dbo.CV3ClientEventType,Tbl_3d6c455443d942c982fefad004f73d68.htm,dbo,CV3ClientEventType,CV3,CV3Clien
dbo.CV3ClientID,Tbl_aaf6d52e9fb643689b285bfe10a52cb6.htm,dbo,CV3ClientID,CV3,CV3Clien
dbo.CV3ClientIDType,Tbl_02c0b64ae0554bae93153fda53b61980.htm,dbo,CV3ClientIDType,CV3,CV3Clien
dbo.CV3ClientName,Tbl_6deebab793154fa5b5b328bee9ba9135.htm,dbo,CV3ClientName,CV3,CV3Clien
dbo.CV3ClientObsEntryItem,Tbl_ead93a8b1c6f44208da4daee1861a1ac.htm,dbo,CV3ClientObsEntryItem,CV3,CV3Clien
dbo.CV3ClientUserData,Tbl_a66712a961254ab28df21ebbd622d475.htm,dbo,CV3ClientUserData,CV3,CV3Clien
dbo.CV3ClientVisit,Tbl_0442c99734f34291aab121029e7729e1.htm,dbo,CV3ClientVisit,CV3,CV3Clien
dbo.CV3ClientVisitLocation,Tbl_2cea9ca056804b52b82966901681f752.htm,dbo,CV3ClientVisitLocation,CV3,CV3Clien
dbo.CV3ClinicalPathwayHeader,Tbl_a5363cf237a5476fbcd026ae40788ce2.htm,dbo,CV3ClinicalPathwayHeader,CV3,CV3Clini
dbo.CV3ClinicalPathwayOutcome,Tbl_769446bafcbc446e93443503c2033038.htm,dbo,CV3ClinicalPathwayOutcome,CV3,CV3Clini
dbo.CV3CodeSetAttribute,Tbl_430c73f4361b4608817a37cb2e997087.htm,dbo,CV3CodeSetAttribute,CV3,CV3CodeS
dbo.CV3CodedFreqTranslation,Tbl_95442ff8731a4f328b9256af35de23fe.htm,dbo,CV3CodedFreqTranslation,CV3,CV3Coded
dbo.CV3CodedFrequencyGroup,Tbl_81fd4f7f5c9b4f699a519c47e9ca5cf0.htm,dbo,CV3CodedFrequencyGroup,CV3,CV3Coded
dbo.CV3CodedHealthIssue,Tbl_7aad418cf1954e2f9361e21067ef799e.htm,dbo,CV3CodedHealthIssue,CV3,CV3Coded
dbo.CV3CodedHealthIssueSync,Tbl_6ae3eedfd81a47c48364fc3d66ec2089.htm,dbo,CV3CodedHealthIssueSync,CV3,CV3Coded
dbo.CV3CodedHealthIssueType,Tbl_f502888d8be04e7ea7cb6648c2c4a46d.htm,dbo,CV3CodedHealthIssueType,CV3,CV3Coded
dbo.CV3CodedReason,Tbl_1a7ca484c74f4ba7a877ec4ae361b268.htm,dbo,CV3CodedReason,CV3,CV3Coded
dbo.CV3CodedTime,Tbl_01a3055c9909458e83d806626b144c31.htm,dbo,CV3CodedTime,CV3,CV3Coded
dbo.CV3CodedTimeGroup,Tbl_474ab05911e04d5aa464642270e61825.htm,dbo,CV3CodedTimeGroup,CV3,CV3Coded
dbo.CV3CollSchedule,Tbl_bbaa89ac8fd04143b69491c9e789572b.htm,dbo,CV3CollSchedule,CV3,CV3CollS
dbo.CV3CollScheduleDtl,Tbl_2708a69bcc064f4382d4357823432482.htm,dbo,CV3CollScheduleDtl,CV3,CV3CollS
dbo.CV3CollSchedulePolicy,Tbl_2455a9ad37544f3b9985714d5cf0e6f8.htm,dbo,CV3CollSchedulePolicy,CV3,CV3CollS
dbo.CV3CommentDeclaration,Tbl_f64bb4979b4c4e0cb202c0bfb4c771ee.htm,dbo,CV3CommentDeclaration,CV3,CV3Comme
dbo.CV3CommentType,Tbl_76a0900ea4864951a9c089708d19d5cd.htm,dbo,CV3CommentType,CV3,CV3Comme
dbo.CV3CommunicationProcess,Tbl_49fa30a1463449ce9524a72b54c116e9.htm,dbo,CV3CommunicationProcess,CV3,CV3Commu
dbo.CV3CommunicationType,Tbl_6bcaaea5e9234bc1afe4616df4c2affc.htm,dbo,CV3CommunicationType,CV3,CV3Commu
dbo.CV3ComplianceAid,Tbl_1e8e5a5dc2604d07a50c1ca29e2f01ac.htm,dbo,CV3ComplianceAid,CV3,CV3Compl
dbo.CV3ContactType,Tbl_de66fb38d0294370bf8a448be460f82b.htm,dbo,CV3ContactType,CV3,CV3Conta
dbo.CV3CoreUnitOfMeasure,Tbl_30986c5d195f46c684c63d10b4d601ff.htm,dbo,CV3CoreUnitOfMeasure,CV3,CV3CoreU
dbo.CV3CountryDivision,Tbl_6edfdd7a7cb141d780d9f8bc11ec22b5.htm,dbo,CV3CountryDivision,CV3,CV3Count
dbo.CV3CustomMessages,Tbl_2551ea0cf0f04e2e932bceeef147408c.htm,dbo,CV3CustomMessages,CV3,CV3Custo
dbo.CV3CustomizedOrderSelection,Tbl_1953339363984afe9556b37c761e498f.htm,dbo,CV3CustomizedOrderSelection,CV3,CV3Custo
dbo.CV3CustomizedOrderSelectionModHistory,Tbl_2fc5f972f13d4655981363e793bc0f58.htm,dbo,CV3CustomizedOrderSelectionModHistory,CV3,CV3Custo
dbo.CV3CustomizedOrderSelectionXRef,Tbl_9bc4a670fe2247118fbd3d34b9dc069f.htm,dbo,CV3CustomizedOrderSelectionXRef,CV3,CV3Custo
dbo.CV3CustomizedOrderSelectionXRefModHistory,Tbl_5d7d34b0aa2549c2b91f75f521bf6b2e.htm,dbo,CV3CustomizedOrderSelectionXRefModHistory,CV3,CV3Custo
dbo.CV3DailySummaryFSDocXref,Tbl_76a183c9430e4f6aadc43fac8723e8ed.htm,dbo,CV3DailySummaryFSDocXref,CV3,CV3Daily
dbo.CV3DataItem,Tbl_387b85c3856042c0a22de643fed2f48a.htm,dbo,CV3DataItem,CV3,CV3DataI
dbo.CV3DataType,Tbl_a1a2426dd82d495eb95864c9914f0da8.htm,dbo,CV3DataType,CV3,CV3DataT
dbo.CV3DateReference,Tbl_8f1a04f996964afa8761c89cf73955df.htm,dbo,CV3DateReference,CV3,CV3DateR
dbo.CV3DiagnosticExtension,Tbl_4993779f4f8449c5b7f6853eab967ca2.htm,dbo,CV3DiagnosticExtension,CV3,CV3Diagn
dbo.CV3Diluent,Tbl_e48c162525db488180a473337bb21a71.htm,dbo,CV3Diluent,CV3,CV3Dilue
dbo.CV3DischargeDisposition,Tbl_8c3df950fd1a4b18a21955dd1c97a100.htm,dbo,CV3DischargeDisposition,CV3,CV3Disch
dbo.CV3DischargeLocation,Tbl_24719a64b46e43eab6f7d5430316182d.htm,dbo,CV3DischargeLocation,CV3,CV3Disch
dbo.CV3Discipline,Tbl_88c562e0768b43b5bb732772e6843126.htm,dbo,CV3Discipline,CV3,CV3Disci
dbo.CV3DispensingSource,Tbl_f806fe33f71144fc88dc391202b31e3a.htm,dbo,CV3DispensingSource,CV3,CV3Dispe
dbo.CV3DocumentBrowseItem,Tbl_668ebec216e548118980dddb6a958efe.htm,dbo,CV3DocumentBrowseItem,CV3,CV3Docum
dbo.CV3DocumentDetailPhoneNoteCategory,Tbl_71606e4f18894771a3fd6d11e31118ce.htm,dbo,CV3DocumentDetailPhoneNoteCategory,CV3,CV3Docum
dbo.CV3DocumentHeadingItem,Tbl_4ce197a6151f41ba83a33cb72bd4a5c7.htm,dbo,CV3DocumentHeadingItem,CV3,CV3Docum
dbo.CV3DocumentHeadingName,Tbl_c683b0aa97fe468f825090db9dfff563.htm,dbo,CV3DocumentHeadingName,CV3,CV3Docum
dbo.CV3DocumentHealthIssueDecl,Tbl_69fad0f26311498090a673e23d45161c.htm,dbo,CV3DocumentHealthIssueDecl,CV3,CV3Docum
dbo.CV3DocumentReviewCategory,Tbl_e4894ed4243548089c4886782947a493.htm,dbo,CV3DocumentReviewCategory,CV3,CV3Docum
dbo.CV3DocumentSecurityCategory,Tbl_4794710f64c744fb9cc62fd69095623c.htm,dbo,CV3DocumentSecurityCategory,CV3,CV3Docum
dbo.CV3DocumentSource,Tbl_7f41bdf6707a4d8092c0edeb4b4b8954.htm,dbo,CV3DocumentSource,CV3,CV3Docum
dbo.CV3DosageCriteriaType,Tbl_3e5aee66fa5f4c8a9744e00ee84fdbab.htm,dbo,CV3DosageCriteriaType,CV3,CV3Dosag
dbo.CV3DoseBasisGroup,Tbl_29b00827b7ca461c91d621824e4e168e.htm,dbo,CV3DoseBasisGroup,CV3,CV3DoseB
dbo.CV3DoseBasisGroupDtl,Tbl_9f105474fc074196ad0bade0b395e8e5.htm,dbo,CV3DoseBasisGroupDtl,CV3,CV3DoseB
dbo.CV3DoseFormToUOMXref,Tbl_fb4f06b6b32a47188378030fd219608d.htm,dbo,CV3DoseFormToUOMXref,CV3,CV3DoseF
dbo.CV3DosingOption,Tbl_0d08e683c43d46959d66e56dc39fcabb.htm,dbo,CV3DosingOption,CV3,CV3Dosin
dbo.CV3DosingOptionGridColumn,Tbl_60eb231ddb524199966ea1cf1c67b7d3.htm,dbo,CV3DosingOptionGridColumn,CV3,CV3Dosin
dbo.CV3DosingOptionGridRow,Tbl_96f3396245bb4266bcfdacb60572d96c.htm,dbo,CV3DosingOptionGridRow,CV3,CV3Dosin
dbo.CV3DosingOptionGroup,Tbl_e26fd564f09848e7a45f272f96a29d31.htm,dbo,CV3DosingOptionGroup,CV3,CV3Dosin
dbo.CV3DosingOptionGroupXref,Tbl_a12d70c195394906ab47a157ff63d3ec.htm,dbo,CV3DosingOptionGroupXref,CV3,CV3Dosin
dbo.CV3DrugMapping,Tbl_1bb4088772314f24a3a865efb17ef6ff.htm,dbo,CV3DrugMapping,CV3,CV3DrugM
dbo.CV3DrugMappingXRef,Tbl_b1df8058069e47e289b71757e8f6a6d2.htm,dbo,CV3DrugMappingXRef,CV3,CV3DrugM
dbo.CV3DurationUnitAbbreviation,Tbl_ee00a685987a475d8927902f606fdb9c.htm,dbo,CV3DurationUnitAbbreviation,CV3,CV3Durat
dbo.CV3Eligibility,Tbl_0638ff6761364ec4b6fe9435b337bed2.htm,dbo,CV3Eligibility,CV3,CV3Eligi
dbo.CV3EmploymentType,Tbl_67d976728556429f83bf5a9520f595fa.htm,dbo,CV3EmploymentType,CV3,CV3Emplo
dbo.CV3EnterpriseChartData,Tbl_af260d735cf24773a975445a5b4dabb9.htm,dbo,CV3EnterpriseChartData,CV3,CV3Enter
dbo.CV3EnterpriseClientData,Tbl_1259731b75a14bbfbc5878b0213f0530.htm,dbo,CV3EnterpriseClientData,CV3,CV3Enter
dbo.CV3EnterpriseColumnData,Tbl_930f46f9b47846e1a85b2916fc31b11f.htm,dbo,CV3EnterpriseColumnData,CV3,CV3Enter
dbo.CV3EnterpriseColumnDef,Tbl_0721b7c535f24822b483692c90db585e.htm,dbo,CV3EnterpriseColumnDef,CV3,CV3Enter
dbo.CV3EnterpriseVisitData,Tbl_a72f7921890b4a29a470e7e622e5e185.htm,dbo,CV3EnterpriseVisitData,CV3,CV3Enter
dbo.CV3EnumReference,Tbl_1d5daac3cf754197ba1c1f14cbefe70b.htm,dbo,CV3EnumReference,CV3,CV3EnumR
dbo.CV3FRPContract,Tbl_1b2171e698d347dd80757ceacf32b13b.htm,dbo,CV3FRPContract,CV3,CV3FRPCo
dbo.CV3FamilyHistory,Tbl_c1c65a08fa7f413eb3452c5112f75fbd.htm,dbo,CV3FamilyHistory,CV3,CV3Famil
dbo.CV3FamilyMemberInfo,Tbl_ea36847cdf2e4bd8b8268ea3cb261482.htm,dbo,CV3FamilyMemberInfo,CV3,CV3Famil
dbo.CV3FindPatientExtendedConfig,Tbl_2439ae2bb6974b49b64da91b7895e2f1.htm,dbo,CV3FindPatientExtendedConfig,CV3,CV3FindP
dbo.CV3FindPatientExtendedConfigRsltColXRef,Tbl_4b7ffe1453c843aa93dfde1dfa515ccb.htm,dbo,CV3FindPatientExtendedConfigRsltColXRef,CV3,CV3FindP
dbo.CV3FixedScheduleDefinition,Tbl_e9cb384ade804dc1858445a14f58b59e.htm,dbo,CV3FixedScheduleDefinition,CV3,CV3Fixed
dbo.CV3Flowsheet,Tbl_a1e3354df91f4ead9296c5119c657fcf.htm,dbo,CV3Flowsheet,CV3,CV3Flows
dbo.CV3FlowsheetMasterSequence,Tbl_71783aeff8d947dd8564953d7033b14b.htm,dbo,CV3FlowsheetMasterSequence,CV3,CV3Flows
dbo.CV3FlowsheetVersion,Tbl_fbd18855208149478d7b46c8ac046d14.htm,dbo,CV3FlowsheetVersion,CV3,CV3Flows
dbo.CV3FlowsheetVersionItem,Tbl_2f05a34489644994a22e3675e25dff4f.htm,dbo,CV3FlowsheetVersionItem,CV3,CV3Flows
dbo.CV3Frequency,Tbl_8c32f6a3412644e4b698b1f74514ab88.htm,dbo,CV3Frequency,CV3,CV3Frequ
dbo.CV3FrequencyGroupXRef,Tbl_0a456abd85284545864d4f3bb333cc1c.htm,dbo,CV3FrequencyGroupXRef,CV3,CV3Frequ
dbo.CV3Gender,Tbl_a43f893150b4428287abe0a6afca80d9.htm,dbo,CV3Gender,CV3,CV3Gende
dbo.CV3GraphAttribute,Tbl_950c6a18501b47429071b2aba003d60e.htm,dbo,CV3GraphAttribute,CV3,CV3Graph
dbo.CV3GraphDataItem,Tbl_53a0dd291639480a99dc22128de4cb72.htm,dbo,CV3GraphDataItem,CV3,CV3Graph
dbo.CV3GraphObj,Tbl_5b10a9febd814c8193803a46681709a3.htm,dbo,CV3GraphObj,CV3,CV3Graph
dbo.CV3GraphSubgraphXref,Tbl_f3a4483d1eb140aa8d8a6013386f810a.htm,dbo,CV3GraphSubgraphXref,CV3,CV3Graph
dbo.CV3GroupCodedTimes,Tbl_b4c007c5fc244ade9f0fe9fc119eb94b.htm,dbo,CV3GroupCodedTimes,CV3,CV3Group
dbo.CV3HL7LocationType,Tbl_91fd941c95fd4fc594a43125875146f2.htm,dbo,CV3HL7LocationType,CV3,CV3HL7Lo
dbo.CV3HL7UserMap,Tbl_b745af1dd77a44009cac876dcc813898.htm,dbo,CV3HL7UserMap,CV3,CV3HL7Us
dbo.CV3HealthIssueBodySiteXref,Tbl_d06652ebb94940308ece53efa84839ef.htm,dbo,CV3HealthIssueBodySiteXref,CV3,CV3Healt
dbo.CV3HealthIssueBrowseItem,Tbl_ec0279ac62754f6293a1301baee3a400.htm,dbo,CV3HealthIssueBrowseItem,CV3,CV3Healt
dbo.CV3HealthIssueDeclTemplate,Tbl_862a2db57d3f41e78c95e1942d603e0c.htm,dbo,CV3HealthIssueDeclTemplate,CV3,CV3Healt
dbo.CV3HealthIssueDeclaration,Tbl_0af8c2cf1faa44e58cf8186e1b89a642.htm,dbo,CV3HealthIssueDeclaration,CV3,CV3Healt
dbo.CV3HealthIssueStatus,Tbl_c0266e133a4c49999acf4636df75399c.htm,dbo,CV3HealthIssueStatus,CV3,CV3Healt
dbo.CV3HealthIssueType,Tbl_13680987ff8b4f33bdd7a227e3894530.htm,dbo,CV3HealthIssueType,CV3,CV3Healt
dbo.CV3HealthIssueTypeAllowCopyToXRef,Tbl_6187684129f144e781a6a33077b5e1d4.htm,dbo,CV3HealthIssueTypeAllowCopyToXRef,CV3,CV3Healt
dbo.CV3HealthIssueTypeCodingSchemeXRef,Tbl_a2f149152fac460a97793ce9e79904be.htm,dbo,CV3HealthIssueTypeCodingSchemeXRef,CV3,CV3Healt
dbo.CV3HealthIssueTypeStatusXRef,Tbl_424317fb19fb4db1bef081f14d1f6bb3.htm,dbo,CV3HealthIssueTypeStatusXRef,CV3,CV3Healt
dbo.CV3HomeMedicationStatusHistory,Tbl_49726388cb45486caed9fae6e72b969f.htm,dbo,CV3HomeMedicationStatusHistory,CV3,CV3HomeM
dbo.CV3IDRange,Tbl_c7d7278e477e4552927c3ec38ca6b164.htm,dbo,CV3IDRange,CV3,CV3IDRan
dbo.CV3IntakeSubtype,Tbl_93aab07baf434c54afd5a8fc6fc9956a.htm,dbo,CV3IntakeSubtype,CV3,CV3Intak
dbo.CV3InterfaceDocDestination,Tbl_708efb15d3af457b8b64062e898c3526.htm,dbo,CV3InterfaceDocDestination,CV3,CV3Inter
dbo.CV3InterfaceStatus,Tbl_186ad3410a004d71b149a5016ae5cf58.htm,dbo,CV3InterfaceStatus,CV3,CV3Inter
dbo.CV3KnowledgeItemDataEntrySub,Tbl_78f1d33386f14ed7987c51282c740ea6.htm,dbo,CV3KnowledgeItemDataEntrySub,CV3,CV3Knowl
dbo.CV3KnowledgeItemTextLine,Tbl_a67085ce57fd46d09bb5e3968ab1bf22.htm,dbo,CV3KnowledgeItemTextLine,CV3,CV3Knowl
dbo.CV3KnowledgeTreeItem,Tbl_9a43b22117034a1999524f91d3ac048a.htm,dbo,CV3KnowledgeTreeItem,CV3,CV3Knowl
dbo.CV3Language,Tbl_f62929b5565a4cd8a05a61b6c590452f.htm,dbo,CV3Language,CV3,CV3Langu
dbo.CV3Location,Tbl_a60d258578c74b8d9548ede3b82c7b54.htm,dbo,CV3Location,CV3,CV3Locat
dbo.CV3LocationFunctionGroup,Tbl_1ec21587f1344577b1356c017a6c169f.htm,dbo,CV3LocationFunctionGroup,CV3,CV3Locat
dbo.CV3LocationFunctionGroupXref,Tbl_df38adfdfb8c49259297a36c8ffb9ad7.htm,dbo,CV3LocationFunctionGroupXref,CV3,CV3Locat
dbo.CV3LocationScheduleXRef,Tbl_e9a1996aa42f4966ae20791e96edbfa8.htm,dbo,CV3LocationScheduleXRef,CV3,CV3Locat
dbo.CV3LocationType,Tbl_dd7cbcd4a71d46f086000e78ee188022.htm,dbo,CV3LocationType,CV3,CV3Locat
dbo.CV3LocnFacility,Tbl_8437b574bec642f5a30cc7b0074f66db.htm,dbo,CV3LocnFacility,CV3,CV3LocnF
dbo.CV3LogicalPrinter,Tbl_f285e5d380c34810b68960ea06ef6c10.htm,dbo,CV3LogicalPrinter,CV3,CV3Logic
dbo.CV3MaritalStatus,Tbl_4990a6043ab74ab6a78e1173ad563975.htm,dbo,CV3MaritalStatus,CV3,CV3Marit
dbo.CV3MedicationExtension,Tbl_f61b862d4155416299c5802c26bf71aa.htm,dbo,CV3MedicationExtension,CV3,CV3Medic
dbo.CV3MedicationForm,Tbl_54a77f5f29164b23a87228a325aba44a.htm,dbo,CV3MedicationForm,CV3,CV3Medic
dbo.CV3MedicationOrigin,Tbl_b436fabdbd614ecdafd3fe05882f808f.htm,dbo,CV3MedicationOrigin,CV3,CV3Medic
dbo.CV3MultimediaLink,Tbl_60cf690911f04271a5c279912c51bf52.htm,dbo,CV3MultimediaLink,CV3,CV3Multi
dbo.CV3MultumDosageRange,Tbl_a79ec786ebf84938918c04eaa29aec12.htm,dbo,CV3MultumDosageRange,CV3,CV3Multu
dbo.CV3OPOCarryforwardSettings,Tbl_dadb7699835140a29e27245ea31eb528.htm,dbo,CV3OPOCarryforwardSettings,CV3,CV3OPOCa
dbo.CV3OPOFollowupComment,Tbl_86f5326c981848beaf86c5e3f5525c4d.htm,dbo,CV3OPOFollowupComment,CV3,CV3OPOFo
dbo.CV3OPOInlinePanelSettings,Tbl_a1614508a6404d53934f5c93c534200e.htm,dbo,CV3OPOInlinePanelSettings,CV3,CV3OPOIn
dbo.CV3ObsCatalogItem,Tbl_1453f0c5d1624fcb903b5983f6e18332.htm,dbo,CV3ObsCatalogItem,CV3,CV3ObsCa
dbo.CV3ObsCatalogItemName,Tbl_f041997856244861968a8d275215038e.htm,dbo,CV3ObsCatalogItemName,CV3,CV3ObsCa
dbo.CV3ObsCatalogMasterItem,Tbl_60f61bd973144a4fa0aa1cea2abdbacf.htm,dbo,CV3ObsCatalogMasterItem,CV3,CV3ObsCa
dbo.CV3ObsCatalogModifierXref,Tbl_69bbc877834e4121b6a78fa5436e902a.htm,dbo,CV3ObsCatalogModifierXref,CV3,CV3ObsCa
dbo.CV3ObsCatalogSet,Tbl_8fa8cc3d97b3473fa1de7a1597102ce7.htm,dbo,CV3ObsCatalogSet,CV3,CV3ObsCa
dbo.CV3ObsCatalogSetItem,Tbl_99d22eb955684044b5263e59b3a87b70.htm,dbo,CV3ObsCatalogSetItem,CV3,CV3ObsCa
dbo.CV3ObsCatalogSetItemVersion,Tbl_0330cd18c567448bbebacd5dc5fa2ed4.htm,dbo,CV3ObsCatalogSetItemVersion,CV3,CV3ObsCa
dbo.CV3ObsCommentTextLine,Tbl_5414956aed5348c985dc72b4b1dd3f3f.htm,dbo,CV3ObsCommentTextLine,CV3,CV3ObsCo
dbo.CV3ObsItemDefaultModifier,Tbl_b8193c674d754bcb99410a8d92ccd56d.htm,dbo,CV3ObsItemDefaultModifier,CV3,CV3ObsIt
dbo.CV3ObsModifierItem,Tbl_523928385a554b85896e08424135d48b.htm,dbo,CV3ObsModifierItem,CV3,CV3ObsMo
dbo.CV3ObsValidValue,Tbl_3df8e0fc577947539a479675f5665656.htm,dbo,CV3ObsValidValue,CV3,CV3ObsVa
dbo.CV3ObservationARC,Tbl_11960d21582345e38d03fc2b7491fdac.htm,dbo,CV3ObservationARC,CV3,CV3Obser
dbo.CV3ObservationCUR,Tbl_b3c453abe7f946a2ab98efd897cbf9ae.htm,dbo,CV3ObservationCUR,CV3,CV3Obser
dbo.CV3ObservationDocumentARC,Tbl_b294a314294a4427ab8befa50edd54ca.htm,dbo,CV3ObservationDocumentARC,CV3,CV3Obser
dbo.CV3ObservationDocumentCUR,Tbl_701fb0fbf7a24412918bb86e9bc178fc.htm,dbo,CV3ObservationDocumentCUR,CV3,CV3Obser
dbo.CV3ObservationEntryItem,Tbl_5745bc85f6fd4810a018e3ee4300a4a0.htm,dbo,CV3ObservationEntryItem,CV3,CV3Obser
dbo.CV3ObservationModifier,Tbl_d074401d40b14a6697ad6845ba85e83d.htm,dbo,CV3ObservationModifier,CV3,CV3Obser
dbo.CV3ObservationXInfoARC,Tbl_3d7986af7979444c8fba5a2503e74c0c.htm,dbo,CV3ObservationXInfoARC,CV3,CV3Obser
dbo.CV3ObservationXInfoCUR,Tbl_7a04271094cc468681af1ef7d59b60a8.htm,dbo,CV3ObservationXInfoCUR,CV3,CV3Obser
dbo.CV3Occupation,Tbl_ed7409734a464a97836f52f17a10fcf5.htm,dbo,CV3Occupation,CV3,CV3Occup
dbo.CV3Order,Tbl_e0e3a8ed21bb478c903b867ee5d61297.htm,dbo,CV3Order,CV3,CV3Order
dbo.CV3OrderACRSelectIndicationXRef,Tbl_ca438615ea0f48eab87e8945999a580c.htm,dbo,CV3OrderACRSelectIndicationXRef,CV3,CV3Order
dbo.CV3OrderAddnlInfo,Tbl_86613a5b36714ec4b6cbc40b283db6a9.htm,dbo,CV3OrderAddnlInfo,CV3,CV3Order
dbo.CV3OrderAvailabilityPolicy,Tbl_760de58aa7d244f8aeea1345b3807a6b.htm,dbo,CV3OrderAvailabilityPolicy,CV3,CV3Order
dbo.CV3OrderAvailabilityPolicyDtl,Tbl_33d88ea56d694f83a242b115e457c37b.htm,dbo,CV3OrderAvailabilityPolicyDtl,CV3,CV3Order
dbo.CV3OrderAvailabilityPolicyXRef,Tbl_730837160d3540b89e8b89784df5485a.htm,dbo,CV3OrderAvailabilityPolicyXRef,CV3,CV3Order
dbo.CV3OrderBrowseItem,Tbl_a33b6a6ce4ba4ec699544ef97d40b9ee.htm,dbo,CV3OrderBrowseItem,CV3,CV3Order
dbo.CV3OrderCatalogItem,Tbl_338607b0f3544119a03025449e5d2875.htm,dbo,CV3OrderCatalogItem,CV3,CV3Order
dbo.CV3OrderCatalogMasterItem,Tbl_c08043fea8c14a8db73b7e7b8492884f.htm,dbo,CV3OrderCatalogMasterItem,CV3,CV3Order
dbo.CV3OrderCatalogSet,Tbl_d3f96010fd834ce8b47fda2da8d243d7.htm,dbo,CV3OrderCatalogSet,CV3,CV3Order
dbo.CV3OrderClientDocumentXref,Tbl_f7c3a31c3c6148b5a774565cea8b8d58.htm,dbo,CV3OrderClientDocumentXref,CV3,CV3Order
dbo.CV3OrderComponent,Tbl_829069523ef240f491562e9ec7135465.htm,dbo,CV3OrderComponent,CV3,CV3Order
dbo.CV3OrderCostDisplayPolicy,Tbl_0f0d22fb69584af795875538bbcb7f9c.htm,dbo,CV3OrderCostDisplayPolicy,CV3,CV3Order
dbo.CV3OrderCostDisplayPolicyDtl,Tbl_826db2f3cfc647fabdba6cccd39bc789.htm,dbo,CV3OrderCostDisplayPolicyDtl,CV3,CV3Order
dbo.CV3OrderDuplicatePolicy,Tbl_21320184dfdd4a8b93ee7d68503c8636.htm,dbo,CV3OrderDuplicatePolicy,CV3,CV3Order
dbo.CV3OrderDuplicatePolicyDtl,Tbl_624d049423e74c0bb6c75b0233002a3f.htm,dbo,CV3OrderDuplicatePolicyDtl,CV3,CV3Order
dbo.CV3OrderEntryField,Tbl_a999fe0367734f549cb82e0ebcf459ab.htm,dbo,CV3OrderEntryField,CV3,CV3Order
dbo.CV3OrderEntryFieldGridItem,Tbl_a500f2870f6b4477aee84fccc643375f.htm,dbo,CV3OrderEntryFieldGridItem,CV3,CV3Order
dbo.CV3OrderEntryFieldProperty,Tbl_86ffa37a8b194c9ca5455e377a896a12.htm,dbo,CV3OrderEntryFieldProperty,CV3,CV3Order
dbo.CV3OrderEntryForm,Tbl_e4a6d1b322dc44909ac2797e9ecb3eda.htm,dbo,CV3OrderEntryForm,CV3,CV3Order
dbo.CV3OrderFieldState,Tbl_58d29a3129184242ae429f5d29914b4e.htm,dbo,CV3OrderFieldState,CV3,CV3Order
dbo.CV3OrderModificationHistory,Tbl_d74570d4de5f458fbd00d4cc6182f1cc.htm,dbo,CV3OrderModificationHistory,CV3,CV3Order
dbo.CV3OrderPathway,Tbl_74e24b6cf3bb4a439bd4a990d357e83f.htm,dbo,CV3OrderPathway,CV3,CV3Order
dbo.CV3OrderPathwayHeader,Tbl_8465d6eb583d4ee59fb078c0468ab107.htm,dbo,CV3OrderPathwayHeader,CV3,CV3Order
dbo.CV3OrderPriority,Tbl_197176879af64734b8bee12b75b7f7f3.htm,dbo,CV3OrderPriority,CV3,CV3Order
dbo.CV3OrderRecAdmDischargePolicyDtl,Tbl_455b9e101f2d41b8a123f2aa3722ee4e.htm,dbo,CV3OrderRecAdmDischargePolicyDtl,CV3,CV3Order
dbo.CV3OrderRecCareProvChangePolicyDtl,Tbl_cc3b6674def04a50953f8792d9991c43.htm,dbo,CV3OrderRecCareProvChangePolicyDtl,CV3,CV3Order
dbo.CV3OrderRecLocnChangePolicyDtl,Tbl_1f175bd780854dd4b645623ca06289b8.htm,dbo,CV3OrderRecLocnChangePolicyDtl,CV3,CV3Order
dbo.CV3OrderRecPolicyReconcileTypesXRef,Tbl_7c540c04811546b5a85fb1fc274f7025.htm,dbo,CV3OrderRecPolicyReconcileTypesXRef,CV3,CV3Order
dbo.CV3OrderRecUpdateStatusPolicy,Tbl_2c7b437907df4bad94d358d0ffddae53.htm,dbo,CV3OrderRecUpdateStatusPolicy,CV3,CV3Order
dbo.CV3OrderRecUpdateStatusPolicyMedFieldsXRef,Tbl_cc2be5277deb4ff49f1eaca2336480e9.htm,dbo,CV3OrderRecUpdateStatusPolicyMedFieldsXRef,CV3,CV3Order
dbo.CV3OrderRecVisitTypeCareLevelServChangePolicyDtl,Tbl_66f324346a65488481d742d83288948e.htm,dbo,CV3OrderRecVisitTypeCareLevelServChangePolicyDtl,CV3,CV3Order
dbo.CV3OrderReconcile,Tbl_5c591adb178b429fa2a8df47206493ae.htm,dbo,CV3OrderReconcile,CV3,CV3Order
dbo.CV3OrderReconcileComment,Tbl_27df2f7372a34e199af6698945d32c87.htm,dbo,CV3OrderReconcileComment,CV3,CV3Order
dbo.CV3OrderReconcileCommentTypeXRef,Tbl_a0bd78218e5343309f87a152035c44ab.htm,dbo,CV3OrderReconcileCommentTypeXRef,CV3,CV3Order
dbo.CV3OrderReconcileDtl,Tbl_aab85bf58ead4e74957ce552864bf944.htm,dbo,CV3OrderReconcileDtl,CV3,CV3Order
dbo.CV3OrderReconcileInfoSource,Tbl_385f7e9acf4549fab5c35ca3a10f2624.htm,dbo,CV3OrderReconcileInfoSource,CV3,CV3Order
dbo.CV3OrderReconcileOrderXRef,Tbl_78755160eecf4e61b1f4168ed10df56d.htm,dbo,CV3OrderReconcileOrderXRef,CV3,CV3Order
dbo.CV3OrderReconcileRqmt,Tbl_eb2b0bc49346404e9163f53ec2328e9e.htm,dbo,CV3OrderReconcileRqmt,CV3,CV3Order
dbo.CV3OrderReconcileRqmtLinkXRef,Tbl_3582af4c919a4b2a9140db9f57b56cea.htm,dbo,CV3OrderReconcileRqmtLinkXRef,CV3,CV3Order
dbo.CV3OrderReconcileRqmtTypeXRef,Tbl_b607d62567db4e2183a30e4804a8ca96.htm,dbo,CV3OrderReconcileRqmtTypeXRef,CV3,CV3Order
dbo.CV3OrderReconcileStatusHistory,Tbl_2148fe8766f84ac4889b960a053b1fa1.htm,dbo,CV3OrderReconcileStatusHistory,CV3,CV3Order
dbo.CV3OrderReconcileStatusHistoryReqByXRef,Tbl_de8c9a22691a4c029dd2d805cdf72066.htm,dbo,CV3OrderReconcileStatusHistoryReqByXRef,CV3,CV3Order
dbo.CV3OrderReconcileType,Tbl_032282718c7b4142a3194d7ab701fc97.htm,dbo,CV3OrderReconcileType,CV3,CV3Order
dbo.CV3OrderReconcileVerifyXRef,Tbl_7bb44c955dc84ba2b7436182280339c4.htm,dbo,CV3OrderReconcileVerifyXRef,CV3,CV3Order
dbo.CV3OrderReferenceDate,Tbl_f0f7b4be6a734acea362cc67b49434de.htm,dbo,CV3OrderReferenceDate,CV3,CV3Order
dbo.CV3OrderRepeatTime,Tbl_f80ff7d3d416411bac7881f2ac77c6ca.htm,dbo,CV3OrderRepeatTime,CV3,CV3Order
dbo.CV3OrderReviewCategory,Tbl_9d77fd45c9e74c9b88413454468cf5f6.htm,dbo,CV3OrderReviewCategory,CV3,CV3Order
dbo.CV3OrderRoleType,Tbl_ee1be8bd83cb49f494d721b339e8ad93.htm,dbo,CV3OrderRoleType,CV3,CV3Order
dbo.CV3OrderRoute,Tbl_025d1c0f392a4ffeab1f2f14bb1f0fd6.htm,dbo,CV3OrderRoute,CV3,CV3Order
dbo.CV3OrderRouteModifier,Tbl_8cd87ccd27164f09bb29a49b9e18a6f1.htm,dbo,CV3OrderRouteModifier,CV3,CV3Order
dbo.CV3OrderSessionType,Tbl_776fc0c2e96442dc91ff197a7af68d60.htm,dbo,CV3OrderSessionType,CV3,CV3Order
dbo.CV3OrderSet,Tbl_f937ae1c790b4f6a88e51fc3119178ab.htm,dbo,CV3OrderSet,CV3,CV3Order
dbo.CV3OrderSetDrugMappingXRef,Tbl_823d9c8bf7d9467faca11e0ad08b4053.htm,dbo,CV3OrderSetDrugMappingXRef,CV3,CV3Order
dbo.CV3OrderSetItemFieldMap,Tbl_37c625a760b94a6a98756ffc74a6a09d.htm,dbo,CV3OrderSetItemFieldMap,CV3,CV3Order
dbo.CV3OrderSetMappedFieldValue,Tbl_76ed9317ce454a62908363b6a1a67e96.htm,dbo,CV3OrderSetMappedFieldValue,CV3,CV3Order
dbo.CV3OrderSetModificationHistory,Tbl_88dfae02746b48e4b43acc9f2ea8d802.htm,dbo,CV3OrderSetModificationHistory,CV3,CV3Order
dbo.CV3OrderStatus,Tbl_efc2a3c90167437e9caf9441d7dbb50a.htm,dbo,CV3OrderStatus,CV3,CV3Order
dbo.CV3OrderStatusHistory,Tbl_fd3dbdaf6b854d30978cb8305db167c1.htm,dbo,CV3OrderStatusHistory,CV3,CV3Order
dbo.CV3OrderTask,Tbl_09908ebf86ac4d5998d0aaec1d4d1778.htm,dbo,CV3OrderTask,CV3,CV3Order
dbo.CV3OrderTaskOccurrence,Tbl_dbb8e88c142348ee9315e41169fcc3d0.htm,dbo,CV3OrderTaskOccurrence,CV3,CV3Order
dbo.CV3OrderTemplateModificationHistory,Tbl_23f8bf918e9443d18eca705074f1e463.htm,dbo,CV3OrderTemplateModificationHistory,CV3,CV3Order
dbo.CV3OrderTransmitPolicy,Tbl_89017d587b8e4dd081989f19c69af701.htm,dbo,CV3OrderTransmitPolicy,CV3,CV3Order
dbo.CV3OrderTransmitPolicyDtl,Tbl_e43b54a568614b23bcd6b687fd7a82e5.htm,dbo,CV3OrderTransmitPolicyDtl,CV3,CV3Order
dbo.CV3OrderType,Tbl_a06fbfa283f44091801c63a9127bb5fb.htm,dbo,CV3OrderType,CV3,CV3Order
dbo.CV3OrderUserData,Tbl_0e32be5120024223a26080d1f750da6a.htm,dbo,CV3OrderUserData,CV3,CV3Order
dbo.CV3OrderVariableComponent,Tbl_ae8665ea2e884d999d4af678736055eb.htm,dbo,CV3OrderVariableComponent,CV3,CV3Order
dbo.CV3OrderVerifyXref,Tbl_21efbe00e6fe4818b038ef851c784873.htm,dbo,CV3OrderVerifyXref,CV3,CV3Order
dbo.CV3OrderXRef,Tbl_18f1278a453d4a4781c78d977becda18.htm,dbo,CV3OrderXRef,CV3,CV3Order
dbo.CV3OrganizationalUnit,Tbl_87335427dbb3484684f111ec94e1aaf7.htm,dbo,CV3OrganizationalUnit,CV3,CV3Organ
dbo.CV3Outcome,Tbl_e12be8b2f1b946858ac7840938ebaf3f.htm,dbo,CV3Outcome,CV3,CV3Outco
dbo.CV3OutcomeEvalStatus,Tbl_ef0f4862781348af9284e37c12629b9f.htm,dbo,CV3OutcomeEvalStatus,CV3,CV3Outco
dbo.CV3OutpatientOrder,Tbl_63ba3472e1484556a6592d7b3951d879.htm,dbo,CV3OutpatientOrder,CV3,CV3Outpa
dbo.CV3OutputSubtype,Tbl_6696fc81854e473cb2d8a3950e485288.htm,dbo,CV3OutputSubtype,CV3,CV3Outpu
dbo.CV3PatientCareDocument,Tbl_add1f9f0201f4abd878c6beefd28f063.htm,dbo,CV3PatientCareDocument,CV3,CV3Patie
dbo.CV3PatientCareDocumentName,Tbl_17b724bd52d343c08a82dc3d9819f1c1.htm,dbo,CV3PatientCareDocumentName,CV3,CV3Patie
dbo.CV3PatientHeaderLine,Tbl_065955de90c6497f892f3dd4582b7772.htm,dbo,CV3PatientHeaderLine,CV3,CV3Patie
dbo.CV3PatientHeaderLineField,Tbl_22a126c3734d4d36977bc8aa6d9b5c15.htm,dbo,CV3PatientHeaderLineField,CV3,CV3Patie
dbo.CV3PatientHeaderLineFieldProperty,Tbl_73f1f8077dc9497c827f6ea54f2fea49.htm,dbo,CV3PatientHeaderLineFieldProperty,CV3,CV3Patie
dbo.CV3PerformingOrganization,Tbl_2ce11bbb75184d2eac61cb608f50f0e8.htm,dbo,CV3PerformingOrganization,CV3,CV3Perfo
dbo.CV3PerformingOrganizationAddress,Tbl_3a5abbfb353841abbcd19af7b6718685.htm,dbo,CV3PerformingOrganizationAddress,CV3,CV3Perfo
dbo.CV3PerformingOrganizationPerson,Tbl_d13f779b88ba4765ad4835238edf2f4c.htm,dbo,CV3PerformingOrganizationPerson,CV3,CV3Perfo
dbo.CV3Phone,Tbl_de63ba184b884bee94b307f98037ea06.htm,dbo,CV3Phone,CV3,CV3Phone
dbo.CV3PhoneType,Tbl_6514100882bd4dd1953cec78e16916a6.htm,dbo,CV3PhoneType,CV3,CV3Phone
dbo.CV3PhysicalNoteDeclaration,Tbl_47335c87485e48afbd78364a00a10e58.htm,dbo,CV3PhysicalNoteDeclaration,CV3,CV3Physi
dbo.CV3PhysicalNoteType,Tbl_a97e933edcc6485b8db3b356d1959f50.htm,dbo,CV3PhysicalNoteType,CV3,CV3Physi
dbo.CV3PregnancyInfoSource,Tbl_4b5dbf7ecc104621bd92c8d707c3e1ea.htm,dbo,CV3PregnancyInfoSource,CV3,CV3Pregn
dbo.CV3PrivacyStatus,Tbl_6d511ab9290d4debbd2b4b9f282eafba.htm,dbo,CV3PrivacyStatus,CV3,CV3Priva
dbo.CV3ProviderIDType,Tbl_dc66139f90bd4d18ab9cacf143f809bf.htm,dbo,CV3ProviderIDType,CV3,CV3Provi
dbo.CV3ProviderRole,Tbl_7247ad63bede4a3b82b6212e77693c12.htm,dbo,CV3ProviderRole,CV3,CV3Provi
dbo.CV3ProviderType,Tbl_73828c8405964cacaf9f3993a468db3a.htm,dbo,CV3ProviderType,CV3,CV3Provi
dbo.CV3PumpChannel,Tbl_b98f93153eaa44619d026eaf1fa362b2.htm,dbo,CV3PumpChannel,CV3,CV3PumpC
dbo.CV3PumpUnitOfMeasure,Tbl_1836b72d92624c338215ff0c087867ee.htm,dbo,CV3PumpUnitOfMeasure,CV3,CV3PumpU
dbo.CV3Race,Tbl_00b884f4a3c54b73bcd7d75b63688a01.htm,dbo,CV3Race,CV3,CV3Race
dbo.CV3RefRangeDataset,Tbl_1666d20d61524fd0926c9a7f30b87c7a.htm,dbo,CV3RefRangeDataset,CV3,CV3RefRa
dbo.CV3RefRangeDatasetDetail,Tbl_1498a2965ad54b87bd5007a6beb4024c.htm,dbo,CV3RefRangeDatasetDetail,CV3,CV3RefRa
dbo.CV3ReferenceDate,Tbl_9a6012ae3ad84be9ba91919d14c7a4bc.htm,dbo,CV3ReferenceDate,CV3,CV3Refer
dbo.CV3Relationship,Tbl_dd0b79560b0b4e58a8d7fecdfcb53c42.htm,dbo,CV3Relationship,CV3,CV3Relat
dbo.CV3ReleaseToPatientPolicy,Tbl_92b7db68746341c4bf8e5679d86cfd32.htm,dbo,CV3ReleaseToPatientPolicy,CV3,CV3Relea
dbo.CV3ReleaseToPatientPolicyDtl,Tbl_998e641b4b6943d6b7f403ae15b9f192.htm,dbo,CV3ReleaseToPatientPolicyDtl,CV3,CV3Relea
dbo.CV3RelevantInfoPolicy,Tbl_808608438c7c43acbda8b7445e0150ed.htm,dbo,CV3RelevantInfoPolicy,CV3,CV3Relev
dbo.CV3RelevantInfoPolicyDtl,Tbl_afe05b487e664693b94880871d0b0db7.htm,dbo,CV3RelevantInfoPolicyDtl,CV3,CV3Relev
dbo.CV3Religion,Tbl_46fa9415ab794e2c8a89fdff0707dea4.htm,dbo,CV3Religion,CV3,CV3Relig
dbo.CV3ReportCategory,Tbl_17420530f7394a1696e6d590db65a7d8.htm,dbo,CV3ReportCategory,CV3,CV3Repor
dbo.CV3ReportEngine,Tbl_73008d2064f4446db1f925efaf6f2353.htm,dbo,CV3ReportEngine,CV3,CV3Repor
dbo.CV3ResultAcknowledgementPolicy,Tbl_b913734b28b144dab4c89010454cf8eb.htm,dbo,CV3ResultAcknowledgementPolicy,CV3,CV3Resul
dbo.CV3ResultAcknowledgementPolicyDtl,Tbl_494de87e005542f4a181dfbe12b76dcc.htm,dbo,CV3ResultAcknowledgementPolicyDtl,CV3,CV3Resul
dbo.CV3ResultBrowseItem,Tbl_d466f8a98e6c454299851460c1548f9c.htm,dbo,CV3ResultBrowseItem,CV3,CV3Resul
dbo.CV3ResultCatalogItem,Tbl_d19bb4841fee428aa14c73c47e43dadc.htm,dbo,CV3ResultCatalogItem,CV3,CV3Resul
dbo.CV3ResultCategories,Tbl_75e32057733b473ebca166eb0f5155d6.htm,dbo,CV3ResultCategories,CV3,CV3Resul
dbo.CV3ResultComponent,Tbl_7a55d1af489f4c8dad34ccd597514e54.htm,dbo,CV3ResultComponent,CV3,CV3Resul
dbo.CV3ResultFormatStyle,Tbl_3fde5d688fbd4d298dcf20498b0b4d67.htm,dbo,CV3ResultFormatStyle,CV3,CV3Resul
dbo.CV3ResultPriority,Tbl_6270f1f15f594407b851a955b2976104.htm,dbo,CV3ResultPriority,CV3,CV3Resul
dbo.CV3RxPolicy,Tbl_773ed16013884b5a98fa9c3ba1a35534.htm,dbo,CV3RxPolicy,CV3,CV3RxPol
dbo.CV3RxPolicyDtl,Tbl_01ee243ce55a41e5a93d837dfc026b2c.htm,dbo,CV3RxPolicyDtl,CV3,CV3RxPol
dbo.CV3SNToolbarConfig,Tbl_5a933431f3f84a1fb3743564485cd539.htm,dbo,CV3SNToolbarConfig,CV3,CV3SNToo
dbo.CV3SNToolbarMaster,Tbl_3c00c442acb44bdfbb6b18261212f04a.htm,dbo,CV3SNToolbarMaster,CV3,CV3SNToo
dbo.CV3ScheduleEvent,Tbl_47a8c31ff5df4d97b019ebdc528f2181.htm,dbo,CV3ScheduleEvent,CV3,CV3Sched
dbo.CV3ScriptNumber,Tbl_ea80417a3a994574a5d1a47a703763d8.htm,dbo,CV3ScriptNumber,CV3,CV3Scrip
dbo.CV3Service,Tbl_16ebfa7a905b461080c4e9c461a4d0c0.htm,dbo,CV3Service,CV3,CV3Servi
dbo.CV3ServiceGroup,Tbl_34039e20cde44ab186e2e31711701d09.htm,dbo,CV3ServiceGroup,CV3,CV3Servi
dbo.CV3ServiceSubGroup,Tbl_ef354b5324b3484d8fdcbcbe2eab546f.htm,dbo,CV3ServiceSubGroup,CV3,CV3Servi
dbo.CV3ShiftDefinition,Tbl_7e148e19d1b44a539d67cb53cb3ff60f.htm,dbo,CV3ShiftDefinition,CV3,CV3Shift
dbo.CV3SignatureGroup,Tbl_0879d4e2a78241c8a000c1b7c3078d6b.htm,dbo,CV3SignatureGroup,CV3,CV3Signa
dbo.CV3SignatureGrpProviderXRef,Tbl_6066800efc694c93bc181e53fa46620c.htm,dbo,CV3SignatureGrpProviderXRef,CV3,CV3Signa
dbo.CV3Source,Tbl_8d648bc53f9e4ff090292f11281513c0.htm,dbo,CV3Source,CV3,CV3Sourc
dbo.CV3Specimen,Tbl_16065309c78645538998aa06f9c538be.htm,dbo,CV3Specimen,CV3,CV3Speci
dbo.CV3SpecimenDictionary,Tbl_e2cfc1f520c44d4fbdb41ccbad9ab9aa.htm,dbo,CV3SpecimenDictionary,CV3,CV3Speci
dbo.CV3SpecimenDictionarySpecimenXRef,Tbl_332c2b8479064dd68a07d05d6a0fa8b2.htm,dbo,CV3SpecimenDictionarySpecimenXRef,CV3,CV3Speci
dbo.CV3SpecimenType,Tbl_099b8d503c2f4313b0393d5ec7b07cce.htm,dbo,CV3SpecimenType,CV3,CV3Speci
dbo.CV3SubgraphObj,Tbl_04e70e4fb9c847e185085c2666e964f7.htm,dbo,CV3SubgraphObj,CV3,CV3Subgr
dbo.CV3TableColumnLookupXRef,Tbl_97a5450b37ce4483ac8949a62d456b4f.htm,dbo,CV3TableColumnLookupXRef,CV3,CV3Table
dbo.CV3TaskModificationHistory,Tbl_a6fc1f09f84a4e46bcd81fc18390ad40.htm,dbo,CV3TaskModificationHistory,CV3,CV3TaskM
dbo.CV3TaskOccurrenceModHistory,Tbl_3543f0710b5d47418fd74f46a5dcc9e8.htm,dbo,CV3TaskOccurrenceModHistory,CV3,CV3TaskO
dbo.CV3TaskPerformPolicyDtlLoc,Tbl_bc703a130b9f40ffaea06e803c29fdc1.htm,dbo,CV3TaskPerformPolicyDtlLoc,CV3,CV3TaskP
dbo.CV3TaskPerformPolicyDtlRoles,Tbl_8fd584d3e6a24ac0b7f556bcf15f3e41.htm,dbo,CV3TaskPerformPolicyDtlRoles,CV3,CV3TaskP
dbo.CV3TaskPerformancePolicy,Tbl_bad60372391148939c1f54307655eb76.htm,dbo,CV3TaskPerformancePolicy,CV3,CV3TaskP
dbo.CV3TaskPerformancePolicyDtl,Tbl_28911e24ffc7440baff9079bbc2dafd2.htm,dbo,CV3TaskPerformancePolicyDtl,CV3,CV3TaskP
dbo.CV3TaskReviewCategory,Tbl_5cc7168d46bc445bbe40ac1e8aece680.htm,dbo,CV3TaskReviewCategory,CV3,CV3TaskR
dbo.CV3TaskRoleType,Tbl_14c058eb173f47a9986913373d3911d8.htm,dbo,CV3TaskRoleType,CV3,CV3TaskR
dbo.CV3TaskScheduleDefinition,Tbl_b0ff52649a504165847cc06edabbcc20.htm,dbo,CV3TaskScheduleDefinition,CV3,CV3TaskS
dbo.CV3TaskScheduleType,Tbl_f8562c1fa9914bc6bd94c2e6b8191f5d.htm,dbo,CV3TaskScheduleType,CV3,CV3TaskS
dbo.CV3TaskSignature,Tbl_933787cead954980b4d33a0102d3a8af.htm,dbo,CV3TaskSignature,CV3,CV3TaskS
dbo.CV3TaskStatus,Tbl_bb51321ddd034d44b179d99710fbffe0.htm,dbo,CV3TaskStatus,CV3,CV3TaskS
dbo.CV3TaskStatusHistory,Tbl_f0ab96bdd4f844e8b1aeb8fe8a155648.htm,dbo,CV3TaskStatusHistory,CV3,CV3TaskS
dbo.CV3TaskType,Tbl_7e1afaf2350248b989dc116ac78b5a01.htm,dbo,CV3TaskType,CV3,CV3TaskT
dbo.CV3TaskUserData,Tbl_704e96f0aedc4d52b2e4b9d6d371ba62.htm,dbo,CV3TaskUserData,CV3,CV3TaskU
dbo.CV3TextualObservationLine,Tbl_f69ca9e2f067470e88495b319d6738c3.htm,dbo,CV3TextualObservationLine,CV3,CV3Textu
dbo.CV3TransportMethod,Tbl_c67c4e427f1b4765b365d6bd0c4616ca.htm,dbo,CV3TransportMethod,CV3,CV3Trans
dbo.CV3TrxUserMap,Tbl_46fa629ca5434781b1983c17101c88b5.htm,dbo,CV3TrxUserMap,CV3,CV3TrxUs
dbo.CV3UnitOfMeasure,Tbl_45db2cd0dcf44baba838a89aa351053c.htm,dbo,CV3UnitOfMeasure,CV3,CV3UnitO
dbo.CV3UnloadJobDefinition,Tbl_aaa2de91357c46b7be8acce3f251910c.htm,dbo,CV3UnloadJobDefinition,CV3,CV3Unloa
dbo.CV3UnloadJobType,Tbl_76d1524717cf46ab9f1d9644cdf392a3.htm,dbo,CV3UnloadJobType,CV3,CV3Unloa
dbo.CV3UomConversion,Tbl_ba3be81dbdf64cd2976657e748be939d.htm,dbo,CV3UomConversion,CV3,CV3UomCo
dbo.CV3User,Tbl_57070191fa4247f1a72da7bbe9b93929.htm,dbo,CV3User,CV3,CV3User
dbo.CV3UserAlertDeclaration,Tbl_ef90e593ddc949588a99512ff428eca5.htm,dbo,CV3UserAlertDeclaration,CV3,CV3UserA
dbo.CV3UserAlertRepository,Tbl_bf8fda699a9840ada793814951ffeb4a.htm,dbo,CV3UserAlertRepository,CV3,CV3UserA
dbo.CV3UserDictionary,Tbl_3ae50e2e6e7942fc92ff1b217733fded.htm,dbo,CV3UserDictionary,CV3,CV3UserD
dbo.CV3UserDictionaryValue,Tbl_0c90f69198414b9ba33c4d0da25892d6.htm,dbo,CV3UserDictionaryValue,CV3,CV3UserD
dbo.CV3UserName,Tbl_7d22bd78964548979bb10d8fcf73740d.htm,dbo,CV3UserName,CV3,CV3UserN
dbo.CV3UserSignatureGroupXRef,Tbl_b89e756f368f4b7cba9163afa5c5f8f7.htm,dbo,CV3UserSignatureGroupXRef,CV3,CV3UserS
dbo.CV3Variance,Tbl_c644a6ed4c9940f9b413667db59716d3.htm,dbo,CV3Variance,CV3,CV3Varia
dbo.CV3VarianceCategory,Tbl_7eecfaa13404488c915073e31daaa321.htm,dbo,CV3VarianceCategory,CV3,CV3Varia
dbo.CV3VarianceReason,Tbl_6c0716c074774dd9b36e96cebfe2a083.htm,dbo,CV3VarianceReason,CV3,CV3Varia
dbo.CV3VerificationPolicy,Tbl_e271fb5932724e0e91ab294e4ab35181.htm,dbo,CV3VerificationPolicy,CV3,CV3Verif
dbo.CV3VerificationPolicyDtl,Tbl_03c272b5d8d14debb77ce9013249c95a.htm,dbo,CV3VerificationPolicyDtl,CV3,CV3Verif
dbo.CV3VisitID,Tbl_9e9cd422d11c4aebacc004e4f603c438.htm,dbo,CV3VisitID,CV3,CV3Visit
dbo.CV3VisitType,Tbl_d10d67fcdcda465aaea69189afe98dba.htm,dbo,CV3VisitType,CV3,CV3Visit
dbo.CV3VisitTypeCareLevel,Tbl_93f65118bc7241d298e84eb07e745cdd.htm,dbo,CV3VisitTypeCareLevel,CV3,CV3Visit
dbo.CV3VisitTypeService,Tbl_4403a4cfd50441549121a52c98c6c373.htm,dbo,CV3VisitTypeService,CV3,CV3Visit
dbo.CV3VisitTypeViaXref,Tbl_aedb667c9a0548c382f42eba080ef5c8.htm,dbo,CV3VisitTypeViaXref,CV3,CV3Visit
dbo.CV3WakingHours,Tbl_79bccf9a41de49cc9815353f95edcdd1.htm,dbo,CV3WakingHours,CV3,CV3Wakin
dbo.CV3WarningMessage,Tbl_349859632b75462e8544ffbdb148f7b8.htm,dbo,CV3WarningMessage,CV3,CV3Warni
dbo.HVCRegMediaViewersXRef,Tbl_3f8f7ddeb64f46ceafc76de0f66616ae.htm,dbo,HVCRegMediaViewersXRef,HVCRegMediaViewersXRef,HVCRegMe
dbo.HVCReportTypeParameter,Tbl_2d518bd52009457fba464be27cf957be.htm,dbo,HVCReportTypeParameter,HVCReportTypeParameter,HVCRepor
dbo.HVCSiteLocationXRef,Tbl_fffc66f80cfb4f6dbd7a44230cf4be09.htm,dbo,HVCSiteLocationXRef,HVCSiteLocationXRef,HVCSiteL
dbo.HVCSiteProviderXRef,Tbl_ecb601dc2dd84140b2c08a02dc418dc1.htm,dbo,HVCSiteProviderXRef,HVCSiteProviderXRef,HVCSiteP
dbo.SCMDevIntfBedMapList,Tbl_45ed0151f3444f3bba0c8f7a6d18e376.htm,dbo,SCMDevIntfBedMapList,SCMDevIntfBedMapList,SCMDevIn
dbo.SCMDevIntfChannels,Tbl_70670f8414744c42bab1524761713abf.htm,dbo,SCMDevIntfChannels,SCMDevIntfChannels,SCMDevIn
dbo.SCMDevIntfMonChannelMapList,Tbl_7e15385fd7d942bfb4ea4b958c6713aa.htm,dbo,SCMDevIntfMonChannelMapList,SCMDevIntfMonChannelMapList,SCMDevIn
dbo.SCMObsAbnormalRangeValues,Tbl_e041e4f78586438f9b61696e1ed5e7ac.htm,dbo,SCMObsAbnormalRangeValues,SCMObsAbnormalRangeValues,SCMObsAb
dbo.SCMObsCalculations,Tbl_6d713551d1b04dd3a1420dde5ecadfb3.htm,dbo,SCMObsCalculations,SCMObsCalculations,SCMObsCa
dbo.SCMObsCodedValue,Tbl_1f3d5d19efaa484a8e5bd15418e086da.htm,dbo,SCMObsCodedValue,SCMObsCodedValue,SCMObsCo
dbo.SCMObsComponents,Tbl_ca06a35cb7724469a4266c836f444968.htm,dbo,SCMObsComponents,SCMObsComponents,SCMObsCo
dbo.SCMObsFSCalculationParams,Tbl_de3c31bafc264abb99642853ad87ce0a.htm,dbo,SCMObsFSCalculationParams,SCMObsFSCalculationParams,SCMObsFS
dbo.SCMObsFSChartComposition,Tbl_077802bdb3c24c46a88b2bd347283dca.htm,dbo,SCMObsFSChartComposition,SCMObsFSChartComposition,SCMObsFS
dbo.SCMObsFSColumnFreeText,Tbl_98d546cad2134f38b8c4ff08ca1dd64e.htm,dbo,SCMObsFSColumnFreeText,SCMObsFSColumnFreeText,SCMObsFS
dbo.SCMObsFSGrandTotals,Tbl_a884ea2d18df4408bf64d3bb63ed8d67.htm,dbo,SCMObsFSGrandTotals,SCMObsFSGrandTotals,SCMObsFS
dbo.SCMObsFSListValues,Tbl_16b4ee4a0bbf46ba907b2bda18cde7ea.htm,dbo,SCMObsFSListValues,SCMObsFSListValues,SCMObsFS
dbo.SCMObsFSLocationXRef,Tbl_f5a14eb18b25435db0ef32529cc8b5a0.htm,dbo,SCMObsFSLocationXRef,SCMObsFSLocationXRef,SCMObsFS
dbo.SCMObsFSLocationXRefSequence,Tbl_7d1804d40d1a4efcb0cc1770a51c2721.htm,dbo,SCMObsFSLocationXRefSequence,SCMObsFSLocationXRefSequence,SCMObsFS
dbo.SCMObsFSRelatedData,Tbl_9e6c84a4e28e46f9b2c5539bdd561f53.htm,dbo,SCMObsFSRelatedData,SCMObsFSRelatedData,SCMObsFS
dbo.SCMObsFSRowComment,Tbl_081187f2bea7430e8452b0ed71260cfa.htm,dbo,SCMObsFSRowComment,SCMObsFSRowComment,SCMObsFS
dbo.SCMObsFSShiftFrequency,Tbl_0d6155c7783749e6bfc21e31f6ab80a2.htm,dbo,SCMObsFSShiftFrequency,SCMObsFSShiftFrequency,SCMObsFS
dbo.SCMObsIntakeDripComposition,Tbl_d90dd20ac6644343b7ef766601d46c63.htm,dbo,SCMObsIntakeDripComposition,SCMObsIntakeDripComposition,SCMObsIn
dbo.SCMObsListCatalogSet,Tbl_8a07a698be39479c961351c6843f7480.htm,dbo,SCMObsListCatalogSet,SCMObsListCatalogSet,SCMObsLi
dbo.SCMObsListCatalogSetItemXRef,Tbl_4278462b5e41483dadcd97d6fa679142.htm,dbo,SCMObsListCatalogSetItemXRef,SCMObsListCatalogSetItemXRef,SCMObsLi
dbo.SCMObsMasterItemRange,Tbl_46a7cc2301284418bd96a39abd0c627c.htm,dbo,SCMObsMasterItemRange,SCMObsMasterItemRange,SCMObsMa
dbo.SCMTaskOccurrenceComments,Tbl_07714a058b4844c39fa9d5438f6be983.htm,dbo,SCMTaskOccurrenceComments,SCMTaskOccurrenceComments,SCMTaskO
dbo.SXAAMAccidentType,Tbl_f7f4dc90a52f493c823de92625231c51.htm,dbo,SXAAMAccidentType,SXAAMAccidentType,SXAAMAcc
dbo.SXAAMAccommodation,Tbl_029e57cc62094a0c91c53a67cb6f2e74.htm,dbo,SXAAMAccommodation,SXAAMAccommodation,SXAAMAcc
dbo.SXAAMActivityMenu,Tbl_e04182d6ad4b44a8be67ab65de9448c2.htm,dbo,SXAAMActivityMenu,SXAAMActivityMenu,SXAAMAct
dbo.SXAAMActivityProperty,Tbl_512a5c2f2f6c45ed8fa2fc6a887631d9.htm,dbo,SXAAMActivityProperty,SXAAMActivityProperty,SXAAMAct
dbo.SXAAMAdmitSource,Tbl_02b736c881b84193a4ee7379e459e7eb.htm,dbo,SXAAMAdmitSource,SXAAMAdmitSource,SXAAMAdm
dbo.SXAAMAdmitType,Tbl_1c2ad16dd26c459baff0a96ba0045c11.htm,dbo,SXAAMAdmitType,SXAAMAdmitType,SXAAMAdm
dbo.SXAAMAdmitViaColumn,Tbl_a01acae35da24ee9be8279f834d92c25.htm,dbo,SXAAMAdmitViaColumn,SXAAMAdmitViaColumn,SXAAMAdm
dbo.SXAAMAdmitViaColumnXref,Tbl_baae2499aa054fbaa1794e6eb1886616.htm,dbo,SXAAMAdmitViaColumnXref,SXAAMAdmitViaColumnXref,SXAAMAdm
dbo.SXAAMAdmitViaDefinition,Tbl_737aaa9da8434cc39567da0aa70ee3ab.htm,dbo,SXAAMAdmitViaDefinition,SXAAMAdmitViaDefinition,SXAAMAdm
dbo.SXAAMAdmitViaFacilityXref,Tbl_d0835d03cd7d4cbf8e2a54e9ee388e1a.htm,dbo,SXAAMAdmitViaFacilityXref,SXAAMAdmitViaFacilityXref,SXAAMAdm
dbo.SXAAMAdmitViaSecurityXref,Tbl_338dbaaa9a4d4e31bb625eb3fbabb92c.htm,dbo,SXAAMAdmitViaSecurityXref,SXAAMAdmitViaSecurityXref,SXAAMAdm
dbo.SXAAMAdmitViaVisitTypeColumnXref,Tbl_6b344f3f89d54046bbc634f24784943d.htm,dbo,SXAAMAdmitViaVisitTypeColumnXref,SXAAMAdmitViaVisitTypeColumnXref,SXAAMAdm
dbo.SXAAMAuthWarnings,Tbl_e22bda8b673947c9acba44a01e3a89c1.htm,dbo,SXAAMAuthWarnings,SXAAMAuthWarnings,SXAAMAut
dbo.SXAAMBAllergyCategory,Tbl_27e61f53e5df4f7fb7e56a6761f913e5.htm,dbo,SXAAMBAllergyCategory,SXAAMBAllergyCategory,SXAAMBAl
dbo.SXAAMBAllergyCategoryDrugXRef,Tbl_2ab93fac66314877bdde4f39c97e34c5.htm,dbo,SXAAMBAllergyCategoryDrugXRef,SXAAMBAllergyCategoryDrugXRef,SXAAMBAl
dbo.SXAAMBAllergyClass,Tbl_0107ced9409f45e38a8368e24c7feddb.htm,dbo,SXAAMBAllergyClass,SXAAMBAllergyClass,SXAAMBAl
dbo.SXAAMBAllergyClassCategoryXRef,Tbl_de35415677884a76a47ffe054c93a680.htm,dbo,SXAAMBAllergyClassCategoryXRef,SXAAMBAllergyClassCategoryXRef,SXAAMBAl
dbo.SXAAMBClientPharmacyXREF,Tbl_0936a2dac52b4f8bbfb914312f98f891.htm,dbo,SXAAMBClientPharmacyXREF,SXAAMBClientPharmacyXREF,SXAAMBCl
dbo.SXAAMBClientPrescription,Tbl_558d994b56d943e8a6ee94303a9f6e30.htm,dbo,SXAAMBClientPrescription,SXAAMBClientPrescription,SXAAMBCl
dbo.SXAAMBClientPrescriptionFax,Tbl_5f0a84475d494e83a2ab7285b0eff0aa.htm,dbo,SXAAMBClientPrescriptionFax,SXAAMBClientPrescriptionFax,SXAAMBCl
dbo.SXAAMBClientPrescriptionHistory,Tbl_970ca47bdab84d06b2fbbcfba9f562c9.htm,dbo,SXAAMBClientPrescriptionHistory,SXAAMBClientPrescriptionHistory,SXAAMBCl
dbo.SXAAMBClinicalDataFunctionType,Tbl_970d16a834154abcb7cabf1aaa555651.htm,dbo,SXAAMBClinicalDataFunctionType,SXAAMBClinicalDataFunctionType,SXAAMBCl
dbo.SXAAMBClinicalText,Tbl_5d99f6ddffe944d3862ff89d09426800.htm,dbo,SXAAMBClinicalText,SXAAMBClinicalText,SXAAMBCl
dbo.SXAAMBComboDrug,Tbl_217383ca3bb24a0d9512d4393ec42046.htm,dbo,SXAAMBComboDrug,SXAAMBComboDrug,SXAAMBCo
dbo.SXAAMBCommonScript,Tbl_3e5d7244857040929518109bd0fcdd12.htm,dbo,SXAAMBCommonScript,SXAAMBCommonScript,SXAAMBCo
dbo.SXAAMBCommunityMedRecReview,Tbl_61232b8556d84e83b22278982f851f6e.htm,dbo,SXAAMBCommunityMedRecReview,SXAAMBCommunityMedRecReview,SXAAMBCo
dbo.SXAAMBDoseRangeAttribute,Tbl_d8d1f8400ae749a5acb505d44f72f71d.htm,dbo,SXAAMBDoseRangeAttribute,SXAAMBDoseRangeAttribute,SXAAMBDo
dbo.SXAAMBDoseRangeExpression,Tbl_dcc57164c33044f08d86132dcbf3f08f.htm,dbo,SXAAMBDoseRangeExpression,SXAAMBDoseRangeExpression,SXAAMBDo
dbo.SXAAMBDoseRangeInfo,Tbl_984ca59c45e842cf9b988a77e74afd5f.htm,dbo,SXAAMBDoseRangeInfo,SXAAMBDoseRangeInfo,SXAAMBDo
dbo.SXAAMBDoseRangeMultiplier,Tbl_4697c720895642b68df67daa15004657.htm,dbo,SXAAMBDoseRangeMultiplier,SXAAMBDoseRangeMultiplier,SXAAMBDo
dbo.SXAAMBDrugCategory,Tbl_1b1a1a7e5a384534be4477e9501723fe.htm,dbo,SXAAMBDrugCategory,SXAAMBDrugCategory,SXAAMBDr
dbo.SXAAMBDrugCategoryXRef,Tbl_97959fe083ca4eec86366d5321612443.htm,dbo,SXAAMBDrugCategoryXRef,SXAAMBDrugCategoryXRef,SXAAMBDr
dbo.SXAAMBDrugClinicalTextXRef,Tbl_5c64d9065bfd440196a9a8c4276ea1de.htm,dbo,SXAAMBDrugClinicalTextXRef,SXAAMBDrugClinicalTextXRef,SXAAMBDr
dbo.SXAAMBDrugLabelXRef,Tbl_02240efdbcee4e419f4cde2c3d3128cb.htm,dbo,SXAAMBDrugLabelXRef,SXAAMBDrugLabelXRef,SXAAMBDr
dbo.SXAAMBDrugName,Tbl_a8664ac805ca45ba8d97b89eca0a9db2.htm,dbo,SXAAMBDrugName,SXAAMBDrugName,SXAAMBDr
dbo.SXAAMBDrugNameDerivation,Tbl_678f2b9605274ee48223377beba94e5d.htm,dbo,SXAAMBDrugNameDerivation,SXAAMBDrugNameDerivation,SXAAMBDr
dbo.SXAAMBDrugNameMMDCXRef,Tbl_6ff8a00beb404a0b888eb8d23e01ff3f.htm,dbo,SXAAMBDrugNameMMDCXRef,SXAAMBDrugNameMMDCXRef,SXAAMBDr
dbo.SXAAMBGenericNameDrugNameXRef,Tbl_c1a635d4d09540d0a9c2e023e036658b.htm,dbo,SXAAMBGenericNameDrugNameXRef,SXAAMBGenericNameDrugNameXRef,SXAAMBGe
dbo.SXAAMBHCPCSList,Tbl_f8d56af963444a0b86e353d13c2802a7.htm,dbo,SXAAMBHCPCSList,SXAAMBHCPCSList,SXAAMBHC
dbo.SXAAMBHomeMedicationSummaryDetails,Tbl_cd010de25b4744cca4021e5daf02ebb8.htm,dbo,SXAAMBHomeMedicationSummaryDetails,SXAAMBHomeMedicationSummaryDetails,SXAAMBHo
dbo.SXAAMBICDList,Tbl_0a846aa779b64126b9a5865e16736c44.htm,dbo,SXAAMBICDList,SXAAMBICDList,SXAAMBIC
dbo.SXAAMBInteractionSeverityText,Tbl_1d5851a0b82d428db010f82384b874d2.htm,dbo,SXAAMBInteractionSeverityText,SXAAMBInteractionSeverityText,SXAAMBIn
dbo.SXAAMBInteractionText,Tbl_91c35b24d74d444aa9fda596c320ad7f.htm,dbo,SXAAMBInteractionText,SXAAMBInteractionText,SXAAMBIn
dbo.SXAAMBInteractionType,Tbl_bd2701d9d632406e8f51f49f6c57d2cb.htm,dbo,SXAAMBInteractionType,SXAAMBInteractionType,SXAAMBIn
dbo.SXAAMBInteractionTypeCategoryXRef,Tbl_d1bf998844894f218d2338492a339c3d.htm,dbo,SXAAMBInteractionTypeCategoryXRef,SXAAMBInteractionTypeCategoryXRef,SXAAMBIn
dbo.SXAAMBLtrLetter,Tbl_2fc4c31cf4e441afb5a67a48c99144bb.htm,dbo,SXAAMBLtrLetter,SXAAMBLtrLetter,SXAAMBLt
dbo.SXAAMBLtrTemplate,Tbl_2c5355efdfb34530a0cf61fdbfd50acb.htm,dbo,SXAAMBLtrTemplate,SXAAMBLtrTemplate,SXAAMBLt
dbo.SXAAMBLtrTemplateCategory,Tbl_bdc43d9104824c32bc45eae224f13035.htm,dbo,SXAAMBLtrTemplateCategory,SXAAMBLtrTemplateCategory,SXAAMBLt
dbo.SXAAMBLtrToken,Tbl_6053a1c98d9346019032cff3ca19fbd3.htm,dbo,SXAAMBLtrToken,SXAAMBLtrToken,SXAAMBLt
dbo.SXAAMBLtrTokenCategory,Tbl_c4a01bd59fbe4a4bb4530a50d79e7930.htm,dbo,SXAAMBLtrTokenCategory,SXAAMBLtrTokenCategory,SXAAMBLt
dbo.SXAAMBMultumRouteCodeCountryXRef,Tbl_dba39df10162495bab1a80a004f506b7.htm,dbo,SXAAMBMultumRouteCodeCountryXRef,SXAAMBMultumRouteCodeCountryXRef,SXAAMBMu
dbo.SXAAMBMultumRouteCodeXRef,Tbl_0045585791ec463aaee3658ac916dc26.htm,dbo,SXAAMBMultumRouteCodeXRef,SXAAMBMultumRouteCodeXRef,SXAAMBMu
dbo.SXAAMBOrderMedRecReview,Tbl_fea0006151d445c9b9347fd449dd13ea.htm,dbo,SXAAMBOrderMedRecReview,SXAAMBOrderMedRecReview,SXAAMBOr
dbo.SXAAMBOrderMedRecReviewDetail,Tbl_bd95e335acab42abacf54d3cda2787c5.htm,dbo,SXAAMBOrderMedRecReviewDetail,SXAAMBOrderMedRecReviewDetail,SXAAMBOr
dbo.SXAAMBOutpatientReconciliation,Tbl_a658384fe8fb4df6b1d869881e14ca02.htm,dbo,SXAAMBOutpatientReconciliation,SXAAMBOutpatientReconciliation,SXAAMBOu
dbo.SXAAMBOutpatientReconciliationDetail,Tbl_067d236742e44bdca378b11a4cd44d38.htm,dbo,SXAAMBOutpatientReconciliationDetail,SXAAMBOutpatientReconciliationDetail,SXAAMBOu
dbo.SXAAMBPEDictionary,Tbl_875efb81530d4a638f335f3217eb1491.htm,dbo,SXAAMBPEDictionary,SXAAMBPEDictionary,SXAAMBPE
dbo.SXAAMBPEPatientDictionaryXREF,Tbl_656cc7071fea40a7afb2cd0a65435a89.htm,dbo,SXAAMBPEPatientDictionaryXREF,SXAAMBPEPatientDictionaryXREF,SXAAMBPE
dbo.SXAAMBPatientEducationDoc,Tbl_4306d89fc23e426f8cce6c9d04b9faf6.htm,dbo,SXAAMBPatientEducationDoc,SXAAMBPatientEducationDoc,SXAAMBPa
dbo.SXAAMBPatientEducationLog,Tbl_c0f584cc849b483faf4e17ce63390eb1.htm,dbo,SXAAMBPatientEducationLog,SXAAMBPatientEducationLog,SXAAMBPa
dbo.SXAAMBPatientHealthIssueLog,Tbl_251447c91c2d48e79504ad4f8a380803.htm,dbo,SXAAMBPatientHealthIssueLog,SXAAMBPatientHealthIssueLog,SXAAMBPa
dbo.SXAAMBPharmacy,Tbl_a316c59ac00e4e628f8398c9e10b0a9c.htm,dbo,SXAAMBPharmacy,SXAAMBPharmacy,SXAAMBPh
dbo.SXAAMBPharmacyPhoneXREF,Tbl_bbb5ed3d577446ea8319c9921df150b7.htm,dbo,SXAAMBPharmacyPhoneXREF,SXAAMBPharmacyPhoneXREF,SXAAMBPh
dbo.SXAAMBPharmacyServiceLevelXREF,Tbl_169e6bea1e9142adb00b9ea5cbb36bb1.htm,dbo,SXAAMBPharmacyServiceLevelXREF,SXAAMBPharmacyServiceLevelXREF,SXAAMBPh
dbo.SXAAMBPharmacySpecialtyNameXREF,Tbl_090175b035834f43a131fa0679e8b114.htm,dbo,SXAAMBPharmacySpecialtyNameXREF,SXAAMBPharmacySpecialtyNameXREF,SXAAMBPh
dbo.SXAAMBPrescriptionHealthIssueXREF,Tbl_6a428d6bef6a4ea3a8e00fe380d9da48.htm,dbo,SXAAMBPrescriptionHealthIssueXREF,SXAAMBPrescriptionHealthIssueXREF,SXAAMBPr
dbo.SXAAMBPrescriptionHealthIssueXREFHistory,Tbl_22fc12da02a74c5c9700086c234d66a1.htm,dbo,SXAAMBPrescriptionHealthIssueXREFHistory,SXAAMBPrescriptionHealthIssueXREFHistory,SXAAMBPr
dbo.SXAAMBPrescriptionSample,Tbl_eab9f9ed74e640b0b0f904d4ced44ef8.htm,dbo,SXAAMBPrescriptionSample,SXAAMBPrescriptionSample,SXAAMBPr
dbo.SXAAMBPrescriptionSampleHistory,Tbl_1cfac237356f416c976f1ec0d7f26a27.htm,dbo,SXAAMBPrescriptionSampleHistory,SXAAMBPrescriptionSampleHistory,SXAAMBPr
dbo.SXAAMBRxAlert,Tbl_a98b69c8e355426191d696782b30ed14.htm,dbo,SXAAMBRxAlert,SXAAMBRxAlert,SXAAMBRx
dbo.SXAAMBRxDosageUnitsRule,Tbl_d613f11170f94dabac24f5dcd3d03316.htm,dbo,SXAAMBRxDosageUnitsRule,SXAAMBRxDosageUnitsRule,SXAAMBRx
dbo.SXAAMBRxUserCareProviderXRef,Tbl_1a698783c14f4f10a3b38b0622975791.htm,dbo,SXAAMBRxUserCareProviderXRef,SXAAMBRxUserCareProviderXRef,SXAAMBRx
dbo.SXAAMBRxWriterCMSCode,Tbl_ae0a3b959b06406abb9462103a82ad69.htm,dbo,SXAAMBRxWriterCMSCode,SXAAMBRxWriterCMSCode,SXAAMBRx
dbo.SXAAMBRxWriterMedListCodes,Tbl_e70b3af3fe8b42409700a641d930eed3.htm,dbo,SXAAMBRxWriterMedListCodes,SXAAMBRxWriterMedListCodes,SXAAMBRx
dbo.SXAAMBSBillCMSDenominator,Tbl_a3d344d9bde8434891fc03be92e5a578.htm,dbo,SXAAMBSBillCMSDenominator,SXAAMBSBillCMSDenominator,SXAAMBSB
dbo.SXAAMBSBillChargeDetail,Tbl_89dca39329cd4ebe95fe929838c568ae.htm,dbo,SXAAMBSBillChargeDetail,SXAAMBSBillChargeDetail,SXAAMBSB
dbo.SXAAMBSBillChargeHeader,Tbl_0832ebd6b5564aae90da575dd796ca71.htm,dbo,SXAAMBSBillChargeHeader,SXAAMBSBillChargeHeader,SXAAMBSB
dbo.SXAAMBSBillHCPCS,Tbl_542a6de18ca04dc98b68b7da73dc0b40.htm,dbo,SXAAMBSBillHCPCS,SXAAMBSBillHCPCS,SXAAMBSB
dbo.SXAAMBSBillHCPCSCategory,Tbl_706093de048c4df793680e115fbb11a6.htm,dbo,SXAAMBSBillHCPCSCategory,SXAAMBSBillHCPCSCategory,SXAAMBSB
dbo.SXAAMBSBillICD,Tbl_700ab4ef851540c7bbb6b4044ea1751f.htm,dbo,SXAAMBSBillICD,SXAAMBSBillICD,SXAAMBSB
dbo.SXAAMBSBillModifier,Tbl_8ca1e44eac004c32b78ad908ba2decc8.htm,dbo,SXAAMBSBillModifier,SXAAMBSBillModifier,SXAAMBSB
dbo.SXAAMBSBillReport,Tbl_8916d236eb884d6482bc48248a75991f.htm,dbo,SXAAMBSBillReport,SXAAMBSBillReport,SXAAMBSB
dbo.SXAAMBSBillTemplate,Tbl_a9a0f9b31fde41b2804b9b42a13989f7.htm,dbo,SXAAMBSBillTemplate,SXAAMBSBillTemplate,SXAAMBSB
dbo.SXAAMBSBillTemplateHCPCSCategoryXREF,Tbl_fa86a5825368490e85ba3b742663814f.htm,dbo,SXAAMBSBillTemplateHCPCSCategoryXREF,SXAAMBSBillTemplateHCPCSCategoryXREF,SXAAMBSB
dbo.SXAAMBSBillTemplateModXREF,Tbl_220a43d379b54085b592ea58550df1f4.htm,dbo,SXAAMBSBillTemplateModXREF,SXAAMBSBillTemplateModXREF,SXAAMBSB
dbo.SXAAMBSBillTemplateProvideXREF,Tbl_26843ea330e84a658d1008d4b6e3041c.htm,dbo,SXAAMBSBillTemplateProvideXREF,SXAAMBSBillTemplateProvideXREF,SXAAMBSB
dbo.SXAAMBSBillUserCareProviderXRef,Tbl_083efae83dc046e19555eead4948eccf.htm,dbo,SXAAMBSBillUserCareProviderXRef,SXAAMBSBillUserCareProviderXRef,SXAAMBSB
dbo.SXAAMBSBillUserPreference,Tbl_b415272d5e524f54a13adf2f4f0a869a.htm,dbo,SXAAMBSBillUserPreference,SXAAMBSBillUserPreference,SXAAMBSB
dbo.SXAAMBSVAmbulatoryLocation,Tbl_81d2dcbd8f8842d1b19fdd0716d8039f.htm,dbo,SXAAMBSVAmbulatoryLocation,SXAAMBSVAmbulatoryLocation,SXAAMBSV
dbo.SXAAMBSVAppointment,Tbl_c5b30edb91d64304ae14b8c00ea7fadb.htm,dbo,SXAAMBSVAppointment,SXAAMBSVAppointment,SXAAMBSV
dbo.SXAAMBSVAppointmentComment,Tbl_0b433414056f4a95af175bf5834dc0b2.htm,dbo,SXAAMBSVAppointmentComment,SXAAMBSVAppointmentComment,SXAAMBSV
dbo.SXAAMBSVCustomColumn,Tbl_65c952d59def411d99608c4727f38974.htm,dbo,SXAAMBSVCustomColumn,SXAAMBSVCustomColumn,SXAAMBSV
dbo.SXAAMBSVCustomColumnSource,Tbl_6c2681cd4c8047c8b90b942451925606.htm,dbo,SXAAMBSVCustomColumnSource,SXAAMBSVCustomColumnSource,SXAAMBSV
dbo.SXAAMBSVCustomColumnsDetails,Tbl_a749d5c718544baab5ef28b11fce2e2a.htm,dbo,SXAAMBSVCustomColumnsDetails,SXAAMBSVCustomColumnsDetails,SXAAMBSV
dbo.SXAAMBSVEquipment,Tbl_4b22af46d84f490bb24b45ce83d75979.htm,dbo,SXAAMBSVEquipment,SXAAMBSVEquipment,SXAAMBSV
dbo.SXAAMBSVEquipmentResource,Tbl_9e1e771ddd73443fb9d35b6eae3b6d46.htm,dbo,SXAAMBSVEquipmentResource,SXAAMBSVEquipmentResource,SXAAMBSV
dbo.SXAAMBSVListItem,Tbl_ac25cba0aca94071bd3e373c36cc10f5.htm,dbo,SXAAMBSVListItem,SXAAMBSVListItem,SXAAMBSV
dbo.SXAAMBSVLocMaptoResXREF,Tbl_b7525a5f0d774f6fb9be583e7e608984.htm,dbo,SXAAMBSVLocMaptoResXREF,SXAAMBSVLocMaptoResXREF,SXAAMBSV
dbo.SXAAMBSVLocationResource,Tbl_87b5e5762cfd4c40965169071428b0f9.htm,dbo,SXAAMBSVLocationResource,SXAAMBSVLocationResource,SXAAMBSV
dbo.SXAAMBSVPatientProgress,Tbl_e4f86a9903cb4826acb54c3cd6dbeb40.htm,dbo,SXAAMBSVPatientProgress,SXAAMBSVPatientProgress,SXAAMBSV
dbo.SXAAMBSVPersonnelResource,Tbl_9ab964c29d9a4a6a8eeda3e5f073153b.htm,dbo,SXAAMBSVPersonnelResource,SXAAMBSVPersonnelResource,SXAAMBSV
dbo.SXAAMBSVStatus,Tbl_40f6c300893149bbb21174daba7089f0.htm,dbo,SXAAMBSVStatus,SXAAMBSVStatus,SXAAMBSV
dbo.SXAAMBSVStatusType,Tbl_8083a749b5c04ed996443e05ddc66212.htm,dbo,SXAAMBSVStatusType,SXAAMBSVStatusType,SXAAMBSV
dbo.SXAAMBSVUserPreferencesXREF,Tbl_7d6613a6776e422bb570fe50a6b1fe3e.htm,dbo,SXAAMBSVUserPreferencesXREF,SXAAMBSVUserPreferencesXREF,SXAAMBSV
dbo.SXAAMBSVUserpreferences,Tbl_25ae80f490ac4c3f8ea2bf590c98913b.htm,dbo,SXAAMBSVUserpreferences,SXAAMBSVUserpreferences,SXAAMBSV
dbo.SXAAMBScriptCategory,Tbl_7b88edf54b3147b5b780560caf1adfaf.htm,dbo,SXAAMBScriptCategory,SXAAMBScriptCategory,SXAAMBSc
dbo.SXAAMBScriptFavorite,Tbl_157deb65c3224836ae63ba3339b3ffbb.htm,dbo,SXAAMBScriptFavorite,SXAAMBScriptFavorite,SXAAMBSc
dbo.SXAAMBScriptFavoriteCategory,Tbl_16fb6c1b5caa4aa49a6d6dfabbc2f960.htm,dbo,SXAAMBScriptFavoriteCategory,SXAAMBScriptFavoriteCategory,SXAAMBSc
dbo.SXAAMBScriptFavoriteCategoryXRef,Tbl_a844d47d8e6e4f42951cd9129e921ba9.htm,dbo,SXAAMBScriptFavoriteCategoryXRef,SXAAMBScriptFavoriteCategoryXRef,SXAAMBSc
dbo.SXAAMBScriptFrequency,Tbl_0235ee7ee9d7481ebdc7e2c0b5f0e7ac.htm,dbo,SXAAMBScriptFrequency,SXAAMBScriptFrequency,SXAAMBSc
dbo.SXAAMBScriptShortcut,Tbl_c76146254be14045b01f64a9c7388378.htm,dbo,SXAAMBScriptShortcut,SXAAMBScriptShortcut,SXAAMBSc
dbo.SXAAMBSendMessageInstance,Tbl_8f9bffa58dcf432c8f0ae6a064b38384.htm,dbo,SXAAMBSendMessageInstance,SXAAMBSendMessageInstance,SXAAMBSe
dbo.SXAAMBSigShortcut,Tbl_725f0937d4d24f48a57cad68489eb3eb.htm,dbo,SXAAMBSigShortcut,SXAAMBSigShortcut,SXAAMBSi
dbo.SXAAMBSuperBillCodeException,Tbl_b5846b4753cc4532b59b1f55fc3124f8.htm,dbo,SXAAMBSuperBillCodeException,SXAAMBSuperBillCodeException,SXAAMBSu
dbo.SXAAMBVendorDrugInteractionXREF,Tbl_24126e27873347eda93805aab1e5336b.htm,dbo,SXAAMBVendorDrugInteractionXREF,SXAAMBVendorDrugInteractionXREF,SXAAMBVe
dbo.SXAAMBWMAgeRange,Tbl_a8e018d854af4177862b24a6173fe31f.htm,dbo,SXAAMBWMAgeRange,SXAAMBWMAgeRange,SXAAMBWM
dbo.SXAAMBWMClientEvent,Tbl_1d3c07fae1364bdc93c45bb9de67ef28.htm,dbo,SXAAMBWMClientEvent,SXAAMBWMClientEvent,SXAAMBWM
dbo.SXAAMBWMClientSchedule,Tbl_af7e7f97228344c7889c234e664fe88e.htm,dbo,SXAAMBWMClientSchedule,SXAAMBWMClientSchedule,SXAAMBWM
dbo.SXAAMBWMCompositeScheduleXREF,Tbl_cb917d35ab0b4ccc8aa05bc842c2ead7.htm,dbo,SXAAMBWMCompositeScheduleXREF,SXAAMBWMCompositeScheduleXREF,SXAAMBWM
dbo.SXAAMBWMEvent,Tbl_4d8e56c75bcb4bfa85012d650ca0956f.htm,dbo,SXAAMBWMEvent,SXAAMBWMEvent,SXAAMBWM
dbo.SXAAMBWMEventFrequency,Tbl_a1a6f4ccd3f04caa87e571376d7d6ba4.htm,dbo,SXAAMBWMEventFrequency,SXAAMBWMEventFrequency,SXAAMBWM
dbo.SXAAMBWMSchedule,Tbl_94a154c9ff924e78bfcc7db12f06f7cd.htm,dbo,SXAAMBWMSchedule,SXAAMBWMSchedule,SXAAMBWM
dbo.SXAAMBWMScheduleEvent,Tbl_519d93099add460fae83f2bb3299d3a7.htm,dbo,SXAAMBWMScheduleEvent,SXAAMBWMScheduleEvent,SXAAMBWM
dbo.SXAAMBWMScheduleFrequencyDetail,Tbl_3831a2f57dc740c78b640eb4518024a2.htm,dbo,SXAAMBWMScheduleFrequencyDetail,SXAAMBWMScheduleFrequencyDetail,SXAAMBWM
dbo.SXAAMBarcodeDefinition,Tbl_34a2bff5241049158f2cc76adf16d095.htm,dbo,SXAAMBarcodeDefinition,SXAAMBarcodeDefinition,SXAAMBar
dbo.SXAAMBeRX271TransDetail,Tbl_570c6376dfe345b784e685dc7a20a9c7.htm,dbo,SXAAMBeRX271TransDetail,SXAAMBeRX271,SXAAMBeR
dbo.SXAAMBeRXDispensedDetail,Tbl_3d7a172272dd4bc9aba3a1fbdb992c1c.htm,dbo,SXAAMBeRXDispensedDetail,SXAAMBeRXDispensedDetail,SXAAMBeR
dbo.SXAAMBeRXDispensedDetailHistory,Tbl_683210da3b0040ef8dfcef5146f1943e.htm,dbo,SXAAMBeRXDispensedDetailHistory,SXAAMBeRXDispensedDetailHistory,SXAAMBeR
dbo.SXAAMBeRXDispensedHeader,Tbl_60808d8cd25242b6828f17e0f9ae4bc4.htm,dbo,SXAAMBeRXDispensedHeader,SXAAMBeRXDispensedHeader,SXAAMBeR
dbo.SXAAMBeRXDoseFormXREF,Tbl_2f21e38361c7499e9430792c2ca23b53.htm,dbo,SXAAMBeRXDoseFormXREF,SXAAMBeRXDoseFormXREF,SXAAMBeR
dbo.SXAAMBeRXErrorDictionary,Tbl_9273d8bbd33f4f698511eb4a01545293.htm,dbo,SXAAMBeRXErrorDictionary,SXAAMBeRXErrorDictionary,SXAAMBeR
dbo.SXAAMBeRXMessageError,Tbl_4fd5d9ed15b948a88ddab5c85cb0c6de.htm,dbo,SXAAMBeRXMessageError,SXAAMBeRXMessageError,SXAAMBeR
dbo.SXAAMBeRXMessageStatus,Tbl_39f8542f162148eaa385424e737779d3.htm,dbo,SXAAMBeRXMessageStatus,SXAAMBeRXMessageStatus,SXAAMBeR
dbo.SXAAMBeRXREFREQ,Tbl_74bf2d4578fa462389e97a968e901af1.htm,dbo,SXAAMBeRXREFREQ,SXAAMBeRXREFREQ,SXAAMBeR
dbo.SXAAMBeRXUnitOfMeasureXREF,Tbl_f3d6cd21bea04f3abde90cd8a2909db6.htm,dbo,SXAAMBeRXUnitOfMeasureXREF,SXAAMBeRXUnitOfMeasureXREF,SXAAMBeR
dbo.SXAAMBeRxCANRESMessage,Tbl_b9ed2e8c8a144ce384d95ccecfd3a1e8.htm,dbo,SXAAMBeRxCANRESMessage,SXAAMBeRxCANRESMessage,SXAAMBeR
dbo.SXAAMBeRxFillMessage,Tbl_e65b7bc2689f442eae6da795cb3be3f9.htm,dbo,SXAAMBeRxFillMessage,SXAAMBeRxFillMessage,SXAAMBeR
dbo.SXAAMBeRxRXCHGMessage,Tbl_b6db544a60f74f2d8f9233b049ce2511.htm,dbo,SXAAMBeRxRXCHGMessage,SXAAMBeRxRXCHGMessage,SXAAMBeR
dbo.SXAAMBeRxStructuredSig,Tbl_c2ae0498e99943a39a7c9d40856d9d84.htm,dbo,SXAAMBeRxStructuredSig,SXAAMBeRxStructuredSig,SXAAMBeR
dbo.SXAAMBillCode,Tbl_9eb9d498764a4eada5fc19972efbcb47.htm,dbo,SXAAMBillCode,SXAAMBillCode,SXAAMBil
dbo.SXAAMBulkActivityDefinition,Tbl_829979b286e044288ba87da524072fe7.htm,dbo,SXAAMBulkActivityDefinition,SXAAMBulkActivityDefinition,SXAAMBul
dbo.SXAAMCareProviderInsuranceXREF,Tbl_9ee3199951334db2b1ee1ffbd9023eae.htm,dbo,SXAAMCareProviderInsuranceXREF,SXAAMCareProviderInsuranceXREF,SXAAMCar
dbo.SXAAMCareProviderSpecialtyXREF,Tbl_81cf59fee00542f1a5df5f44eb105d83.htm,dbo,SXAAMCareProviderSpecialtyXREF,SXAAMCareProviderSpecialtyXREF,SXAAMCar
dbo.SXAAMCareProviderTypeXRef,Tbl_41f4316d6f514b02ac60e3e31b73d043.htm,dbo,SXAAMCareProviderTypeXRef,SXAAMCareProviderTypeXRef,SXAAMCar
dbo.SXAAMCensusGroup,Tbl_c710cd9983374276971078379aa8443a.htm,dbo,SXAAMCensusGroup,SXAAMCensusGroup,SXAAMCen
dbo.SXAAMCensusGroupMember,Tbl_276a8f5e52a040c38348699aa630a384.htm,dbo,SXAAMCensusGroupMember,SXAAMCensusGroupMember,SXAAMCen
dbo.SXAAMCensusType,Tbl_fc472e9e41124ad2a0ccb638604c6130.htm,dbo,SXAAMCensusType,SXAAMCensusType,SXAAMCen
dbo.SXAAMClientEmployment,Tbl_59ea9e210f9f4ff89f1ebb580e39c74c.htm,dbo,SXAAMClientEmployment,SXAAMClientEmployment,SXAAMCli
dbo.SXAAMClientEthnicityXRef,Tbl_2fb330e72ccd439eb5883baa0dbf6d8c.htm,dbo,SXAAMClientEthnicityXRef,SXAAMClientEthnicityXRef,SXAAMCli
dbo.SXAAMClientIDReservation,Tbl_215c39405ca04ec2a1589d5086d32162.htm,dbo,SXAAMClientIDReservation,SXAAMClientIDReservation,SXAAMCli
dbo.SXAAMClientInfo,Tbl_c01bdb955bf64501938964458a317420.htm,dbo,SXAAMClientInfo,SXAAMClientInfo,SXAAMCli
dbo.SXAAMClientOtherLanguage,Tbl_f7a8bd8ab7894cc98753864eeddacd2c.htm,dbo,SXAAMClientOtherLanguage,SXAAMClientOtherLanguage,SXAAMCli
dbo.SXAAMClientRaceXRef,Tbl_6bc112f97ea3404daf8411c437408aec.htm,dbo,SXAAMClientRaceXRef,SXAAMClientRaceXRef,SXAAMCli
dbo.SXAAMClientVisitHistory,Tbl_d007e542c8a44014bdafb792354724d1.htm,dbo,SXAAMClientVisitHistory,SXAAMClientVisitHistory,SXAAMCli
dbo.SXAAMClockResult,Tbl_a0267cee5f754d1b8459f8e342465c3d.htm,dbo,SXAAMClockResult,SXAAMClockResult,SXAAMClo
dbo.SXAAMCommentCode,Tbl_da33719239514d27af414d0e56697a74.htm,dbo,SXAAMCommentCode,SXAAMCommentCode,SXAAMCom
dbo.SXAAMCommentCodeCommentTypeXref,Tbl_f698abc9a2014e9e9687c7a39c25549a.htm,dbo,SXAAMCommentCodeCommentTypeXref,SXAAMCommentCodeCommentTypeXref,SXAAMCom
dbo.SXAAMContactAddress,Tbl_46b5224bbce2453eaecbbbcee081488f.htm,dbo,SXAAMContactAddress,SXAAMContactAddress,SXAAMCon
dbo.SXAAMContactInfo,Tbl_06bbac7d8bb64bff8f58e4969c7d408c.htm,dbo,SXAAMContactInfo,SXAAMContactInfo,SXAAMCon
dbo.SXAAMContactPatientCommunication,Tbl_29e9861c3b5a4518ab01430b6e489d53.htm,dbo,SXAAMContactPatientCommunication,SXAAMContactPatientCommunication,SXAAMCon
dbo.SXAAMContactPhone,Tbl_2d115f7a43344a1ba698aa165c6dcaf2.htm,dbo,SXAAMContactPhone,SXAAMContactPhone,SXAAMCon
dbo.SXAAMCopyVisitProcessingOption,Tbl_7857e6b85c8e46eeabb819153afb9ddd.htm,dbo,SXAAMCopyVisitProcessingOption,SXAAMCopyVisitProcessingOption,SXAAMCop
dbo.SXAAMCopyVisitProcessingOptionVisitTypeXRef,Tbl_8a43bae2d85d4d0198a6da8b99f1b882.htm,dbo,SXAAMCopyVisitProcessingOptionVisitTypeXRef,SXAAMCopyVisitProcessingOptionVisitTypeXRef,SXAAMCop
dbo.SXAAMCountry,Tbl_e4f0244527d64a5b855d3ca2056cc8d7.htm,dbo,SXAAMCountry,SXAAMCountry,SXAAMCou
dbo.SXAAMCustomContent,Tbl_5eb0feccd8e445fbba8a0d47f5e9481e.htm,dbo,SXAAMCustomContent,SXAAMCustomContent,SXAAMCus
dbo.SXAAMCustomContentLocnFacilityProfileXREF,Tbl_490fb624b58d4dc1ae63d144f9ab203f.htm,dbo,SXAAMCustomContentLocnFacilityProfileXREF,SXAAMCustomContentLocnFacilityProfileXREF,SXAAMCus
dbo.SXAAMCustomContentLocnFacilityXREF,Tbl_c456879137d34261bcb5f557cde1c714.htm,dbo,SXAAMCustomContentLocnFacilityXREF,SXAAMCustomContentLocnFacilityXREF,SXAAMCus
dbo.SXAAMCustomContentSecurityGroupXREF,Tbl_14ea62ee9a494fea8206c7acdda8f4f9.htm,dbo,SXAAMCustomContentSecurityGroupXREF,SXAAMCustomContentSecurityGroupXREF,SXAAMCus
dbo.SXAAMCustomContentUserXREF,Tbl_71a8a17321dd4be6a1a22e4a79fbb48c.htm,dbo,SXAAMCustomContentUserXREF,SXAAMCustomContentUserXREF,SXAAMCus
dbo.SXAAMDegree,Tbl_5204f31bafbf467da97c048db2b720c9.htm,dbo,SXAAMDegree,SXAAMDegree,SXAAMDeg
dbo.SXAAMDialog,Tbl_47513642d96246e4a8d7e55362cb45b5.htm,dbo,SXAAMDialog,SXAAMDialog,SXAAMDia
dbo.SXAAMDialogDefinition,Tbl_9f4c06b71c994938839412d9ed8062f6.htm,dbo,SXAAMDialogDefinition,SXAAMDialogDefinition,SXAAMDia
dbo.SXAAMDialogDetail,Tbl_430f1b0629574e088e79c4616cb101a0.htm,dbo,SXAAMDialogDetail,SXAAMDialogDetail,SXAAMDia
dbo.SXAAMDialogDetailDefinitionXREF,Tbl_9d49d088ea9b4cd5831d0eb97b0ee0bc.htm,dbo,SXAAMDialogDetailDefinitionXREF,SXAAMDialogDetailDefinitionXREF,SXAAMDia
dbo.SXAAMDialogItem,Tbl_2e025e21b8a34450b56479f02b0f9c2a.htm,dbo,SXAAMDialogItem,SXAAMDialogItem,SXAAMDia
dbo.SXAAMDialogItemType,Tbl_3ef7d4cf551b4b3ea4715dae1ead8c7a.htm,dbo,SXAAMDialogItemType,SXAAMDialogItemType,SXAAMDia
dbo.SXAAMDialogOverlay,Tbl_fa6d6b7d2d03468ebd390f05eff5ae01.htm,dbo,SXAAMDialogOverlay,SXAAMDialogOverlay,SXAAMDia
dbo.SXAAMDialogOverlayFacilityVisitTypeXREF,Tbl_35768314a87340e29329f61917cea9b2.htm,dbo,SXAAMDialogOverlayFacilityVisitTypeXREF,SXAAMDialogOverlayFacilityVisitTypeXREF,SXAAMDia
dbo.SXAAMDialogOverlayItem,Tbl_29b1002bbb404882877eda258424945d.htm,dbo,SXAAMDialogOverlayItem,SXAAMDialogOverlayItem,SXAAMDia
dbo.SXAAMDialogSecurityGroupsXREF,Tbl_6aa08aa8a1074b62b79e4d32224d4871.htm,dbo,SXAAMDialogSecurityGroupsXREF,SXAAMDialogSecurityGroupsXREF,SXAAMDia
dbo.SXAAMDialogSecurityUsersXREF,Tbl_35df3a4a7bc048b1ae658cb259436461.htm,dbo,SXAAMDialogSecurityUsersXREF,SXAAMDialogSecurityUsersXREF,SXAAMDia
dbo.SXAAMDictionaryDependencyChain,Tbl_b539ee5a68034281aa2cbc3732355809.htm,dbo,SXAAMDictionaryDependencyChain,SXAAMDictionaryDependencyChain,SXAAMDic
dbo.SXAAMDictionaryDependencyData,Tbl_58d838ff6c2b4503a8ffa1ad1b3df51a.htm,dbo,SXAAMDictionaryDependencyData,SXAAMDictionaryDependencyData,SXAAMDic
dbo.SXAAMDictionaryDependencyDefinition,Tbl_00a568ef777f4324b5fa2a33d563fac4.htm,dbo,SXAAMDictionaryDependencyDefinition,SXAAMDictionaryDependencyDefinition,SXAAMDic
dbo.SXAAMDictionaryDependencyFormXREF,Tbl_e5bf228d0bd1496abdea91d32b32b215.htm,dbo,SXAAMDictionaryDependencyFormXREF,SXAAMDictionaryDependencyFormXREF,SXAAMDic
dbo.SXAAMDisallowChangeVisitType,Tbl_d35cbc9b302c47fd974b2882609ff396.htm,dbo,SXAAMDisallowChangeVisitType,SXAAMDisallowChangeVisitType,SXAAMDis
dbo.SXAAMDisallowProviderRoleFacilityXRef,Tbl_8fd0df974ca047a285b526e49bdc76a4.htm,dbo,SXAAMDisallowProviderRoleFacilityXRef,SXAAMDisallowProviderRoleFacilityXRef,SXAAMDis
dbo.SXAAMDischargeCondition,Tbl_fb1dc2a5091443fc88ed4276a8bac193.htm,dbo,SXAAMDischargeCondition,SXAAMDischargeCondition,SXAAMDis
dbo.SXAAMDischargeInstruction,Tbl_c0907ad3ed1f417bbbed6d4f366bbee8.htm,dbo,SXAAMDischargeInstruction,SXAAMDischargeInstruction,SXAAMDis
dbo.SXAAMDischargeTransferOption,Tbl_e8c48233e18e4dd4a2c5f4bfe5dcd723.htm,dbo,SXAAMDischargeTransferOption,SXAAMDischargeTransferOption,SXAAMDis
dbo.SXAAMEDRegistrationDefault,Tbl_17f5c0dd6c074ab48615aff4706be888.htm,dbo,SXAAMEDRegistrationDefault,SXAAMEDRegistrationDefault,SXAAMEDR
dbo.SXAAMELIncomingReferralDocumentXREF,Tbl_e3b2ccbb1f7f41b08a6a145fbbc46a68.htm,dbo,SXAAMELIncomingReferralDocumentXREF,SXAAMELIncomingReferralDocumentXREF,SXAAMELI
dbo.SXAAMELIncomingReferralVisitXREF,Tbl_8133938cbb6248afbeae57340d2fd10d.htm,dbo,SXAAMELIncomingReferralVisitXREF,SXAAMELIncomingReferralVisitXREF,SXAAMELI
dbo.SXAAMELIncomingReferralWaitListXREF,Tbl_54195d9271884682919b5df814e937df.htm,dbo,SXAAMELIncomingReferralWaitListXREF,SXAAMELIncomingReferralWaitListXREF,SXAAMELI
dbo.SXAAMELIncomingRelatedReferralXREF,Tbl_aaf3916681204c2287fd7c7b15adce28.htm,dbo,SXAAMELIncomingRelatedReferralXREF,SXAAMELIncomingRelatedReferralXREF,SXAAMELI
dbo.SXAAMELIncomingSubReferralXREF,Tbl_1a053a86b1cc4b16b10e023c7e101499.htm,dbo,SXAAMELIncomingSubReferralXREF,SXAAMELIncomingSubReferralXREF,SXAAMELI
dbo.SXAAMELWaitListVisitXREF,Tbl_2bb6914c8e7a404bb7bd6a36ba199122.htm,dbo,SXAAMELWaitListVisitXREF,SXAAMELWaitListVisitXREF,SXAAMELW
dbo.SXAAMEffectiveDtmVisitHistory,Tbl_25e4fcafc0b5491fad515669fe154a55.htm,dbo,SXAAMEffectiveDtmVisitHistory,SXAAMEffectiveDtmVisitHistory,SXAAMEff
dbo.SXAAMEmployer,Tbl_3301d3b5efa84758b0053ba06df7bf7a.htm,dbo,SXAAMEmployer,SXAAMEmployer,SXAAMEmp
dbo.SXAAMEmployerAltCodeType,Tbl_937374beb1744d1cb3915ffdf84f62ba.htm,dbo,SXAAMEmployerAltCodeType,SXAAMEmployerAltCodeType,SXAAMEmp
dbo.SXAAMFHIRCareProviderRoleTypeCareProviderXref,Tbl_0c9266780c06408094ac0e282cc8ad7d.htm,dbo,SXAAMFHIRCareProviderRoleTypeCareProviderXref,SXAAMFHIRCareProviderRoleTypeCareProviderXref,SXAAMFHI
dbo.SXAAMFHIRExternalOrganization,Tbl_c2a7df800da84e4e8f36b6759ee4daec.htm,dbo,SXAAMFHIRExternalOrganization,SXAAMFHIRExternalOrganization,SXAAMFHI
dbo.SXAAMFHIRExternalPractitioner,Tbl_d0ac6760e0f04e078d39905e1f5d28f5.htm,dbo,SXAAMFHIRExternalPractitioner,SXAAMFHIRExternalPractitioner,SXAAMFHI
dbo.SXAAMFacilityBillingEdits,Tbl_f961e12988dd483a9f66b02745636266.htm,dbo,SXAAMFacilityBillingEdits,SXAAMFacilityBillingEdits,SXAAMFac
dbo.SXAAMFacilityID,Tbl_8f1c25e0b0dc487199a5dcec36dfd983.htm,dbo,SXAAMFacilityID,SXAAMFacilityID,SXAAMFac
dbo.SXAAMFacilityVisitTypeDefaultLocnXREF,Tbl_119b3c8d33de4cad964383a4126de94b.htm,dbo,SXAAMFacilityVisitTypeDefaultLocnXREF,SXAAMFacilityVisitTypeDefaultLocnXREF,SXAAMFac
dbo.SXAAMFindPatientCriteriaSource,Tbl_011ba2f94ce84800922f53cdd45d4ab2.htm,dbo,SXAAMFindPatientCriteriaSource,SXAAMFindPatientCriteriaSource,SXAAMFin
dbo.SXAAMFindPatientDuplicateCheckCriteria,Tbl_f204920498534a73a72dbc52b1f063af.htm,dbo,SXAAMFindPatientDuplicateCheckCriteria,SXAAMFindPatientDuplicateCheckCriteria,SXAAMFin
dbo.SXAAMFindPatientSearchEngineXREF,Tbl_67ec397a0a174157b3d977b0a19a93c8.htm,dbo,SXAAMFindPatientSearchEngineXREF,SXAAMFindPatientSearchEngineXREF,SXAAMFin
dbo.SXAAMFormMLM,Tbl_87508ba3b6884068b7f43757636a776a.htm,dbo,SXAAMFormMLM,SXAAMFormMLM,SXAAMFor
dbo.SXAAMFreeTextCareProvider,Tbl_b0dcbc4e06da4837b974269706dacc69.htm,dbo,SXAAMFreeTextCareProvider,SXAAMFreeTextCareProvider,SXAAMFre
dbo.SXAAMGenderIdentity,Tbl_e2694105fbb34716ae2e964a775a4904.htm,dbo,SXAAMGenderIdentity,SXAAMGenderIdentity,SXAAMGen
dbo.SXAAMGroupPractice,Tbl_8c547ede526340bcb7dc50cc774e7551.htm,dbo,SXAAMGroupPractice,SXAAMGroupPractice,SXAAMGro
dbo.SXAAMGroupPracticeCommonSetting,Tbl_aab059b200624a498cd0449cf7d54e90.htm,dbo,SXAAMGroupPracticeCommonSetting,SXAAMGroupPracticeCommonSetting,SXAAMGro
dbo.SXAAMGroupPracticeIdty,Tbl_76c9e20545c24fbbaf53806bbabe7907.htm,dbo,SXAAMGroupPracticeIdty,SXAAMGroupPracticeIdty,SXAAMGro
dbo.SXAAMGroupPracticeLocation,Tbl_9c7322574bf0465f8c746a5f3737e2d5.htm,dbo,SXAAMGroupPracticeLocation,SXAAMGroupPracticeLocation,SXAAMGro
dbo.SXAAMGroupPracticeLocationIdty,Tbl_73f018737d4b4c679ac52dd776189753.htm,dbo,SXAAMGroupPracticeLocationIdty,SXAAMGroupPracticeLocationIdty,SXAAMGro
dbo.SXAAMGroupPracticeLocationInsException,Tbl_ba7de6cbb66743489bcbc54acbc7e24b.htm,dbo,SXAAMGroupPracticeLocationInsException,SXAAMGroupPracticeLocationInsException,SXAAMGro
dbo.SXAAMGroupPracticeLocationPhoneXREF,Tbl_6c63b63d28114eca9b51875ee75ff232.htm,dbo,SXAAMGroupPracticeLocationPhoneXREF,SXAAMGroupPracticeLocationPhoneXREF,SXAAMGro
dbo.SXAAMGroupPracticeLocationProviderXREF,Tbl_8e7abcd9d9214c75a8f2bc18ecf0bcea.htm,dbo,SXAAMGroupPracticeLocationProviderXREF,SXAAMGroupPracticeLocationProviderXREF,SXAAMGro
dbo.SXAAMGroupPracticeLocationSpecialtyXREF,Tbl_daaec76f4bfe4bd49c0eb07c8e5a782a.htm,dbo,SXAAMGroupPracticeLocationSpecialtyXREF,SXAAMGroupPracticeLocationSpecialtyXREF,SXAAMGro
dbo.SXAAMGuarantor,Tbl_633e309c4c87477fad97e4cedb0aa8ce.htm,dbo,SXAAMGuarantor,SXAAMGuarantor,SXAAMGua
dbo.SXAAMHispanic,Tbl_8c833722367c4b6b8c9f3ffb50347ba5.htm,dbo,SXAAMHispanic,SXAAMHispanic,SXAAMHis
dbo.SXAAMIDSource,Tbl_41dad4589df8415bbf6ba73b427668a0.htm,dbo,SXAAMIDSource,SXAAMIDSource,SXAAMIDS
dbo.SXAAMInsuranceCarrier,Tbl_b1db2f1ab948400093d5f073fde53e61.htm,dbo,SXAAMInsuranceCarrier,SXAAMInsuranceCarrier,SXAAMIns
dbo.SXAAMInsuranceColumnConfig,Tbl_7d1b826513a64b85891733863857fb76.htm,dbo,SXAAMInsuranceColumnConfig,SXAAMInsuranceColumnConfig,SXAAMIns
dbo.SXAAMInsuranceType,Tbl_532bf8cc7dbd455a99b965b6b26084ac.htm,dbo,SXAAMInsuranceType,SXAAMInsuranceType,SXAAMIns
dbo.SXAAMInsuranceUDDIFormField,Tbl_b926b066d9f344ec8de0a00654aa164e.htm,dbo,SXAAMInsuranceUDDIFormField,SXAAMInsuranceUDDIFormField,SXAAMIns
dbo.SXAAMLanguageAbilityProficiency,Tbl_7d85de394cb540db988f30036ad94fb7.htm,dbo,SXAAMLanguageAbilityProficiency,SXAAMLanguageAbilityProficiency,SXAAMLan
dbo.SXAAMLocationAccommodation,Tbl_980ffbb6b2294f2ca2ed575a759da86b.htm,dbo,SXAAMLocationAccommodation,SXAAMLocationAccommodation,SXAAMLoc
dbo.SXAAMLocationFQHC,Tbl_c3e0a3a37f2b45e38311fc069821111b.htm,dbo,SXAAMLocationFQHC,SXAAMLocationFQHC,SXAAMLoc
dbo.SXAAMLocationFacilityForEpisodeXREF,Tbl_6d82aa4760ac4ceebffc71f52c2cc947.htm,dbo,SXAAMLocationFacilityForEpisodeXREF,SXAAMLocationFacilityForEpisodeXREF,SXAAMLoc
dbo.SXAAMLocationPhoneXRef,Tbl_7125e3adb87246689379ef2ae759768c.htm,dbo,SXAAMLocationPhoneXRef,SXAAMLocationPhoneXRef,SXAAMLoc
dbo.SXAAMLocationServiceExcludedXREF,Tbl_52d4b4cac1b247a2b23571ad1ff74a57.htm,dbo,SXAAMLocationServiceExcludedXREF,SXAAMLocationServiceExcludedXREF,SXAAMLoc
dbo.SXAAMLocationStatus,Tbl_7aec4425dcca466ebabd3967bd854eaf.htm,dbo,SXAAMLocationStatus,SXAAMLocationStatus,SXAAMLoc
dbo.SXAAMLocnCharacteristic,Tbl_18ccf28fdbeb4b73a7cc60dc46d2a9e0.htm,dbo,SXAAMLocnCharacteristic,SXAAMLocnCharacteristic,SXAAMLoc
dbo.SXAAMLocnCharacteristicClientVisitXREF,Tbl_85adc4aafb8c49f9bd2fe6c7abd57d5e.htm,dbo,SXAAMLocnCharacteristicClientVisitXREF,SXAAMLocnCharacteristicClientVisitXREF,SXAAMLoc
dbo.SXAAMLocnCharacteristicLocationXRef,Tbl_b43ca13a01d545caa46f75f29514f18f.htm,dbo,SXAAMLocnCharacteristicLocationXRef,SXAAMLocnCharacteristicLocationXRef,SXAAMLoc
dbo.SXAAMLocnRelatedLocnXREF,Tbl_785e77a5214d4746b2b7466ea7ee46b7.htm,dbo,SXAAMLocnRelatedLocnXREF,SXAAMLocnRelatedLocnXREF,SXAAMLoc
dbo.SXAAMLocnSearchColumn,Tbl_328910faa41c4899aba10648dbbda9ef.htm,dbo,SXAAMLocnSearchColumn,SXAAMLocnSearchColumn,SXAAMLoc
dbo.SXAAMLocnSearchColumnFacilityXREF,Tbl_6ded3ed5fa5c4c7b9e599cb3371ab433.htm,dbo,SXAAMLocnSearchColumnFacilityXREF,SXAAMLocnSearchColumnFacilityXREF,SXAAMLoc
dbo.SXAAMMSPConfiguration,Tbl_85727dcf9f7b495592e2a770384dc1b3.htm,dbo,SXAAMMSPConfiguration,SXAAMMSPConfiguration,SXAAMMSP
dbo.SXAAMMSPConfigurationVisitTypeXRef,Tbl_cbb62bed05f14778ba1b3454029295ca.htm,dbo,SXAAMMSPConfigurationVisitTypeXRef,SXAAMMSPConfigurationVisitTypeXRef,SXAAMMSP
dbo.SXAAMMSPFrequencyException,Tbl_3d1ba365a7684182b102a6c2dd45b387.htm,dbo,SXAAMMSPFrequencyException,SXAAMMSPFrequencyException,SXAAMMSP
dbo.SXAAMMSPQuestionnaire,Tbl_2c99d3155abe445590699617d6642408.htm,dbo,SXAAMMSPQuestionnaire,SXAAMMSPQuestionnaire,SXAAMMSP
dbo.SXAAMMSPQuestionnaireHistory,Tbl_e46bbfca46fc4881ad7b74169af723c3.htm,dbo,SXAAMMSPQuestionnaireHistory,SXAAMMSPQuestionnaireHistory,SXAAMMSP
dbo.SXAAMModeOfArrival,Tbl_9232179dd29540718d65fca1b91927f4.htm,dbo,SXAAMModeOfArrival,SXAAMModeOfArrival,SXAAMMod
dbo.SXAAMMotherChildVisitXRef,Tbl_81974b1134c449feb981a67feb8e3a7d.htm,dbo,SXAAMMotherChildVisitXRef,SXAAMMotherChildVisitXRef,SXAAMMot
dbo.SXAAMNonStaffProviderTypeFacilityXRef,Tbl_7f5c3fea1fbd47b1a2c262ff38d5e1be.htm,dbo,SXAAMNonStaffProviderTypeFacilityXRef,SXAAMNonStaffProviderTypeFacilityXRef,SXAAMNon
dbo.SXAAMPatientMatchElement,Tbl_1e48a65d6f334a3b896e9f74bf072723.htm,dbo,SXAAMPatientMatchElement,SXAAMPatientMatchElement,SXAAMPat
dbo.SXAAMPatientMatchType,Tbl_86818f7c05c84c9f8eb4aecd7c9d966b.htm,dbo,SXAAMPatientMatchType,SXAAMPatientMatchType,SXAAMPat
dbo.SXAAMPaymentMethod,Tbl_61ab2f4c1c854276bfd4a730e8cf7f8e.htm,dbo,SXAAMPaymentMethod,SXAAMPaymentMethod,SXAAMPay
dbo.SXAAMPaymentType,Tbl_27839a8cb5a340d1869cd583d5c0774b.htm,dbo,SXAAMPaymentType,SXAAMPaymentType,SXAAMPay
dbo.SXAAMPhoneAddress,Tbl_7ffe472b94cc498da04bfe88a2d84cc7.htm,dbo,SXAAMPhoneAddress,SXAAMPhoneAddress,SXAAMPho
dbo.SXAAMPlaceOfService,Tbl_dd09f09b151440a08f51dac87670930d.htm,dbo,SXAAMPlaceOfService,SXAAMPlaceOfService,SXAAMPla
dbo.SXAAMPlaceOfWorship,Tbl_9bfddcfc3ad34e38992aa114be1d2061.htm,dbo,SXAAMPlaceOfWorship,SXAAMPlaceOfWorship,SXAAMPla
dbo.SXAAMPostalCode,Tbl_36c3ac440a6c4e3ebd657e5455c26a98.htm,dbo,SXAAMPostalCode,SXAAMPostalCode,SXAAMPos
dbo.SXAAMPredefinedComment,Tbl_3c0c9775777742e9b5a26125832bb9d1.htm,dbo,SXAAMPredefinedComment,SXAAMPredefinedComment,SXAAMPre
dbo.SXAAMProviderServiceXREF,Tbl_29d707172c524efc9566c40e227d1d95.htm,dbo,SXAAMProviderServiceXREF,SXAAMProviderServiceXREF,SXAAMPro
dbo.SXAAMREFIncomingReferral,Tbl_ea1f7db748a34d119f5a3ad27ac53671.htm,dbo,SXAAMREFIncomingReferral,SXAAMREFIncomingReferral,SXAAMREF
dbo.SXAAMREFIncomingReferralDuration,Tbl_64e1d012354d478a9c7f5cb943a34f6b.htm,dbo,SXAAMREFIncomingReferralDuration,SXAAMREFIncomingReferralDuration,SXAAMREF
dbo.SXAAMREFIncomingReferralStatus,Tbl_bd40d565c2ea400a912581b9f23190b5.htm,dbo,SXAAMREFIncomingReferralStatus,SXAAMREFIncomingReferralStatus,SXAAMREF
dbo.SXAAMREFIncomingReferralType,Tbl_4119b1f0a2be4e699ec3ee7a5d7689d8.htm,dbo,SXAAMREFIncomingReferralType,SXAAMREFIncomingReferralType,SXAAMREF
dbo.SXAAMREFReferralForm,Tbl_8266d98ae62f4365badcb87be6101492.htm,dbo,SXAAMREFReferralForm,SXAAMREFReferralForm,SXAAMREF
dbo.SXAAMREFReferralFormProviderXREF,Tbl_0b581a3430b8438c9a9a0a1c77ad0ceb.htm,dbo,SXAAMREFReferralFormProviderXREF,SXAAMREFReferralFormProviderXREF,SXAAMREF
dbo.SXAAMRecurringVisitXRef,Tbl_e45db39ccde544f28881e48d11c2c4b8.htm,dbo,SXAAMRecurringVisitXRef,SXAAMRecurringVisitXRef,SXAAMRec
dbo.SXAAMReferringFacility,Tbl_acc303a162b14bf082decf323cfcd1af.htm,dbo,SXAAMReferringFacility,SXAAMReferringFacility,SXAAMRef
dbo.SXAAMRegFormPrintPolicy,Tbl_facf93c67f5c492b98a5454221d5f16a.htm,dbo,SXAAMRegFormPrintPolicy,SXAAMRegFormPrintPolicy,SXAAMReg
dbo.SXAAMRegFormPrintPolicyDtl,Tbl_514637dc76e44adebf41b21bf9f56ab0.htm,dbo,SXAAMRegFormPrintPolicyDtl,SXAAMRegFormPrintPolicyDtl,SXAAMReg
dbo.SXAAMRegFormPrintPolicyDtlLocationXRef,Tbl_14c15d3e954f401898c7882ff52fd060.htm,dbo,SXAAMRegFormPrintPolicyDtlLocationXRef,SXAAMRegFormPrintPolicyDtlLocationXRef,SXAAMReg
dbo.SXAAMRegFormPrintPolicyDtlServiceXRef,Tbl_e9bff115805f4ceea718e6f4c1193d14.htm,dbo,SXAAMRegFormPrintPolicyDtlServiceXRef,SXAAMRegFormPrintPolicyDtlServiceXRef,SXAAMReg
dbo.SXAAMRegFormPrintPolicyDtlVisitStatusXRef,Tbl_15ea3a9d068f48a0bf5dbb153498c09c.htm,dbo,SXAAMRegFormPrintPolicyDtlVisitStatusXRef,SXAAMRegFormPrintPolicyDtlVisitStatusXRef,SXAAMReg
dbo.SXAAMRegFormPrintPolicyDtlVisitTypeXRef,Tbl_f3b6034ed5cb498a97e8cb29119e776a.htm,dbo,SXAAMRegFormPrintPolicyDtlVisitTypeXRef,SXAAMRegFormPrintPolicyDtlVisitTypeXRef,SXAAMReg
dbo.SXAAMResidenceCode,Tbl_28f1347d96fd4512972f2e7e0a71155b.htm,dbo,SXAAMResidenceCode,SXAAMResidenceCode,SXAAMRes
dbo.SXAAMRule,Tbl_d629ddb5a5454f26bd34868137e4a287.htm,dbo,SXAAMRule,SXAAMRule,SXAAMRul
dbo.SXAAMRuleConditionDetail,Tbl_969fafa2183348daa3bacaf1c0b679ff.htm,dbo,SXAAMRuleConditionDetail,SXAAMRuleConditionDetail,SXAAMRul
dbo.SXAAMSexualOrientation,Tbl_ea967afdc2bd439c94d24607f555790b.htm,dbo,SXAAMSexualOrientation,SXAAMSexualOrientation,SXAAMSex
dbo.SXAAMSpecialProgramIndicator,Tbl_29e59adc623848938217ce71769f3333.htm,dbo,SXAAMSpecialProgramIndicator,SXAAMSpecialProgramIndicator,SXAAMSpe
dbo.SXAAMSuffix,Tbl_6d589b5471db4df1bf5e6fd4fdd5ac83.htm,dbo,SXAAMSuffix,SXAAMSuffix,SXAAMSuf
dbo.SXAAMSuspendedProviderXRef,Tbl_6a11f2cd435448f5b267faa918d5520a.htm,dbo,SXAAMSuspendedProviderXRef,SXAAMSuspendedProviderXRef,SXAAMSus
dbo.SXAAMSystemNumber,Tbl_71d69ad04c5e4393bb7a1cf17bc9caa5.htm,dbo,SXAAMSystemNumber,SXAAMSystemNumber,SXAAMSys
dbo.SXAAMTaxonomyCodes,Tbl_630555f312f34e96b198841cb5d743a2.htm,dbo,SXAAMTaxonomyCodes,SXAAMTaxonomyCodes,SXAAMTax
dbo.SXAAMThirdPartyVerification,Tbl_fe465a7e98244c78aaba3a2c6c938d32.htm,dbo,SXAAMThirdPartyVerification,SXAAMThirdPartyVerification,SXAAMThi
dbo.SXAAMThirdPartyVerificationResult,Tbl_0bad7c11a7214b1992985d156338cfa0.htm,dbo,SXAAMThirdPartyVerificationResult,SXAAMThirdPartyVerificationResult,SXAAMThi
dbo.SXAAMThirdPartyVerificationWorkflow,Tbl_2956c5ef0f2d4a1bad386513568ca216.htm,dbo,SXAAMThirdPartyVerificationWorkflow,SXAAMThirdPartyVerificationWorkflow,SXAAMThi
dbo.SXAAMThirdPartyVerificationWorkflowSecGroupXREF,Tbl_10689fc1e17240f5b52c66c0fea6b049.htm,dbo,SXAAMThirdPartyVerificationWorkflowSecGroupXREF,SXAAMThirdPartyVerificationWorkflowSecGroupXREF,SXAAMThi
dbo.SXAAMThirdPartyVerificationWorkflowSecUserXREF,Tbl_1006c71a606945bbb1e79f3fe0ab229a.htm,dbo,SXAAMThirdPartyVerificationWorkflowSecUserXREF,SXAAMThirdPartyVerificationWorkflowSecUserXREF,SXAAMThi
dbo.SXAAMTitle,Tbl_8e4e7e6db7834bcda6e0399b0087de3e.htm,dbo,SXAAMTitle,SXAAMTitle,SXAAMTit
dbo.SXAAMTransportConditionIndicator,Tbl_c51eb39cba4a4ca0a908ed9568bfc72f.htm,dbo,SXAAMTransportConditionIndicator,SXAAMTransportConditionIndicator,SXAAMTra
dbo.SXAAMTransportLocation,Tbl_45ffa0f872cb47d8a90d11076c454052.htm,dbo,SXAAMTransportLocation,SXAAMTransportLocation,SXAAMTra
dbo.SXAAMTransportLocationType,Tbl_dfdd4cd8249646ac9f16533228f52627.htm,dbo,SXAAMTransportLocationType,SXAAMTransportLocationType,SXAAMTra
dbo.SXAAMTransportReason,Tbl_016996f3b7ed42b79e2497cfc3c932d7.htm,dbo,SXAAMTransportReason,SXAAMTransportReason,SXAAMTra
dbo.SXAAMTransportService,Tbl_4e3e8d664f8f48c1bb925c49d731083d.htm,dbo,SXAAMTransportService,SXAAMTransportService,SXAAMTra
dbo.SXAAMTransportTripType,Tbl_3674ef8626d940b88841fa03e7f25bdd.htm,dbo,SXAAMTransportTripType,SXAAMTransportTripType,SXAAMTra
dbo.SXAAMVeteranStatus,Tbl_fca6f8402bc341e1a0ff0b07f94a58b5.htm,dbo,SXAAMVeteranStatus,SXAAMVeteranStatus,SXAAMVet
dbo.SXAAMVirtualEncounterDefault,Tbl_c4898e8bd9f844d5bd7e1875eb55ba96.htm,dbo,SXAAMVirtualEncounterDefault,SXAAMVirtualEncounterDefault,SXAAMVir
dbo.SXAAMVisitAccident,Tbl_2d180d96294c4b558ed73f375b9633aa.htm,dbo,SXAAMVisitAccident,SXAAMVisitAccident,SXAAMVis
dbo.SXAAMVisitAccommodation,Tbl_f549f01290cf405185512624947d00c4.htm,dbo,SXAAMVisitAccommodation,SXAAMVisitAccommodation,SXAAMVis
dbo.SXAAMVisitBillCondition,Tbl_f73328fd63f8407b9bd0a257a23910fa.htm,dbo,SXAAMVisitBillCondition,SXAAMVisitBillCondition,SXAAMVis
dbo.SXAAMVisitBillOccur,Tbl_fc386705dc7e44e0a21ef55182267171.htm,dbo,SXAAMVisitBillOccur,SXAAMVisitBillOccur,SXAAMVis
dbo.SXAAMVisitBillOccurSpan,Tbl_bee3b7e1172440d586468ee0b471313a.htm,dbo,SXAAMVisitBillOccurSpan,SXAAMVisitBillOccurSpan,SXAAMVis
dbo.SXAAMVisitBillValue,Tbl_f5d539ccf3cc42a6bcf13d2d02f05dcd.htm,dbo,SXAAMVisitBillValue,SXAAMVisitBillValue,SXAAMVis
dbo.SXAAMVisitDisplayColumn,Tbl_551bb31e626348dbb36fbfc50d8b2117.htm,dbo,SXAAMVisitDisplayColumn,SXAAMVisitDisplayColumn,SXAAMVis
dbo.SXAAMVisitDisplayColumnXref,Tbl_f9b1d4b681bd46aab16685e41d2a05b5.htm,dbo,SXAAMVisitDisplayColumnXref,SXAAMVisitDisplayColumnXref,SXAAMVis
dbo.SXAAMVisitDisplayDefinition,Tbl_3bbf2b3b052646bb882f7527965b7702.htm,dbo,SXAAMVisitDisplayDefinition,SXAAMVisitDisplayDefinition,SXAAMVis
dbo.SXAAMVisitDisplayFacilityXref,Tbl_18acf36581d34cd6b3a75e6912fe46cc.htm,dbo,SXAAMVisitDisplayFacilityXref,SXAAMVisitDisplayFacilityXref,SXAAMVis
dbo.SXAAMVisitDisplaySecurityXref,Tbl_5eaee5bce268416f8ecae4b1570cf335.htm,dbo,SXAAMVisitDisplaySecurityXref,SXAAMVisitDisplaySecurityXref,SXAAMVis
dbo.SXAAMVisitInsuranceEffectiveTimeSpan,Tbl_744aa6eb813f447097ea1cb2927b9cb2.htm,dbo,SXAAMVisitInsuranceEffectiveTimeSpan,SXAAMVisitInsuranceEffectiveTimeSpan,SXAAMVis
dbo.SXAAMVisitInsuranceHistoryXref,Tbl_28aecac45ef64b418f52d6f5d9e00a96.htm,dbo,SXAAMVisitInsuranceHistoryXref,SXAAMVisitInsuranceHistoryXref,SXAAMVis
dbo.SXAAMVisitPayment,Tbl_ad1104133a274ee18d94c28f04296d2d.htm,dbo,SXAAMVisitPayment,SXAAMVisitPayment,SXAAMVis
dbo.SXAAMVisitReceipt,Tbl_85407d8ebeb14e51988b52c6f1fddb32.htm,dbo,SXAAMVisitReceipt,SXAAMVisitReceipt,SXAAMVis
dbo.SXAAMVisitRegDate,Tbl_39af2165143b45779a5bf25c8a451b64.htm,dbo,SXAAMVisitRegDate,SXAAMVisitRegDate,SXAAMVis
dbo.SXAAMVisitRegistration,Tbl_9681bdfac6b1437b8eee32ee56c387b9.htm,dbo,SXAAMVisitRegistration,SXAAMVisitRegistration,SXAAMVis
dbo.SXAAMVisitStatus,Tbl_c2e6944b87da412ba5c62fb1244cff1c.htm,dbo,SXAAMVisitStatus,SXAAMVisitStatus,SXAAMVis
dbo.SXAAMVisitTransportConditionIndicatorXREF,Tbl_ffeb1e5243e24747a940e92436c245ee.htm,dbo,SXAAMVisitTransportConditionIndicatorXREF,SXAAMVisitTransportConditionIndicatorXREF,SXAAMVis
dbo.SXAAMVisitTransportation,Tbl_a0af442b8f3b4cb1a76aa3fe836d3b1f.htm,dbo,SXAAMVisitTransportation,SXAAMVisitTransportation,SXAAMVis
dbo.SXAAMVisitTypePrefix,Tbl_f5e3cc4e9712404b9706fbae91765ac9.htm,dbo,SXAAMVisitTypePrefix,SXAAMVisitTypePrefix,SXAAMVis
dbo.SXAAMWLAppointmentItemTreatmentStatus,Tbl_e3a8faf4ee614135ba041fc5fe26596b.htm,dbo,SXAAMWLAppointmentItemTreatmentStatus,SXAAMWLAppointmentItemTreatmentStatus,SXAAMWLA
dbo.SXAAMWLAppointmentWaitList,Tbl_442a6e48b4404cf9aaeaf45e72b5b5b1.htm,dbo,SXAAMWLAppointmentWaitList,SXAAMWLAppointmentWaitList,SXAAMWLA
dbo.SXAAMWLCTDictWaitListClockType,Tbl_7f7fe9a5edb2440c9781207a6b5e01c2.htm,dbo,SXAAMWLCTDictWaitListClockType,SXAAMWLCTDictWaitListClockType,SXAAMWLC
dbo.SXAAMWLClockEvent,Tbl_8ee8265af53c438687a1f690296a1862.htm,dbo,SXAAMWLClockEvent,SXAAMWLClockEvent,SXAAMWLC
dbo.SXAAMWLClockGeneral,Tbl_ef26b67bb0b34e40acb7d4a77cc4df0d.htm,dbo,SXAAMWLClockGeneral,SXAAMWLClockGeneral,SXAAMWLC
dbo.SXAAMWLCustomClockCalculation,Tbl_4766913559924d5fbfcd0b5357717c5c.htm,dbo,SXAAMWLCustomClockCalculation,SXAAMWLCustomClockCalculation,SXAAMWLC
dbo.SXAAMWLCustomClockDetail,Tbl_c19fb4f5f26d466a96e5ee2efb48ea9f.htm,dbo,SXAAMWLCustomClockDetail,SXAAMWLCustomClockDetail,SXAAMWLC
dbo.SXAAMWLIndicatedProcedureCatCodeWLTypeXREF,Tbl_9325c3ed1b404655a9cf2486de52c8bc.htm,dbo,SXAAMWLIndicatedProcedureCatCodeWLTypeXREF,SXAAMWLIndicatedProcedureCatCodeWLTypeXREF,SXAAMWLI
dbo.SXAAMWLIndicatedProcedureCode,Tbl_3eece4354af74ee7a813e6e2a7c1b301.htm,dbo,SXAAMWLIndicatedProcedureCode,SXAAMWLIndicatedProcedureCode,SXAAMWLI
dbo.SXAAMWLIndicatedProcedureCodeXREF,Tbl_15f4b63d2fa743debcaa36045a106627.htm,dbo,SXAAMWLIndicatedProcedureCodeXREF,SXAAMWLIndicatedProcedureCodeXREF,SXAAMWLI
dbo.SXAAMWLIndicatorProcedureCatCode,Tbl_0bf7b392baad403c977b9154a393e48d.htm,dbo,SXAAMWLIndicatorProcedureCatCode,SXAAMWLIndicatorProcedureCatCode,SXAAMWLI
dbo.SXAAMWLIndicatorProcedureCategory,Tbl_7b857d84f89946abbd4a2336926fae92.htm,dbo,SXAAMWLIndicatorProcedureCategory,SXAAMWLIndicatorProcedureCategory,SXAAMWLI
dbo.SXAAMWLOffer,Tbl_457b3156b75b4b9cb12db0ebb4acc14c.htm,dbo,SXAAMWLOffer,SXAAMWLOffer,SXAAMWLO
dbo.SXAAMWLOfferCancellationReason,Tbl_411e856fdd9a42e08f67072db96b4472.htm,dbo,SXAAMWLOfferCancellationReason,SXAAMWLOfferCancellationReason,SXAAMWLO
dbo.SXAAMWLOfferCancellationRsnWaitlistTypeXREF,Tbl_9423b6759f3844f5b49583df10cff346.htm,dbo,SXAAMWLOfferCancellationRsnWaitlistTypeXREF,SXAAMWLOfferCancellationRsnWaitlistTypeXREF,SXAAMWLO
dbo.SXAAMWLOfferRejectionReason,Tbl_a21fc835607b498ea65ff73f50b3c9be.htm,dbo,SXAAMWLOfferRejectionReason,SXAAMWLOfferRejectionReason,SXAAMWLO
dbo.SXAAMWLOfferRejectionRsnWaitlistTypeXREF,Tbl_17db559783374665af14adbecdcba92b.htm,dbo,SXAAMWLOfferRejectionRsnWaitlistTypeXREF,SXAAMWLOfferRejectionRsnWaitlistTypeXREF,SXAAMWLO
dbo.SXAAMWLPriorityCategory,Tbl_94af0855cdaf45df97052c0bf8a8235b.htm,dbo,SXAAMWLPriorityCategory,SXAAMWLPriorityCategory,SXAAMWLP
dbo.SXAAMWLPriorityCategoryChangeReason,Tbl_92f5dd30bb9742808df26e7fab863608.htm,dbo,SXAAMWLPriorityCategoryChangeReason,SXAAMWLPriorityCategoryChangeReason,SXAAMWLP
dbo.SXAAMWLPriorityCategoryChangeReasonXREF,Tbl_2631da267b154f95920b812365981cde.htm,dbo,SXAAMWLPriorityCategoryChangeReasonXREF,SXAAMWLPriorityCategoryChangeReasonXREF,SXAAMWLP
dbo.SXAAMWLPriorityCategoryWaitlistTypeXREF,Tbl_8e293c404eb84b69a73c724397b7964d.htm,dbo,SXAAMWLPriorityCategoryWaitlistTypeXREF,SXAAMWLPriorityCategoryWaitlistTypeXREF,SXAAMWLP
dbo.SXAAMWLRemovalReason,Tbl_5cd0b85754c244fa9a041ca741fb43d8.htm,dbo,SXAAMWLRemovalReason,SXAAMWLRemovalReason,SXAAMWLR
dbo.SXAAMWLRemovalReasonWaitlistTypeXREF,Tbl_e083930261a046c4a2b644e438363c2c.htm,dbo,SXAAMWLRemovalReasonWaitlistTypeXREF,SXAAMWLRemovalReasonWaitlistTypeXREF,SXAAMWLR
dbo.SXAAMWLVisitItemTreatmentStatus,Tbl_b69242441d294eeeb61cc9a072e29af7.htm,dbo,SXAAMWLVisitItemTreatmentStatus,SXAAMWLVisitItemTreatmentStatus,SXAAMWLV
dbo.SXAAMWLVisitWaitList,Tbl_d7716fdaa9d64916ba8a596a26e67bfd.htm,dbo,SXAAMWLVisitWaitList,SXAAMWLVisitWaitList,SXAAMWLV
dbo.SXAAMWLWaitList,Tbl_3cc85c240dd54a5b884d636d339f22fd.htm,dbo,SXAAMWLWaitList,SXAAMWLWaitList,SXAAMWLW
dbo.SXAAMWLWaitlistAppointmentXREF,Tbl_6c66c89b330c4c949a468818cceb7b2c.htm,dbo,SXAAMWLWaitlistAppointmentXREF,SXAAMWLWaitlistAppointmentXREF,SXAAMWLW
dbo.SXAAMWLWaitlistClockXREF,Tbl_ea053b8f89f64413ab7357e4ec254b6d.htm,dbo,SXAAMWLWaitlistClockXREF,SXAAMWLWaitlistClockXREF,SXAAMWLW
dbo.SXAAMWLWaitlistResourceXREF,Tbl_9459d0cf89364ee1bf93ee0aaf04b0f6.htm,dbo,SXAAMWLWaitlistResourceXREF,SXAAMWLWaitlistResourceXREF,SXAAMWLW
dbo.SXAAMWLWaitlistType,Tbl_79296ad1b1aa42edbe417353c87c9a52.htm,dbo,SXAAMWLWaitlistType,SXAAMWLWaitlistType,SXAAMWLW
dbo.SXAAMWLWaitlistVisitXREF,Tbl_bc8ad8298917431d8613de3f0d40eb0d.htm,dbo,SXAAMWLWaitlistVisitXREF,SXAAMWLWaitlistVisitXREF,SXAAMWLW
dbo.SXAANCAdHocUsers,Tbl_4fb4feb0e43f411f95363fb398e5b6da.htm,dbo,SXAANCAdHocUsers,SXAANCAdHocUsers,SXAANCAd
dbo.SXAANCAncillaryOrgUnitXREF,Tbl_f28d03176e474d1087c5b56dc55b2f6f.htm,dbo,SXAANCAncillaryOrgUnitXREF,SXAANCAncillaryOrgUnitXREF,SXAANCAn
dbo.SXAANCAncillaryType,Tbl_e95e5eb2a2794ffa97774da35ccc9eb2.htm,dbo,SXAANCAncillaryType,SXAANCAncillaryType,SXAANCAn
dbo.SXAANCBatchSchedule,Tbl_b990ffd93d8b4810b99dcc14f77186b8.htm,dbo,SXAANCBatchSchedule,SXAANCBatchSchedule,SXAANCBa
dbo.SXAANCBilling,Tbl_06822207169b4a2f97542cb6a967bfad.htm,dbo,SXAANCBilling,SXAANCBilling,SXAANCBi
dbo.SXAANCBodyPartXREF,Tbl_4fe49db7ee6646649bb6bfa742cd4a06.htm,dbo,SXAANCBodyPartXREF,SXAANCBodyPartXREF,SXAANCBo
dbo.SXAANCBreastDensity,Tbl_f39b3ed1b78a4502b4194904cf9fda22.htm,dbo,SXAANCBreastDensity,SXAANCBreastDensity,SXAANCBr
dbo.SXAANCConfigurationUnit,Tbl_22c02acae6114c8fb907b99cd09c0ebb.htm,dbo,SXAANCConfigurationUnit,SXAANCConfigurationUnit,SXAANCCo
dbo.SXAANCContextSync,Tbl_2c50906fdf324dacb4af79ccbaffb6c8.htm,dbo,SXAANCContextSync,SXAANCContextSync,SXAANCCo
dbo.SXAANCDMCode,Tbl_ba37899c11f04460ab3c7d418cdf0cf5.htm,dbo,SXAANCDMCode,SXAANCDMCode,SXAANCDM
dbo.SXAANCDiagnosticResult,Tbl_86e39f2bdc09448cbeeb4187edf64b58.htm,dbo,SXAANCDiagnosticResult,SXAANCDiagnosticResult,SXAANCDi
dbo.SXAANCDiagnosticResultHistory,Tbl_3873b41473484415b14a0c392bd70f34.htm,dbo,SXAANCDiagnosticResultHistory,SXAANCDiagnosticResultHistory,SXAANCDi
dbo.SXAANCDicomConfig,Tbl_93014693252a4c069263db763bf0eba4.htm,dbo,SXAANCDicomConfig,SXAANCDicomConfig,SXAANCDi
dbo.SXAANCDicomMapping,Tbl_938ac75be3ba4993b30d21cd949cd672.htm,dbo,SXAANCDicomMapping,SXAANCDicomMapping,SXAANCDi
dbo.SXAANCExam,Tbl_29a8dd7b32244250b1b33661648d3824.htm,dbo,SXAANCExam,SXAANCExam,SXAANCEx
dbo.SXAANCExamBillingDetail,Tbl_f87765f959bc4a78997adc874c50c639.htm,dbo,SXAANCExamBillingDetail,SXAANCExamBillingDetail,SXAANCEx
dbo.SXAANCExamBillingHeader,Tbl_aa81fd61323e4e43881b12ea7c5e9a7f.htm,dbo,SXAANCExamBillingHeader,SXAANCExamBillingHeader,SXAANCEx
dbo.SXAANCExamCareProviderRoleType,Tbl_e28423f9988445fd9b0769bca07d02c1.htm,dbo,SXAANCExamCareProviderRoleType,SXAANCExamCareProviderRoleType,SXAANCEx
dbo.SXAANCExamDocumentXREF,Tbl_9c8b3fc2bace4a3d9eb511d86bf630c1.htm,dbo,SXAANCExamDocumentXREF,SXAANCExamDocumentXREF,SXAANCEx
dbo.SXAANCExamFollowup,Tbl_18a132fb761142f3880264b1df7f875c.htm,dbo,SXAANCExamFollowup,SXAANCExamFollowup,SXAANCEx
dbo.SXAANCExamOrderStatusXref,Tbl_5b0c7a23f446420bb4a7a59ee617cd6e.htm,dbo,SXAANCExamOrderStatusXref,SXAANCExamOrderStatusXref,SXAANCEx
dbo.SXAANCExamPriority,Tbl_139014a41dfa40ddae99e67823d84f1b.htm,dbo,SXAANCExamPriority,SXAANCExamPriority,SXAANCEx
dbo.SXAANCExamProcedureHistory,Tbl_9f7ca98e2f8b4e85a48e79da1ba7224d.htm,dbo,SXAANCExamProcedureHistory,SXAANCExamProcedureHistory,SXAANCEx
dbo.SXAANCExamStateTransitionAction,Tbl_58dd57f0c8a549ad82c666951c40f287.htm,dbo,SXAANCExamStateTransitionAction,SXAANCExamStateTransitionAction,SXAANCEx
dbo.SXAANCExamStatus,Tbl_879e79cb692c440ebcddccfd96407f0c.htm,dbo,SXAANCExamStatus,SXAANCExamStatus,SXAANCEx
dbo.SXAANCExamStatusMapping,Tbl_cc0f3dd20b20493bb5cd7885d772e8c5.htm,dbo,SXAANCExamStatusMapping,SXAANCExamStatusMapping,SXAANCEx
dbo.SXAANCExamUserRole,Tbl_bd4b1dd127374f58b0e861b27ed4ece4.htm,dbo,SXAANCExamUserRole,SXAANCExamUserRole,SXAANCEx
dbo.SXAANCFacilityStatusXREF,Tbl_9a7c623bedf048acb34740dbec335975.htm,dbo,SXAANCFacilityStatusXREF,SXAANCFacilityStatusXREF,SXAANCFa
dbo.SXAANCFlag,Tbl_a955ee3ce46049d9926c652b561a0141.htm,dbo,SXAANCFlag,SXAANCFlag,SXAANCFl
dbo.SXAANCFollowupcode,Tbl_532993db0fb340a78e7f912303b3860c.htm,dbo,SXAANCFollowupcode,SXAANCFollowupcode,SXAANCFo
dbo.SXAANCHL7FieldMapping,Tbl_ed5bf5e0853f48b19fad5e49c32b061e.htm,dbo,SXAANCHL7FieldMapping,SXAANCHL7,SXAANCHL
dbo.SXAANCImageViewerXREF,Tbl_0a69926632e94463aff8c3fd26f8e637.htm,dbo,SXAANCImageViewerXREF,SXAANCImageViewerXREF,SXAANCIm
dbo.SXAANCLocationFunctionGroupAddressXREF,Tbl_c42543b517f34305812761528787fcf5.htm,dbo,SXAANCLocationFunctionGroupAddressXREF,SXAANCLocationFunctionGroupAddressXREF,SXAANCLo
dbo.SXAANCLocationFunctionGroupProcedureXREF,Tbl_69c801732384454096c69220aef5963a.htm,dbo,SXAANCLocationFunctionGroupProcedureXREF,SXAANCLocationFunctionGroupProcedureXREF,SXAANCLo
dbo.SXAANCMIGDAQRun,Tbl_1fd37fa8a2974072b91637ee5ded5fe4.htm,dbo,SXAANCMIGDAQRun,SXAANCMIGDAQRun,SXAANCMI
dbo.SXAANCMIGJobParamConfig,Tbl_cc014ad01bb14e668010db9bf1f6f2f3.htm,dbo,SXAANCMIGJobParamConfig,SXAANCMIGJobParamConfig,SXAANCMI
dbo.SXAANCMasterStatus,Tbl_cce0df2d6f0947d1838367d833768e88.htm,dbo,SXAANCMasterStatus,SXAANCMasterStatus,SXAANCMa
dbo.SXAANCMigDBConnectionInfo,Tbl_278a587fdbf148b3bf8200129773ae67.htm,dbo,SXAANCMigDBConnectionInfo,SXAANCMigDBConnectionInfo,SXAANCMi
dbo.SXAANCMigFollowupProgressMap,Tbl_4d58f4697da5417b8ece27f9be419ae0.htm,dbo,SXAANCMigFollowupProgressMap,SXAANCMigFollowupProgressMap,SXAANCMi
dbo.SXAANCMigLFGMap,Tbl_1a1b75bf27394df7873739ea40cbf1ab.htm,dbo,SXAANCMigLFGMap,SXAANCMigLFGMap,SXAANCMi
dbo.SXAANCMigModalityMap,Tbl_6010e0ee22b4461da9925c0411ad573d.htm,dbo,SXAANCMigModalityMap,SXAANCMigModalityMap,SXAANCMi
dbo.SXAANCMigProcedureMap,Tbl_5b8a63270b3f4925ba378b6bdc2012a0.htm,dbo,SXAANCMigProcedureMap,SXAANCMigProcedureMap,SXAANCMi
dbo.SXAANCMigStatusMap,Tbl_59dca23308db42829b63ad20d46bbfc5.htm,dbo,SXAANCMigStatusMap,SXAANCMigStatusMap,SXAANCMi
dbo.SXAANCPROGRESS,Tbl_ce6145d3279349139a3f29be0af7e385.htm,dbo,SXAANCPROGRESS,SXAANCPROGRESS,SXAANCPR
dbo.SXAANCPS360DATAMapping,Tbl_e96d9f55599747e1bb6abd6c352b0315.htm,dbo,SXAANCPS360DATAMapping,SXAANCPS360,SXAANCPS
dbo.SXAANCPhase,Tbl_9d4e70bbbf5241a3a83cc4bf77d8eb06.htm,dbo,SXAANCPhase,SXAANCPhase,SXAANCPh
dbo.SXAANCProcedure,Tbl_852415822dd04743b78bcf31c514f676.htm,dbo,SXAANCProcedure,SXAANCProcedure,SXAANCPr
dbo.SXAANCProcedureType,Tbl_bdd163ae1f9341b2a9861d0c2a16ea5e.htm,dbo,SXAANCProcedureType,SXAANCProcedureType,SXAANCPr
dbo.SXAANCProtocolXREF,Tbl_9a469e00f88347c3be93d8400f839210.htm,dbo,SXAANCProtocolXREF,SXAANCProtocolXREF,SXAANCPr
dbo.SXAANCRADSType,Tbl_2cff20872579482d9a69b715bc438843.htm,dbo,SXAANCRADSType,SXAANCRADSType,SXAANCRA
dbo.SXAANCRADSTypeCategory,Tbl_fb4b02e635344f94b16afd8b31cdb3eb.htm,dbo,SXAANCRADSTypeCategory,SXAANCRADSTypeCategory,SXAANCRA
dbo.SXAANCRadsTypeCategoryFollowUpCodeXREF,Tbl_a010d514639e4a4c9ddd332582ba863e.htm,dbo,SXAANCRadsTypeCategoryFollowUpCodeXREF,SXAANCRadsTypeCategoryFollowUpCodeXREF,SXAANCRa
dbo.SXAANCRelPrior,Tbl_4d3147e017244dc5ab07ffff821dd48e.htm,dbo,SXAANCRelPrior,SXAANCRelPrior,SXAANCRe
dbo.SXAANCSetting,Tbl_e4e576c5524746089774d0968659bb52.htm,dbo,SXAANCSetting,SXAANCSetting,SXAANCSe
dbo.SXAANCSupply,Tbl_7659f233274445ec9ace245dce8ad1fd.htm,dbo,SXAANCSupply,SXAANCSupply,SXAANCSu
dbo.SXAANCSupplyCategory,Tbl_847b888f07d94ac3b3960f18eee57a60.htm,dbo,SXAANCSupplyCategory,SXAANCSupplyCategory,SXAANCSu
dbo.SXAANCSupplyConfigUnitXREF,Tbl_7bfc1047711741e8b7185adbb9a58b1d.htm,dbo,SXAANCSupplyConfigUnitXREF,SXAANCSupplyConfigUnitXREF,SXAANCSu
dbo.SXAANCSupplyXref,Tbl_9647002aafa14b11a7addaddc32dfa82.htm,dbo,SXAANCSupplyXref,SXAANCSupplyXref,SXAANCSu
dbo.SXAANCUddiXREF,Tbl_95cdeff91e804be8a66e16e8cf07511c.htm,dbo,SXAANCUddiXREF,SXAANCUddiXREF,SXAANCUd
dbo.SXAANCUserDefaultworklist,Tbl_1f7efa1bfcde4c8eaad2f645a85934f2.htm,dbo,SXAANCUserDefaultworklist,SXAANCUserDefaultworklist,SXAANCUs
dbo.SXAANCUserWorkList,Tbl_b53801d44e84461eb083c39f729e0988.htm,dbo,SXAANCUserWorkList,SXAANCUserWorkList,SXAANCUs
dbo.SXAANCUserWorkListColumn,Tbl_1a052fb481a04f3fb72dfea6687c6079.htm,dbo,SXAANCUserWorkListColumn,SXAANCUserWorkListColumn,SXAANCUs
dbo.SXAANCUserWorklistSearchCriteria,Tbl_acf77674fd1947da9f089f301fbc8cd9.htm,dbo,SXAANCUserWorklistSearchCriteria,SXAANCUserWorklistSearchCriteria,SXAANCUs
dbo.SXAANCWorklistAccessXref,Tbl_bf1c0c9676ad46b2b0799bd59b33b218.htm,dbo,SXAANCWorklistAccessXref,SXAANCWorklistAccessXref,SXAANCWo
dbo.SXAANCWorklistAvailableColumn,Tbl_89376e897ad74344a8bf20de458fd3a7.htm,dbo,SXAANCWorklistAvailableColumn,SXAANCWorklistAvailableColumn,SXAANCWo
dbo.SXAANCWorklistAvailableFilter,Tbl_e924274252344db485daf19f391c2a3a.htm,dbo,SXAANCWorklistAvailableFilter,SXAANCWorklistAvailableFilter,SXAANCWo
dbo.SXAAllergyInteractionText,Tbl_1f65ca7e79534b3cad91720ce4f751b6.htm,dbo,SXAAllergyInteractionText,SXAAllergyInteractionText,SXAAller
dbo.SXAAllergyInteractionTextMap,Tbl_834103db44e54803b8522a4620e6e54d.htm,dbo,SXAAllergyInteractionTextMap,SXAAllergyInteractionTextMap,SXAAller
dbo.SXAAmbSbillAncillaryCodeMapping,Tbl_2ca0e5d92b1c49058055302f660477ce.htm,dbo,SXAAmbSbillAncillaryCodeMapping,SXAAmbSbillAncillaryCodeMapping,SXAAmbSb
dbo.SXABatchAccessGroup,Tbl_006081f10953425b86bf0282e8c54602.htm,dbo,SXABatchAccessGroup,SXABatchAccessGroup,SXABatch
dbo.SXABatchAccessLocationXREF,Tbl_51b6509ec26d40eda844d47438173802.htm,dbo,SXABatchAccessLocationXREF,SXABatchAccessLocationXREF,SXABatch
dbo.SXABatchListCriteriaDefinition,Tbl_3f7cea31c43c4a8b9458cf232fe4aafa.htm,dbo,SXABatchListCriteriaDefinition,SXABatchListCriteriaDefinition,SXABatch
dbo.SXABatchListCriteriaParameter,Tbl_b97e2f63bd53485da4341a48be709e47.htm,dbo,SXABatchListCriteriaParameter,SXABatchListCriteriaParameter,SXABatch
dbo.SXABatchListCriteriaParameterValue,Tbl_0579643176564604b00cceda1c84640c.htm,dbo,SXABatchListCriteriaParameterValue,SXABatchListCriteriaParameterValue,SXABatch
dbo.SXACCAttributeDefinition,Tbl_4e0bb7ba7b7440aab54eaa38efd6ba92.htm,dbo,SXACCAttributeDefinition,SXACCAttributeDefinition,SXACCAtt
dbo.SXACCCMTContentDetails,Tbl_e941ac38b91c427499856d17ea49a432.htm,dbo,SXACCCMTContentDetails,SXACCCMTContentDetails,SXACCCMT
dbo.SXACCCMTProject,Tbl_9b456bab615a410db7a371a6bf08ee3c.htm,dbo,SXACCCMTProject,SXACCCMTProject,SXACCCMT
dbo.SXACCClientCareGoal,Tbl_e445f474820644139ceeccbc1033183a.htm,dbo,SXACCClientCareGoal,SXACCClientCareGoal,SXACCCli
dbo.SXACCClientHealthConcern,Tbl_5914057a980f49608d5d75b56a156f4f.htm,dbo,SXACCClientHealthConcern,SXACCClientHealthConcern,SXACCCli
dbo.SXACCCodeSystem,Tbl_44753cb0bf804d12b8b7ea25f4622278.htm,dbo,SXACCCodeSystem,SXACCCodeSystem,SXACCCod
dbo.SXACCCountry,Tbl_a5c2c4b9d53e465abb8525ced61d64e3.htm,dbo,SXACCCountry,SXACCCountry,SXACCCou
dbo.SXACCHierarchicalConditionsCategory,Tbl_b5b1c5e5dd254afd9c0b3b0a466a4cea.htm,dbo,SXACCHierarchicalConditionsCategory,SXACCHierarchicalConditionsCategory,SXACCHie
dbo.SXACCIDLCategory,Tbl_3b440edcab204dc3b79a78fc6192a59f.htm,dbo,SXACCIDLCategory,SXACCIDLCategory,SXACCIDL
dbo.SXACCIDLCategoryUserDictValXref,Tbl_e416d2bca5fe43e98b9e3f6b037635ba.htm,dbo,SXACCIDLCategoryUserDictValXref,SXACCIDLCategoryUserDictValXref,SXACCIDL
dbo.SXACCIDLClientImplant,Tbl_00eadbdc3677409399d4083b1578cf56.htm,dbo,SXACCIDLClientImplant,SXACCIDLClientImplant,SXACCIDL
dbo.SXACCIDLDeviceDetails,Tbl_3d688cdc54c04feab4fc7d6191c6f986.htm,dbo,SXACCIDLDeviceDetails,SXACCIDLDeviceDetails,SXACCIDL
dbo.SXACCNTEFormat,Tbl_657a892dae2540d19387024b5691d81c.htm,dbo,SXACCNTEFormat,SXACCNTEFormat,SXACCNTE
dbo.SXACCReportableConditionTriggerCode,Tbl_57f2dfbaa23a493ea54079ef40663db0.htm,dbo,SXACCReportableConditionTriggerCode,SXACCReportableConditionTriggerCode,SXACCRep
dbo.SXACCState,Tbl_dafab07444074229b42d7344970e6390.htm,dbo,SXACCState,SXACCState,SXACCSta
dbo.SXACCTravelHistory,Tbl_ce879525522a4651ba3e27be857428e4.htm,dbo,SXACCTravelHistory,SXACCTravelHistory,SXACCTra
dbo.SXACCTravelHistoryLocationXRef,Tbl_14ab5ae217de428996a3d23ff9ddf780.htm,dbo,SXACCTravelHistoryLocationXRef,SXACCTravelHistoryLocationXRef,SXACCTra
dbo.SXACDAssesmentDiscontinuedItemType,Tbl_2125130a3b0944b1abac684d88d7c4f0.htm,dbo,SXACDAssesmentDiscontinuedItemType,SXACDAssesmentDiscontinuedItemType,SXACDAss
dbo.SXACDCatalogItemTaskDocumentXref,Tbl_ff45345c287940a1901e9ea984a0aed1.htm,dbo,SXACDCatalogItemTaskDocumentXref,SXACDCatalogItemTaskDocumentXref,SXACDCat
dbo.SXACDChartedFormDecorativeLabelARC,Tbl_63857629dc5c4daaa677abb95fc7bb49.htm,dbo,SXACDChartedFormDecorativeLabelARC,SXACDChartedFormDecorativeLabelARC,SXACDCha
dbo.SXACDChartedFormDecorativeLabelCUR,Tbl_3a0092c4bb64433281959cf0b2ac72e9.htm,dbo,SXACDChartedFormDecorativeLabelCUR,SXACDChartedFormDecorativeLabelCUR,SXACDCha
dbo.SXACDClientDocCCDXRef,Tbl_822614d0978942768f51e6dc6a4774ab.htm,dbo,SXACDClientDocCCDXRef,SXACDClientDocCCDXRef,SXACDCli
dbo.SXACDClientDocDetailTextARC,Tbl_562d0083805b48e49c94a2c6b209b663.htm,dbo,SXACDClientDocDetailTextARC,SXACDClientDocDetailTextARC,SXACDCli
dbo.SXACDClientDocDetailTextCUR,Tbl_2e686e860429408aab0ffbe9528f6927.htm,dbo,SXACDClientDocDetailTextCUR,SXACDClientDocDetailTextCUR,SXACDCli
dbo.SXACDClientDocDraft,Tbl_575fee506f3a468187edbbe5e45196a9.htm,dbo,SXACDClientDocDraft,SXACDClientDocDraft,SXACDCli
dbo.SXACDClientDocSubmissionSetXref,Tbl_56c5fbedadf44ebdb9769ba2f0c7a33c.htm,dbo,SXACDClientDocSubmissionSetXref,SXACDClientDocSubmissionSetXref,SXACDCli
dbo.SXACDCommunityPatientIdTypeConfig,Tbl_938d425c0fbc4995a0de0ca0bb75b132.htm,dbo,SXACDCommunityPatientIdTypeConfig,SXACDCommunityPatientIdTypeConfig,SXACDCom
dbo.SXACDDiscriminateListValueXREF,Tbl_a157210b4e9b461ab21417e21623df06.htm,dbo,SXACDDiscriminateListValueXREF,SXACDDiscriminateListValueXREF,SXACDDis
dbo.SXACDDiscriminateListXREF,Tbl_9a8074bbcbbd494780592bd388f50ecc.htm,dbo,SXACDDiscriminateListXREF,SXACDDiscriminateListXREF,SXACDDis
dbo.SXACDDocContinuityOfCare,Tbl_3efa0e82247c446aa68227902cd6f396.htm,dbo,SXACDDocContinuityOfCare,SXACDDocContinuityOfCare,SXACDDoc
dbo.SXACDDocExDestinationSectionType,Tbl_bdc54fb3daca4efebd041f48a134ae09.htm,dbo,SXACDDocExDestinationSectionType,SXACDDocExDestinationSectionType,SXACDDoc
dbo.SXACDDocExSectionSourceMap,Tbl_a17c5d6981e54f8cb31b3d590e2fe316.htm,dbo,SXACDDocExSectionSourceMap,SXACDDocExSectionSourceMap,SXACDDoc
dbo.SXACDDocExSectionSourceType,Tbl_ccf7853632bc496b8162739abdef4b68.htm,dbo,SXACDDocExSectionSourceType,SXACDDocExSectionSourceType,SXACDDoc
dbo.SXACDDocStoreClientDocXRef,Tbl_e47bcec1b72a4845a1ed0f25f95344dd.htm,dbo,SXACDDocStoreClientDocXRef,SXACDDocStoreClientDocXRef,SXACDDoc
dbo.SXACDDocumentStore,Tbl_0966d8d4e9894a59b6281ed2a4a92468.htm,dbo,SXACDDocumentStore,SXACDDocumentStore,SXACDDoc
dbo.SXACDDocumentTemplate,Tbl_db30194a730a47a0ae980ddd62056a0f.htm,dbo,SXACDDocumentTemplate,SXACDDocumentTemplate,SXACDDoc
dbo.SXACDDocumentTemplateType,Tbl_5aaab4fa34a24e5e8b31e87873d8f4fe.htm,dbo,SXACDDocumentTemplateType,SXACDDocumentTemplateType,SXACDDoc
dbo.SXACDEICRVersionXref,Tbl_b5caa8cb39254821a0bb6e663dff1a7e.htm,dbo,SXACDEICRVersionXref,SXACDEICRVersionXref,SXACDEIC
dbo.SXACDExCEDCategory,Tbl_20484fa5e2494e4696802e4f93ab1768.htm,dbo,SXACDExCEDCategory,SXACDExCEDCategory,SXACDExC
dbo.SXACDExCEDCategorySectionXRef,Tbl_3942378bfe4444e6b6672e158e89a970.htm,dbo,SXACDExCEDCategorySectionXRef,SXACDExCEDCategorySectionXRef,SXACDExC
dbo.SXACDExCEDSection,Tbl_65e30c036630446ea5bae9c14ac57b37.htm,dbo,SXACDExCEDSection,SXACDExCEDSection,SXACDExC
dbo.SXACDExDocFilter,Tbl_0b54753b0dad4f0793085b3f20046d7c.htm,dbo,SXACDExDocFilter,SXACDExDocFilter,SXACDExD
dbo.SXACDExDocFilterPatientCareDocumentXRef,Tbl_dbcf097c7e9e48d2ac0ba811537100a0.htm,dbo,SXACDExDocFilterPatientCareDocumentXRef,SXACDExDocFilterPatientCareDocumentXRef,SXACDExD
dbo.SXACDExDocFilterType,Tbl_7b4d987fe25442f4be473ac57b9c220f.htm,dbo,SXACDExDocFilterType,SXACDExDocFilterType,SXACDExD
dbo.SXACDExDocItemDisplayTextQuery,Tbl_dc72c8399cf2425891b7240507983615.htm,dbo,SXACDExDocItemDisplayTextQuery,SXACDExDocItemDisplayTextQuery,SXACDExD
dbo.SXACDExDocItemQuery,Tbl_19bf7959a44d4b39ad50b6f2468f7356.htm,dbo,SXACDExDocItemQuery,SXACDExDocItemQuery,SXACDExD
dbo.SXACDExDocPrivacyStatement,Tbl_e406ddc773764fdaa381ec947f9a8e96.htm,dbo,SXACDExDocPrivacyStatement,SXACDExDocPrivacyStatement,SXACDExD
dbo.SXACDExDocPrivacyStatementPatientCareDocXRef,Tbl_46d0bb08dc9c462b8a32d98b71414a4d.htm,dbo,SXACDExDocPrivacyStatementPatientCareDocXRef,SXACDExDocPrivacyStatementPatientCareDocXRef,SXACDExD
dbo.SXACDExDocPrivacyStatementType,Tbl_66f606671c794cfc9d39d96d1373176a.htm,dbo,SXACDExDocPrivacyStatementType,SXACDExDocPrivacyStatementType,SXACDExD
dbo.SXACDExDocSection,Tbl_59ca97eaf16c433faf09da2c9086a344.htm,dbo,SXACDExDocSection,SXACDExDocSection,SXACDExD
dbo.SXACDExDocSectionCodingStandard,Tbl_ac884e6d6cbb4ec491bae15cb1e5b589.htm,dbo,SXACDExDocSectionCodingStandard,SXACDExDocSectionCodingStandard,SXACDExD
dbo.SXACDExDocSectionConfig,Tbl_ce9ce8ba44bf4ebfb20753216abe5fa7.htm,dbo,SXACDExDocSectionConfig,SXACDExDocSectionConfig,SXACDExD
dbo.SXACDExDocSectionNoteMapping,Tbl_ffcdd0347fe64ce7ba96412221025211.htm,dbo,SXACDExDocSectionNoteMapping,SXACDExDocSectionNoteMapping,SXACDExD
dbo.SXACDExDocType,Tbl_e184ab95c1134aff938c84b8a6522700.htm,dbo,SXACDExDocType,SXACDExDocType,SXACDExD
dbo.SXACDExDocTypeSectionXref,Tbl_ac3464c1e3c940818f874a62ae495ed9.htm,dbo,SXACDExDocTypeSectionXref,SXACDExDocTypeSectionXref,SXACDExD
dbo.SXACDExchangeCaseReportingReference,Tbl_b2c5a4f534aa40338b478ecadba40f7c.htm,dbo,SXACDExchangeCaseReportingReference,SXACDExchangeCaseReportingReference,SXACDExc
dbo.SXACDExchangeDocumentEvent,Tbl_8a0d4d238646497593cadcadbd15b55a.htm,dbo,SXACDExchangeDocumentEvent,SXACDExchangeDocumentEvent,SXACDExc
dbo.SXACDExchangeDocumentEventMessage,Tbl_d88a13cb057d452eb7bfa7426b0ea750.htm,dbo,SXACDExchangeDocumentEventMessage,SXACDExchangeDocumentEventMessage,SXACDExc
dbo.SXACDExchangeDocumentSharedConsent,Tbl_18c01f4c43e74118a4fb859c8e8d8c5a.htm,dbo,SXACDExchangeDocumentSharedConsent,SXACDExchangeDocumentSharedConsent,SXACDExc
dbo.SXACDExchangeDocumentStateMapping,Tbl_34ec9fec843f4322970cbe3c3078eef3.htm,dbo,SXACDExchangeDocumentStateMapping,SXACDExchangeDocumentStateMapping,SXACDExc
dbo.SXACDFHIRAttachedClientDocXREF,Tbl_5bedb9c9e05a4b8a8a7b56e4b014d4b2.htm,dbo,SXACDFHIRAttachedClientDocXREF,SXACDFHIRAttachedClientDocXREF,SXACDFHI
dbo.SXACDFHIRDataElement,Tbl_98df253849284fdfadd542b10b0df729.htm,dbo,SXACDFHIRDataElement,SXACDFHIRDataElement,SXACDFHI
dbo.SXACDFHIRDataElementSubDataElementXRef,Tbl_04439831c3a141d8b89d5b897ab9fbfe.htm,dbo,SXACDFHIRDataElementSubDataElementXRef,SXACDFHIRDataElementSubDataElementXRef,SXACDFHI
dbo.SXACDFHIRDischargeBundleAttachmentXREF,Tbl_b20eb84d5d6545c6bb7c77a005179184.htm,dbo,SXACDFHIRDischargeBundleAttachmentXREF,SXACDFHIRDischargeBundleAttachmentXREF,SXACDFHI
dbo.SXACDFHIRDocTypeSectionXRef,Tbl_d64a6d285d464bdc9648168218d9ccaf.htm,dbo,SXACDFHIRDocTypeSectionXRef,SXACDFHIRDocTypeSectionXRef,SXACDFHI
dbo.SXACDFHIRResourceExtension,Tbl_7e25af03ef604d2a9430c08504443e76.htm,dbo,SXACDFHIRResourceExtension,SXACDFHIRResourceExtension,SXACDFHI
dbo.SXACDFHIRSNDocumentMappingXREF,Tbl_22816e8c2e304ea59ec1fc3076c6390a.htm,dbo,SXACDFHIRSNDocumentMappingXREF,SXACDFHIRSNDocumentMappingXREF,SXACDFHI
dbo.SXACDFHIRSection,Tbl_c0730703f38749619732ffcf1b396f21.htm,dbo,SXACDFHIRSection,SXACDFHIRSection,SXACDFHI
dbo.SXACDFHIRSectionDataElementXRef,Tbl_a2e8b8bede034eb8b1c86506090a10ce.htm,dbo,SXACDFHIRSectionDataElementXRef,SXACDFHIRSectionDataElementXRef,SXACDFHI
dbo.SXACDFHIRSubDataElement,Tbl_31d1326df7c5448bbf4f5cf9a44c55db.htm,dbo,SXACDFHIRSubDataElement,SXACDFHIRSubDataElement,SXACDFHI
dbo.SXACDFSObsSetXref,Tbl_7016b66bb4204e39bdac797d4c9eee9d.htm,dbo,SXACDFSObsSetXref,SXACDFSObsSetXref,SXACDFSO
dbo.SXACDFSParamFanoutXRef,Tbl_085040adb4214bf9887e30edadb21cf5.htm,dbo,SXACDFSParamFanoutXRef,SXACDFSParamFanoutXRef,SXACDFSP
dbo.SXACDFlowsheetTaskItem,Tbl_eb27d7ed29bb4540948900b1b051555d.htm,dbo,SXACDFlowsheetTaskItem,SXACDFlowsheetTaskItem,SXACDFlo
dbo.SXACDGrowthChartLMSValue,Tbl_405cafdafe09438295cbed6704320192.htm,dbo,SXACDGrowthChartLMSValue,SXACDGrowthChartLMSValue,SXACDGro
dbo.SXACDGrowthChartVitalPercentile,Tbl_74db06c647e3497e8c6a5889b17df7a9.htm,dbo,SXACDGrowthChartVitalPercentile,SXACDGrowthChartVitalPercentile,SXACDGro
dbo.SXACDHotspot,Tbl_20edf86f49544686ad97d4fd171db3c5.htm,dbo,SXACDHotspot,SXACDHotspot,SXACDHot
dbo.SXACDHotspotImageCallout,Tbl_760d48a2e48846f2aa2b8ee4cea85889.htm,dbo,SXACDHotspotImageCallout,SXACDHotspotImageCallout,SXACDHot
dbo.SXACDHotspotImageCustomCallout,Tbl_dd0181fb511042b69abc472b63b2ac6d.htm,dbo,SXACDHotspotImageCustomCallout,SXACDHotspotImageCustomCallout,SXACDHot
dbo.SXACDIHECode,Tbl_0c030344d90d440e8ac6995c8bd58786.htm,dbo,SXACDIHECode,SXACDIHECode,SXACDIHE
dbo.SXACDImageAnnotations,Tbl_cef467d484684846b8a678fa70da8ee0.htm,dbo,SXACDImageAnnotations,SXACDImageAnnotations,SXACDIma
dbo.SXACDLMList,Tbl_a8972bebc5b74f82b417efbf2b4bbb80.htm,dbo,SXACDLMList,SXACDLMList,SXACDLML
dbo.SXACDLMListMember,Tbl_52591952968a4825a619f24e83c5e7b3.htm,dbo,SXACDLMListMember,SXACDLMListMember,SXACDLML
dbo.SXACDLMRelatedCode,Tbl_576b5e619b1b4c8f8ef2b31cd7ae9fc9.htm,dbo,SXACDLMRelatedCode,SXACDLMRelatedCode,SXACDLMR
dbo.SXACDMTenant,Tbl_c38f8b357b8343148d7eadd81be49490.htm,dbo,SXACDMTenant,SXACDMTenant,SXACDMTe
dbo.SXACDMWarehouse,Tbl_72867e338df54313b19a52475903b95c.htm,dbo,SXACDMWarehouse,SXACDMWarehouse,SXACDMWa
dbo.SXACDObsFlowsheetTaskItem,Tbl_6412a229850e488da318db2c652f4d40.htm,dbo,SXACDObsFlowsheetTaskItem,SXACDObsFlowsheetTaskItem,SXACDObs
dbo.SXACDObsTaskRule,Tbl_9254c30d93954d68ac2d6af0aa7131d9.htm,dbo,SXACDObsTaskRule,SXACDObsTaskRule,SXACDObs
dbo.SXACDObsTaskRulesOverride,Tbl_5af38bbfcea948c1a0d60dd43ac7ea27.htm,dbo,SXACDObsTaskRulesOverride,SXACDObsTaskRulesOverride,SXACDObs
dbo.SXACDPolicyDocument,Tbl_fb5d2dd1f9f94945baf5a77b5c418483.htm,dbo,SXACDPolicyDocument,SXACDPolicyDocument,SXACDPol
dbo.SXACDPreference,Tbl_0a977666a5bb49f8b59cfaba058341ce.htm,dbo,SXACDPreference,SXACDPreference,SXACDPre
dbo.SXACDPullSetCatalog,Tbl_2e31191e65d54bffa4c80526bfabc352.htm,dbo,SXACDPullSetCatalog,SXACDPullSetCatalog,SXACDPul
dbo.SXACDPullSetCatalogItem,Tbl_65ba5c2c7b834bc0931fa528fe247828.htm,dbo,SXACDPullSetCatalogItem,SXACDPullSetCatalogItem,SXACDPul
dbo.SXACDPullSetCatalogItemEnum,Tbl_ec58abf6ce05439c8bea7468a416ac45.htm,dbo,SXACDPullSetCatalogItemEnum,SXACDPullSetCatalogItemEnum,SXACDPul
dbo.SXACDPullSetCatalogItemVersion,Tbl_9d267820874b475c8382e41d22acf0f3.htm,dbo,SXACDPullSetCatalogItemVersion,SXACDPullSetCatalogItemVersion,SXACDPul
dbo.SXACDReferencedObsEntryItem,Tbl_86c0df19b35548e5bb0a7d3bc003567e.htm,dbo,SXACDReferencedObsEntryItem,SXACDReferencedObsEntryItem,SXACDRef
dbo.SXACDSHookCDSService,Tbl_1cc782d8442c4f0d8fbc0bd806fbc387.htm,dbo,SXACDSHookCDSService,SXACDSHookCDSService,SXACDSHo
dbo.SXACDSPAPatientAcuity,Tbl_48ec1efbc447474e95c2c941f0be5fbe.htm,dbo,SXACDSPAPatientAcuity,SXACDSPAPatientAcuity,SXACDSPA
dbo.SXACDSPAProOrg,Tbl_e3e5dc37386c407abba3bf1d70643763.htm,dbo,SXACDSPAProOrg,SXACDSPAProOrg,SXACDSPA
dbo.SXACDSPAProOrgLocXRef,Tbl_e04c437d67024dbbb8dd1e4d55c11a24.htm,dbo,SXACDSPAProOrgLocXRef,SXACDSPAProOrgLocXRef,SXACDSPA
dbo.SXACDSPAScorePoint,Tbl_dc7edad54cd04964a00f204744659468.htm,dbo,SXACDSPAScorePoint,SXACDSPAScorePoint,SXACDSPA
dbo.SXACDSPAScorePointUserDictXRef,Tbl_4a85cb95c3f7431886ffe54352326bb0.htm,dbo,SXACDSPAScorePointUserDictXRef,SXACDSPAScorePointUserDictXRef,SXACDSPA
dbo.SXACDSubmissionSetDetails,Tbl_bdd0f91136714971a49cbc477a462a71.htm,dbo,SXACDSubmissionSetDetails,SXACDSubmissionSetDetails,SXACDSub
dbo.SXACDTaskFSParamFanoutXRef,Tbl_b00886157a2041f6be84963ee4ca08e8.htm,dbo,SXACDTaskFSParamFanoutXRef,SXACDTaskFSParamFanoutXRef,SXACDTas
dbo.SXACDWDLMessage,Tbl_d06cc080ed4446f3bb10a1739846b1f5.htm,dbo,SXACDWDLMessage,SXACDWDLMessage,SXACDWDL
dbo.SXACDeICRResponseCrossMapping,Tbl_000a7df0b6fe42c2958e957751a67bf7.htm,dbo,SXACDeICRResponseCrossMapping,SXACDeICRResponseCrossMapping,SXACDeIC
dbo.SXACMPCompletionObject,Tbl_938bd32579644e14800a6d531edfa026.htm,dbo,SXACMPCompletionObject,SXACMPCompletionObject,SXACMPCo
dbo.SXACRCatalog,Tbl_868af5e0b5f848faafe0d8c63fcbeb3c.htm,dbo,SXACRCatalog,SXACRCatalog,SXACRCat
dbo.SXACRCatalogLocGroupXref,Tbl_553fbfc338f14e2e8a4c7abd08175a76.htm,dbo,SXACRCatalogLocGroupXref,SXACRCatalogLocGroupXref,SXACRCat
dbo.SXACRCatalogTile,Tbl_100e6150fb244966a614a8a3ab27d406.htm,dbo,SXACRCatalogTile,SXACRCatalogTile,SXACRCat
dbo.SXACRCatalogTileXREF,Tbl_4cc55dc7ab5042ec8d31097b90d76193.htm,dbo,SXACRCatalogTileXREF,SXACRCatalogTileXREF,SXACRCat
dbo.SXACRCompositeTileDefinition,Tbl_06b295b336424e4bbb1ce111d5563f99.htm,dbo,SXACRCompositeTileDefinition,SXACRCompositeTileDefinition,SXACRCom
dbo.SXACRCompositeTileXref,Tbl_42888149252848ca8b2a724cc720ff13.htm,dbo,SXACRCompositeTileXref,SXACRCompositeTileXref,SXACRCom
dbo.SXACRPreference,Tbl_3df16fc0f03b4b949f54384e8b296f16.htm,dbo,SXACRPreference,SXACRPreference,SXACRPre
dbo.SXACRTileAllergenTypeXref,Tbl_f9b7a1617a3c407ab66e553c5dae0d0f.htm,dbo,SXACRTileAllergenTypeXref,SXACRTileAllergenTypeXref,SXACRTil
dbo.SXACRTileAllergyDetail,Tbl_51e7b5a18ecb44588a365ffdd1679a97.htm,dbo,SXACRTileAllergyDetail,SXACRTileAllergyDetail,SXACRTil
dbo.SXACRTileClinicalGraphDetail,Tbl_fc9bdd10f01e4e7e8801b5fec7d75a5b.htm,dbo,SXACRTileClinicalGraphDetail,SXACRTileClinicalGraphDetail,SXACRTil
dbo.SXACRTileColumn,Tbl_aeb10a59e0bf45bd9c17cb13185b1ba5.htm,dbo,SXACRTileColumn,SXACRTileColumn,SXACRTil
dbo.SXACRTileColumnDisplay,Tbl_bf9a433dda3c447faae9125dd9b61d64.htm,dbo,SXACRTileColumnDisplay,SXACRTileColumnDisplay,SXACRTil
dbo.SXACRTileCustomGridDetail,Tbl_47a03bd6800340eea469bdcff08cb512.htm,dbo,SXACRTileCustomGridDetail,SXACRTileCustomGridDetail,SXACRTil
dbo.SXACRTileCustomMLMDetail,Tbl_934a6ed7abca42809e0d4061d7cbf2b1.htm,dbo,SXACRTileCustomMLMDetail,SXACRTileCustomMLMDetail,SXACRTil
dbo.SXACRTileDefault,Tbl_1082d6ce440a422380980db4eee41f82.htm,dbo,SXACRTileDefault,SXACRTileDefault,SXACRTil
dbo.SXACRTileDocumentXref,Tbl_1489171132604283bc1de370896c8fc0.htm,dbo,SXACRTileDocumentXref,SXACRTileDocumentXref,SXACRTil
dbo.SXACRTileDripDoseDetail,Tbl_b8195c5f2bab4336b1d67fd884c1c29f.htm,dbo,SXACRTileDripDoseDetail,SXACRTileDripDoseDetail,SXACRTil
dbo.SXACRTileElectrolyteItemXRef,Tbl_2949e3bd40ad45888f39cdd12a6d729e.htm,dbo,SXACRTileElectrolyteItemXRef,SXACRTileElectrolyteItemXRef,SXACRTil
dbo.SXACRTileFlowsheetXref,Tbl_1a35dc48262b48c9b8a7d9ce59c6ea38.htm,dbo,SXACRTileFlowsheetXref,SXACRTileFlowsheetXref,SXACRTil
dbo.SXACRTileGrowthChartDetail,Tbl_89dd8264091b4e54a38a6c0cc2f5e334.htm,dbo,SXACRTileGrowthChartDetail,SXACRTileGrowthChartDetail,SXACRTil
dbo.SXACRTileHealthManagementDetail,Tbl_461fc0a241a64d52a9904e7ff8babd6d.htm,dbo,SXACRTileHealthManagementDetail,SXACRTileHealthManagementDetail,SXACRTil
dbo.SXACRTileHealthManagementHMEventXref,Tbl_34e2146cf1984d82accdc94f9718d5c8.htm,dbo,SXACRTileHealthManagementHMEventXref,SXACRTileHealthManagementHMEventXref,SXACRTil
dbo.SXACRTileHealthManagementHMScheduleXref,Tbl_6d3109d6054d448bbefedbb8061ad74b.htm,dbo,SXACRTileHealthManagementHMScheduleXref,SXACRTileHealthManagementHMScheduleXref,SXACRTil
dbo.SXACRTileHistogramDetail,Tbl_bb7247ba717c44fea0f6e5d1846cff4e.htm,dbo,SXACRTileHistogramDetail,SXACRTileHistogramDetail,SXACRTil
dbo.SXACRTileIOTotalDetail,Tbl_7d94eb22db7c4e929428c67030692a5b.htm,dbo,SXACRTileIOTotalDetail,SXACRTileIOTotalDetail,SXACRTil
dbo.SXACRTileIVDripDetail,Tbl_6172c58d4199445797832338be5e8393.htm,dbo,SXACRTileIVDripDetail,SXACRTileIVDripDetail,SXACRTil
dbo.SXACRTileIVDripItemXref,Tbl_0dfaf679991f48908b1fb4cf8885cc34.htm,dbo,SXACRTileIVDripItemXref,SXACRTileIVDripItemXref,SXACRTil
dbo.SXACRTileObsParameterXref,Tbl_521ad18d078f47fe8d3f9885dde7ddc6.htm,dbo,SXACRTileObsParameterXref,SXACRTileObsParameterXref,SXACRTil
dbo.SXACRTileObservationDetail,Tbl_98bec178da484e8ab35c6ff6e262968f.htm,dbo,SXACRTileObservationDetail,SXACRTileObservationDetail,SXACRTil
dbo.SXACRTileOrderItemXref,Tbl_fdcda841fca84e32899f0f44c4b4fbda.htm,dbo,SXACRTileOrderItemXref,SXACRTileOrderItemXref,SXACRTil
dbo.SXACRTileProblemListTypeXref,Tbl_c8eccaf7363f4e1b96aef100d48b6885.htm,dbo,SXACRTileProblemListTypeXref,SXACRTileProblemListTypeXref,SXACRTil
dbo.SXACRTileResultCategoryXref,Tbl_caffba9f45ae4d43ac30a7d17989fb28.htm,dbo,SXACRTileResultCategoryXref,SXACRTileResultCategoryXref,SXACRTil
dbo.SXACRTileResultDetail,Tbl_aaed7f99453e4dbc9f11d832b6f443c2.htm,dbo,SXACRTileResultDetail,SXACRTileResultDetail,SXACRTil
dbo.SXACRTileRxMedDetail,Tbl_272350dcadae42d79ba84ea15fea14f1.htm,dbo,SXACRTileRxMedDetail,SXACRTileRxMedDetail,SXACRTil
dbo.SXACRTileRxWriterTypeXref,Tbl_1503c51e066e4df5b85a6ebfed29b167.htm,dbo,SXACRTileRxWriterTypeXref,SXACRTileRxWriterTypeXref,SXACRTil
dbo.SXACRTimeInterval,Tbl_8659359e8582459bae8ed25befe6b9a0.htm,dbo,SXACRTimeInterval,SXACRTimeInterval,SXACRTim
dbo.SXACRViewTileDefault,Tbl_6597d6d20a934266bfb45b046c9ac57b.htm,dbo,SXACRViewTileDefault,SXACRViewTileDefault,SXACRVie
dbo.SXACareProviderXInfo,Tbl_a72c01014e1540709f72462bb59cce8e.htm,dbo,SXACareProviderXInfo,SXACareProviderXInfo,SXACareP
dbo.SXAColumn,Tbl_5126baddb0684cb095a822e7a538dc86.htm,dbo,SXAColumn,SXAColumn,SXAColum
dbo.SXACommunityDataProvider,Tbl_34a8b84b80134c2eb73c216ecef7098d.htm,dbo,SXACommunityDataProvider,SXACommunityDataProvider,SXACommu
dbo.SXACommunityDataStatus,Tbl_f075c232dfbb4c20af89bf5ac55d4580.htm,dbo,SXACommunityDataStatus,SXACommunityDataStatus,SXACommu
dbo.SXADBFKListForPatchRelease,Tbl_650d7e48b4554fc19f408dd6c3038d15.htm,dbo,SXADBFKListForPatchRelease,SXADBFKListForPatchRelease,SXADBFKL
dbo.SXADMAjccChangeHistory,Tbl_d26333e138004b1380fbae9bde60af30.htm,dbo,SXADMAjccChangeHistory,SXADMAjccChangeHistory,SXADMAjc
dbo.SXADMAjccEdition,Tbl_ebeeb72aa52841f9a7688b6a7df3255c.htm,dbo,SXADMAjccEdition,SXADMAjccEdition,SXADMAjc
dbo.SXADMClassification,Tbl_3ce5ed9523ca4476982d78c454333a2c.htm,dbo,SXADMClassification,SXADMClassification,SXADMCla
dbo.SXADMConfigurationEntity,Tbl_5d04e3da99df480db7b3f9bed17f7855.htm,dbo,SXADMConfigurationEntity,SXADMConfigurationEntity,SXADMCon
dbo.SXADMDisease,Tbl_ccb6d10fb3ba4a359e8e3e23280c4064.htm,dbo,SXADMDisease,SXADMDisease,SXADMDis
dbo.SXADMDiseaseClassificationXREF,Tbl_cbd4138ee2874716aa5cd4060f46c770.htm,dbo,SXADMDiseaseClassificationXREF,SXADMDiseaseClassificationXREF,SXADMDis
dbo.SXADMDiseaseHistologicTypeXRef,Tbl_22dc3719a54d4f60879a0de06dd9f76a.htm,dbo,SXADMDiseaseHistologicTypeXRef,SXADMDiseaseHistologicTypeXRef,SXADMDis
dbo.SXADMDiseaseQuestion,Tbl_5a5cb58400be4ab5b393e55d390bc6e7.htm,dbo,SXADMDiseaseQuestion,SXADMDiseaseQuestion,SXADMDis
dbo.SXADMDiseaseStageRecord,Tbl_f5ed8f660e4b45168025d8b37c5ee559.htm,dbo,SXADMDiseaseStageRecord,SXADMDiseaseStageRecord,SXADMDis
dbo.SXADMDiseaseStageRecordExtension,Tbl_27476cac73c94d2d9120aa68261f4bb7.htm,dbo,SXADMDiseaseStageRecordExtension,SXADMDiseaseStageRecordExtension,SXADMDis
dbo.SXADMEvitiRegimenOrderSetXref,Tbl_cf5828a3260945029abecbb50648aa02.htm,dbo,SXADMEvitiRegimenOrderSetXref,SXADMEvitiRegimenOrderSetXref,SXADMEvi
dbo.SXADMEvitiStageConversion,Tbl_f36dfe40ca28412f928442bd4b96aa06.htm,dbo,SXADMEvitiStageConversion,SXADMEvitiStageConversion,SXADMEvi
dbo.SXADMEvitiTypeConversion,Tbl_0f90bdf7488144b5be05d4caac2597c8.htm,dbo,SXADMEvitiTypeConversion,SXADMEvitiTypeConversion,SXADMEvi
dbo.SXADMHistologicType,Tbl_3959c055746d43d990fbd9bf3748393e.htm,dbo,SXADMHistologicType,SXADMHistologicType,SXADMHis
dbo.SXADMQuestion,Tbl_a567d76c1ee9429485d48b05b51e4f2c.htm,dbo,SXADMQuestion,SXADMQuestion,SXADMQue
dbo.SXADMQuestionListEntry,Tbl_a75fb7231d6847dba9138033d42b9de6.htm,dbo,SXADMQuestionListEntry,SXADMQuestionListEntry,SXADMQue
dbo.SXADMStagingRule,Tbl_ba68e7c32a98430aa18acaec010dedaf.htm,dbo,SXADMStagingRule,SXADMStagingRule,SXADMSta
dbo.SXADMTnmgChoice,Tbl_4651f40e488e4737914396fe1875c1e5.htm,dbo,SXADMTnmgChoice,SXADMTnmgChoice,SXADMTnm
dbo.SXADMTnmgChoiceAjccEditionXREF,Tbl_83f99bd7e2014ae1954603a9ee6af2af.htm,dbo,SXADMTnmgChoiceAjccEditionXREF,SXADMTnmgChoiceAjccEditionXREF,SXADMTnm
dbo.SXADRClientDocumentSuppressARC,Tbl_a686f297670d4f988ad25f653cb2a0b4.htm,dbo,SXADRClientDocumentSuppressARC,SXADRClientDocumentSuppressARC,SXADRCli
dbo.SXADRClientDocumentSuppressCUR,Tbl_4b54da4415b24fd483eabef45e91b6e7.htm,dbo,SXADRClientDocumentSuppressCUR,SXADRClientDocumentSuppressCUR,SXADRCli
dbo.SXADSIDefinition,Tbl_74a28224e0274b3bad3b60e97b86451e.htm,dbo,SXADSIDefinition,SXADSIDefinition,SXADSIDe
dbo.SXADSIMapping,Tbl_310f4fb1e548472aa7ee20bf3cf875b1.htm,dbo,SXADSIMapping,SXADSIMapping,SXADSIMa
dbo.SXADictionary,Tbl_47747b667c4a4d5a9216f2d000451ffd.htm,dbo,SXADictionary,SXADictionary,SXADicti
dbo.SXADictionaryLocationXREF,Tbl_2ac9eb0fd8974d9fb86a058f822354ec.htm,dbo,SXADictionaryLocationXREF,SXADictionaryLocationXREF,SXADicti
dbo.SXAEDI270AutoInquiryCriteria,Tbl_932a27b8dbe74140a602dfd8cb31b174.htm,dbo,SXAEDI270AutoInquiryCriteria,SXAEDI270,SXAEDI27
dbo.SXAEDI270DefaultPlanForInquiry,Tbl_ecc5bf3961c84e2e904c1a6fd77bdf1f.htm,dbo,SXAEDI270DefaultPlanForInquiry,SXAEDI270,SXAEDI27
dbo.SXAEDI270FacilityApplicationConfiguration,Tbl_0e143ffc8d2a477a97995e9d0a4dfe04.htm,dbo,SXAEDI270FacilityApplicationConfiguration,SXAEDI270,SXAEDI27
dbo.SXAEDI270FacilityConfiguration,Tbl_64954512423c471287e12ffac9050129.htm,dbo,SXAEDI270FacilityConfiguration,SXAEDI270,SXAEDI27
dbo.SXAEDI270Message,Tbl_263224ba913949dcaebea001e8ff5e5f.htm,dbo,SXAEDI270Message,SXAEDI270,SXAEDI27
dbo.SXAEDI271Message,Tbl_d7863d0ddc00424a8e281eaa7d52be1a.htm,dbo,SXAEDI271Message,SXAEDI271,SXAEDI27
dbo.SXAEDI271RejectionInfo,Tbl_4c3b7ab340884dbdb5d8c1cbf704ca94.htm,dbo,SXAEDI271RejectionInfo,SXAEDI271,SXAEDI27
dbo.SXAEDI835ProcessingError,Tbl_56534d02a884474b892966a6cec1ffd2.htm,dbo,SXAEDI835ProcessingError,SXAEDI835,SXAEDI83
dbo.SXAEDI835X12Status,Tbl_a7a1984c484e41e2957f8091238e30f5.htm,dbo,SXAEDI835X12Status,SXAEDI835,SXAEDI83
dbo.SXAEDI835XMLStatus,Tbl_a62d927253d0466087c16f4620ad3fc5.htm,dbo,SXAEDI835XMLStatus,SXAEDI835,SXAEDI83
dbo.SXAEDIClaim276277Message,Tbl_f81923a91743403bb861ff637b23fc54.htm,dbo,SXAEDIClaim276277Message,SXAEDIClaim276277,SXAEDICl
dbo.SXAEDIConfigurationTemplate,Tbl_7f4157b6225c4e8e94313491d6ba1dc5.htm,dbo,SXAEDIConfigurationTemplate,SXAEDIConfigurationTemplate,SXAEDICo
dbo.SXAEDIDictionary,Tbl_c79033bd46444d89b82bfac602bf1d0b.htm,dbo,SXAEDIDictionary,SXAEDIDictionary,SXAEDIDi
dbo.SXAEDIDictionaryEntry,Tbl_26a8caa1964c4e80ab39a52eead69a2c.htm,dbo,SXAEDIDictionaryEntry,SXAEDIDictionaryEntry,SXAEDIDi
dbo.SXAEDIDictionaryEntryTransactionXRef,Tbl_e03403ff6e3441d8a6ce7506a0e6a8fa.htm,dbo,SXAEDIDictionaryEntryTransactionXRef,SXAEDIDictionaryEntryTransactionXRef,SXAEDIDi
dbo.SXAEDIDictionaryEntryXACodeXRef,Tbl_250519cfca934e9eae1e73575859b9f8.htm,dbo,SXAEDIDictionaryEntryXACodeXRef,SXAEDIDictionaryEntryXACodeXRef,SXAEDIDi
dbo.SXAEDIFacilityAuthorizationConfiguration,Tbl_b93f9b989a31459696cc67eb7ba53077.htm,dbo,SXAEDIFacilityAuthorizationConfiguration,SXAEDIFacilityAuthorizationConfiguration,SXAEDIFa
dbo.SXAEDIInsuranceAuthorizationContact,Tbl_09e87113dc994b798368658ce81e8ec4.htm,dbo,SXAEDIInsuranceAuthorizationContact,SXAEDIInsuranceAuthorizationContact,SXAEDIIn
dbo.SXAEDIStatusMessage,Tbl_f55d20fd153046d2b79d0be15530bb5e.htm,dbo,SXAEDIStatusMessage,SXAEDIStatusMessage,SXAEDISt
dbo.SXAEDITarget,Tbl_c060e78f055f4d4bbd54081fe5ef469b.htm,dbo,SXAEDITarget,SXAEDITarget,SXAEDITa
dbo.SXAEDITarget270Rule,Tbl_22fce03ff9c740589707d441d4ec02a2.htm,dbo,SXAEDITarget270Rule,SXAEDITarget270,SXAEDITa
dbo.SXAEDITarget278EntityIDXRef,Tbl_065a7ebd39554e7f8e4589a742c76dd1.htm,dbo,SXAEDITarget278EntityIDXRef,SXAEDITarget278,SXAEDITa
dbo.SXAEDITarget278ServiceDuration,Tbl_61c24fb7e2f24e17a5f835d7e9582935.htm,dbo,SXAEDITarget278ServiceDuration,SXAEDITarget278,SXAEDITa
dbo.SXAEDITargetConfiguration,Tbl_b0b5c656820b4893badddd6d3a701236.htm,dbo,SXAEDITargetConfiguration,SXAEDITargetConfiguration,SXAEDITa
dbo.SXAEDITargetInsuranceXRef,Tbl_f58a86189f9543b5834fa490c050b0bc.htm,dbo,SXAEDITargetInsuranceXRef,SXAEDITargetInsuranceXRef,SXAEDITa
dbo.SXAEDITransaction,Tbl_cf85684cf4744183833b24c8ed0c5f16.htm,dbo,SXAEDITransaction,SXAEDITransaction,SXAEDITr
dbo.SXAEHIBOSS_ADT_AdditionalPatientData,Tbl_05d5215e879f425ea4dd16bceb32d704.htm,dbo,SXAEHIBOSS_ADT_AdditionalPatientData,SXAEHIBOSS,SXAEHIBO
dbo.SXAEHIBOSS_PatientDetails,Tbl_8da3ecbf6fc743f48c25b0ef09f9b061.htm,dbo,SXAEHIBOSS_PatientDetails,SXAEHIBOSS,SXAEHIBO
dbo.SXAEHIEMR_BLOB_Documents,Tbl_c79e13f692a741509d84889de8d38e14.htm,dbo,SXAEHIEMR_BLOB_Documents,SXAEHIEMR,SXAEHIEM
dbo.SXAEHIEMR_Documents,Tbl_b0dd87a4ccdc4b68b565ad7468257fd9.htm,dbo,SXAEHIEMR_Documents,SXAEHIEMR,SXAEHIEM
dbo.SXAEISAttributeDefinition,Tbl_11e5de67fa6947b1a1d380cde43379c1.htm,dbo,SXAEISAttributeDefinition,SXAEISAttributeDefinition,SXAEISAt
dbo.SXAEISAttributeEquivalentValueXref,Tbl_b25fa530bbd240a2b8078d67d2f9e7af.htm,dbo,SXAEISAttributeEquivalentValueXref,SXAEISAttributeEquivalentValueXref,SXAEISAt
dbo.SXAEISAttributeExpression,Tbl_7a7f6e00f9a3454680891a0f11716660.htm,dbo,SXAEISAttributeExpression,SXAEISAttributeExpression,SXAEISAt
dbo.SXAEISAttributeReferenceBindingXref,Tbl_5fedae4d64ea49c5a339d50e1996a26f.htm,dbo,SXAEISAttributeReferenceBindingXref,SXAEISAttributeReferenceBindingXref,SXAEISAt
dbo.SXAEISAttributeSet,Tbl_6e6b6e7110f5491daa772db5c228ac3a.htm,dbo,SXAEISAttributeSet,SXAEISAttributeSet,SXAEISAt
dbo.SXAEISAttributeSetMember,Tbl_9902582372314c93950c6d8a6703e662.htm,dbo,SXAEISAttributeSetMember,SXAEISAttributeSetMember,SXAEISAt
dbo.SXAEISAuditLogRecord,Tbl_f3755f8a5d38478694a1e878e39bed5d.htm,dbo,SXAEISAuditLogRecord,SXAEISAuditLogRecord,SXAEISAu
dbo.SXAEISBKLDPerson,Tbl_e2240585bc414288bc48fa2b28af8513.htm,dbo,SXAEISBKLDPerson,SXAEISBKLDPerson,SXAEISBK
dbo.SXAEISBKLDPersonIdentifier,Tbl_1677732fc2084b219dfbd65d57781135.htm,dbo,SXAEISBKLDPersonIdentifier,SXAEISBKLDPersonIdentifier,SXAEISBK
dbo.SXAEISBKLDPersonName,Tbl_8a94863f446943a4bd3d336ae37c290d.htm,dbo,SXAEISBKLDPersonName,SXAEISBKLDPersonName,SXAEISBK
dbo.SXAEISBasicRepairOperation,Tbl_555bf316c48a439cb0190eba8998744b.htm,dbo,SXAEISBasicRepairOperation,SXAEISBasicRepairOperation,SXAEISBa
dbo.SXAEISClientApplication,Tbl_ae948e1dff4c435e8f5fe6277938fdf9.htm,dbo,SXAEISClientApplication,SXAEISClientApplication,SXAEISCl
dbo.SXAEISClientApplicationSearchProfile,Tbl_f3cf3147410e487d9ec55a8f1d153a9b.htm,dbo,SXAEISClientApplicationSearchProfile,SXAEISClientApplicationSearchProfile,SXAEISCl
dbo.SXAEISClientDatabase,Tbl_53c4f8f13cb049cbb523d96661bae611.htm,dbo,SXAEISClientDatabase,SXAEISClientDatabase,SXAEISCl
dbo.SXAEISComponentManagementSetting,Tbl_36169c8760114d28928c9141677e66f9.htm,dbo,SXAEISComponentManagementSetting,SXAEISComponentManagementSetting,SXAEISCo
dbo.SXAEISDataModel,Tbl_2c56a1ea08c6467194ed66700328a888.htm,dbo,SXAEISDataModel,SXAEISDataModel,SXAEISDa
dbo.SXAEISDataModelManagementSetting,Tbl_7a93ee8abbc34f70b0c5e751c5d21ad8.htm,dbo,SXAEISDataModelManagementSetting,SXAEISDataModelManagementSetting,SXAEISDa
dbo.SXAEISDataServer,Tbl_d95c1521807a4daba1c334748841da12.htm,dbo,SXAEISDataServer,SXAEISDataServer,SXAEISDa
dbo.SXAEISDataType,Tbl_4ea137e8b8fb4412a30780f32dcd5e39.htm,dbo,SXAEISDataType,SXAEISDataType,SXAEISDa
dbo.SXAEISDatabase,Tbl_86b876b162de4f4f8a1688c91b8b65db.htm,dbo,SXAEISDatabase,SXAEISDatabase,SXAEISDa
dbo.SXAEISDbms,Tbl_4e9c78db04634a7bb7bb85fdba4348d4.htm,dbo,SXAEISDbms,SXAEISDbms,SXAEISDb
dbo.SXAEISDbmsDataType,Tbl_aadb3dd5de7b4a1a99b37fd320b161cb.htm,dbo,SXAEISDbmsDataType,SXAEISDbmsDataType,SXAEISDb
dbo.SXAEISEntityDefinition,Tbl_5776ce2625174d13a6a4b885c5a79478.htm,dbo,SXAEISEntityDefinition,SXAEISEntityDefinition,SXAEISEn
dbo.SXAEISEntityUniquenessConstraintXref,Tbl_6754cfe806c74195b4e01201d5b8d611.htm,dbo,SXAEISEntityUniquenessConstraintXref,SXAEISEntityUniquenessConstraintXref,SXAEISEn
dbo.SXAEISEquivalentValueDefinition,Tbl_29c16be625874591a7e8a37ce6c1c739.htm,dbo,SXAEISEquivalentValueDefinition,SXAEISEquivalentValueDefinition,SXAEISEq
dbo.SXAEISEquivalentValueSet,Tbl_0d91630bccbb4e7f97f8bbec194ea76a.htm,dbo,SXAEISEquivalentValueSet,SXAEISEquivalentValueSet,SXAEISEq
dbo.SXAEISEquivalentValueSetMember,Tbl_c3ed162551ba490d96af49ccfca2dfaa.htm,dbo,SXAEISEquivalentValueSetMember,SXAEISEquivalentValueSetMember,SXAEISEq
dbo.SXAEISExpressionComponent,Tbl_2d9400ec745d46b580ac6d63df683fd5.htm,dbo,SXAEISExpressionComponent,SXAEISExpressionComponent,SXAEISEx
dbo.SXAEISExpressionDefinition,Tbl_af217d07aa834fcd90eadf6ebdce63b1.htm,dbo,SXAEISExpressionDefinition,SXAEISExpressionDefinition,SXAEISEx
dbo.SXAEISExpressionElement,Tbl_bae71fa526544bbd8ae0aff20c469b70.htm,dbo,SXAEISExpressionElement,SXAEISExpressionElement,SXAEISEx
dbo.SXAEISExpressionFunction,Tbl_27aae71cc89b4674a0940b4e515c369e.htm,dbo,SXAEISExpressionFunction,SXAEISExpressionFunction,SXAEISEx
dbo.SXAEISExpressionFunctionArgument,Tbl_cd26845a8d2442d2823ab5b8f4b5f978.htm,dbo,SXAEISExpressionFunctionArgument,SXAEISExpressionFunctionArgument,SXAEISEx
dbo.SXAEISExpressionImplementationSet,Tbl_2ef1b3f85a734e129dbc5ddd293cbc6c.htm,dbo,SXAEISExpressionImplementationSet,SXAEISExpressionImplementationSet,SXAEISEx
dbo.SXAEISExpressionImplementationSetMember,Tbl_36be2d57e6fc4ec6be651cde012e28cf.htm,dbo,SXAEISExpressionImplementationSetMember,SXAEISExpressionImplementationSetMember,SXAEISEx
dbo.SXAEISExpressionImplementationType,Tbl_f447d219418743049e67c82d5343c837.htm,dbo,SXAEISExpressionImplementationType,SXAEISExpressionImplementationType,SXAEISEx
dbo.SXAEISExpressionSelectivityRating,Tbl_f282d3d04c044a00ae1742d07554ccae.htm,dbo,SXAEISExpressionSelectivityRating,SXAEISExpressionSelectivityRating,SXAEISEx
dbo.SXAEISExpressionSyntaxElement,Tbl_a3d6ac7f58e24153b8d2d1a262b73c1a.htm,dbo,SXAEISExpressionSyntaxElement,SXAEISExpressionSyntaxElement,SXAEISEx
dbo.SXAEISGENPerson,Tbl_a1807aefc4df4deab77d5a39c585a5b6.htm,dbo,SXAEISGENPerson,SXAEISGENPerson,SXAEISGE
dbo.SXAEISGENPersonIdentifier,Tbl_fb9717f953a14e8ab4ffef83d96cfae1.htm,dbo,SXAEISGENPersonIdentifier,SXAEISGENPersonIdentifier,SXAEISGE
dbo.SXAEISGENPersonName,Tbl_ef8eec87af444a0e80b2666e6a4d9554.htm,dbo,SXAEISGENPersonName,SXAEISGENPersonName,SXAEISGE
dbo.SXAEISIdentifierDefinition,Tbl_77ac297879b94a13827572d6db6d43d4.htm,dbo,SXAEISIdentifierDefinition,SXAEISIdentifierDefinition,SXAEISId
dbo.SXAEISImportedNamespace,Tbl_3c94a279fef743848680f431c763c652.htm,dbo,SXAEISImportedNamespace,SXAEISImportedNamespace,SXAEISIm
dbo.SXAEISInstanceReviewRequest,Tbl_4b5ba62b87734c0f9842de7abd174652.htm,dbo,SXAEISInstanceReviewRequest,SXAEISInstanceReviewRequest,SXAEISIn
dbo.SXAEISInstanceSet,Tbl_82683e579d4f4d75b8da32eca14b619f.htm,dbo,SXAEISInstanceSet,SXAEISInstanceSet,SXAEISIn
dbo.SXAEISQueryDefinition,Tbl_b5f80a87f7b8411691c075929792cded.htm,dbo,SXAEISQueryDefinition,SXAEISQueryDefinition,SXAEISQu
dbo.SXAEISQueryExecution,Tbl_4ae8731940b44145b1adb23beb7405fa.htm,dbo,SXAEISQueryExecution,SXAEISQueryExecution,SXAEISQu
dbo.SXAEISQuerySchema,Tbl_a1b9e0d2211a4f2293da5e7ce5e49dc5.htm,dbo,SXAEISQuerySchema,SXAEISQuerySchema,SXAEISQu
dbo.SXAEISRelationshipDefinition,Tbl_7767b42c438442fb977695f26c35832c.htm,dbo,SXAEISRelationshipDefinition,SXAEISRelationshipDefinition,SXAEISRe
dbo.SXAEISRepairOperation,Tbl_dcc275a852e348d7bb114b6fc630676d.htm,dbo,SXAEISRepairOperation,SXAEISRepairOperation,SXAEISRe
dbo.SXAEISRepairOperationComponent,Tbl_a4574eadd42d44f6a7624d6037fa7f17.htm,dbo,SXAEISRepairOperationComponent,SXAEISRepairOperationComponent,SXAEISRe
dbo.SXAEISRequestDefinition,Tbl_d8ef1b0176f84a52bea4112e28f93b03.htm,dbo,SXAEISRequestDefinition,SXAEISRequestDefinition,SXAEISRe
dbo.SXAEISRequestExecution,Tbl_0c30fa97d1bf4f11a18b19b0c55d6a82.htm,dbo,SXAEISRequestExecution,SXAEISRequestExecution,SXAEISRe
dbo.SXAEISSchemaAttribute,Tbl_76e15d93f84142549ce47efc7a02cf3d.htm,dbo,SXAEISSchemaAttribute,SXAEISSchemaAttribute,SXAEISSc
dbo.SXAEISSchemaDefinition,Tbl_6f65103061a74e70bdf441c4ef69a921.htm,dbo,SXAEISSchemaDefinition,SXAEISSchemaDefinition,SXAEISSc
dbo.SXAEISSchemaEntity,Tbl_8ea52fb71ce1419da0b2792a1287a79d.htm,dbo,SXAEISSchemaEntity,SXAEISSchemaEntity,SXAEISSc
dbo.SXAEISSchemaRelationship,Tbl_6cb150b0a42140ca893f592630396bf7.htm,dbo,SXAEISSchemaRelationship,SXAEISSchemaRelationship,SXAEISSc
dbo.SXAEISSearchDefinition,Tbl_221fe34fc11a4515a02b8b59bc723570.htm,dbo,SXAEISSearchDefinition,SXAEISSearchDefinition,SXAEISSe
dbo.SXAEISSearchPath,Tbl_160406683e35403caf236e6d55644970.htm,dbo,SXAEISSearchPath,SXAEISSearchPath,SXAEISSe
dbo.SXAEISSearchPathMember,Tbl_b7d49b1adac643d9b2e615c0c040efad.htm,dbo,SXAEISSearchPathMember,SXAEISSearchPathMember,SXAEISSe
dbo.SXAEISSearchProfile,Tbl_81578c65567f4f28a761bde3510fc41a.htm,dbo,SXAEISSearchProfile,SXAEISSearchProfile,SXAEISSe
dbo.SXAEISSearchQuery,Tbl_8a1cad2d898b4bf2943f27598165fea0.htm,dbo,SXAEISSearchQuery,SXAEISSearchQuery,SXAEISSe
dbo.SXAEISSelectionExpression,Tbl_941ab8d091dc4387882e2c1d255068bc.htm,dbo,SXAEISSelectionExpression,SXAEISSelectionExpression,SXAEISSe
dbo.SXAEISSiteConfiguration,Tbl_4d8782b1da2a47d188aec1ca2102b884.htm,dbo,SXAEISSiteConfiguration,SXAEISSiteConfiguration,SXAEISSi
dbo.SXAEISSubExpressionSchema,Tbl_d5975aefaba541edbf7af3ef4bf9e02b.htm,dbo,SXAEISSubExpressionSchema,SXAEISSubExpressionSchema,SXAEISSu
dbo.SXAEISTemplateExpression,Tbl_545217679c0249b7bf8264b905254546.htm,dbo,SXAEISTemplateExpression,SXAEISTemplateExpression,SXAEISTe
dbo.SXAEISTemplateExpressionComponent,Tbl_f633dade321f4862b2b142d9dcc8145e.htm,dbo,SXAEISTemplateExpressionComponent,SXAEISTemplateExpressionComponent,SXAEISTe
dbo.SXAEISVersion,Tbl_6d3c62b1bbff432a93034d48721b6de1.htm,dbo,SXAEISVersion,SXAEISVersion,SXAEISVe
dbo.SXAEMClientEOVDoc,Tbl_e0e84e076fa74d99a1dd3d57b797cb2a.htm,dbo,SXAEMClientEOVDoc,SXAEMClientEOVDoc,SXAEMCli
dbo.SXAEMClientEOVDocComponent,Tbl_ddd689bcbafe4ce2918a3009196273e1.htm,dbo,SXAEMClientEOVDocComponent,SXAEMClientEOVDocComponent,SXAEMCli
dbo.SXAEMClientEOVDocDetail,Tbl_5cfaae2fad214b1f95f05387d54c083e.htm,dbo,SXAEMClientEOVDocDetail,SXAEMClientEOVDocDetail,SXAEMCli
dbo.SXAEMComponent,Tbl_3befb27d220c4defafdae03db935d130.htm,dbo,SXAEMComponent,SXAEMComponent,SXAEMCom
dbo.SXAEMComponentElementScore,Tbl_fe284daa79ba4473b212428dbb0ae15b.htm,dbo,SXAEMComponentElementScore,SXAEMComponentElementScore,SXAEMCom
dbo.SXAEMComponentScoreDetail,Tbl_ed19dd2fb526477891deb38835774d3a.htm,dbo,SXAEMComponentScoreDetail,SXAEMComponentScoreDetail,SXAEMCom
dbo.SXAEMComponentStatus,Tbl_9650c8b50ce546efbf87c32a11f85c97.htm,dbo,SXAEMComponentStatus,SXAEMComponentStatus,SXAEMCom
dbo.SXAEMEndOfVisitScore,Tbl_f086b4f4fc26436ea9192dbc5dc838bd.htm,dbo,SXAEMEndOfVisitScore,SXAEMEndOfVisitScore,SXAEMEnd
dbo.SXAEMObsComponentXRef,Tbl_a4d2545421684d06a32add0d2c10c572.htm,dbo,SXAEMObsComponentXRef,SXAEMObsComponentXRef,SXAEMObs
dbo.SXAEMObsValue,Tbl_ec291affaee64673a01c50b7b0d93237.htm,dbo,SXAEMObsValue,SXAEMObsValue,SXAEMObs
dbo.SXAEMPatientClassCategory,Tbl_91bd7d4b712e4e738e66b5604b31f217.htm,dbo,SXAEMPatientClassCategory,SXAEMPatientClassCategory,SXAEMPat
dbo.SXAESAppointment,Tbl_a3d58b254e7743a3a7932ee74c73e8fb.htm,dbo,SXAESAppointment,SXAESAppointment,SXAESApp
dbo.SXAESAppointmentCustomField,Tbl_34d91d9caf34473f8e727e4ed128863b.htm,dbo,SXAESAppointmentCustomField,SXAESAppointmentCustomField,SXAESApp
dbo.SXAESAppointmentCustomFieldCategory,Tbl_0dd6b0d234de4b4f8f3dd90b8a5de4cb.htm,dbo,SXAESAppointmentCustomFieldCategory,SXAESAppointmentCustomFieldCategory,SXAESApp
dbo.SXAESAppointmentProcessingOption,Tbl_4983a711008c4479803117028a48b945.htm,dbo,SXAESAppointmentProcessingOption,SXAESAppointmentProcessingOption,SXAESApp
dbo.SXAESApptEvtResourceXREF,Tbl_cdcb6ab163bf44258c036f8ff798f8b8.htm,dbo,SXAESApptEvtResourceXREF,SXAESApptEvtResourceXREF,SXAESApp
dbo.SXAESApptReminderCommonSetting,Tbl_64128840b39748a297526fa5c4038812.htm,dbo,SXAESApptReminderCommonSetting,SXAESApptReminderCommonSetting,SXAESApp
dbo.SXAESApptReminderProfile,Tbl_f7ef25c82fc24102a77e596ca52053ed.htm,dbo,SXAESApptReminderProfile,SXAESApptReminderProfile,SXAESApp
dbo.SXAESApptReminderStatus,Tbl_986aeb24abc948dda8fee2ea1a073beb.htm,dbo,SXAESApptReminderStatus,SXAESApptReminderStatus,SXAESApp
dbo.SXAESApptReminderStatusMapping,Tbl_a6113f69a36f41d6b88fa5cf71eccadf.htm,dbo,SXAESApptReminderStatusMapping,SXAESApptReminderStatusMapping,SXAESApp
dbo.SXAESBlockAppliedToResourceXREF,Tbl_3e8580302c824a138d9187fd31cb50cb.htm,dbo,SXAESBlockAppliedToResourceXREF,SXAESBlockAppliedToResourceXREF,SXAESBlo
dbo.SXAESBlockDefinition,Tbl_95da42465adf49bf9211b9779fa7684c.htm,dbo,SXAESBlockDefinition,SXAESBlockDefinition,SXAESBlo
dbo.SXAESBlockManagedOccurrence,Tbl_c5fc76d3cff44d449bd94246d5167365.htm,dbo,SXAESBlockManagedOccurrence,SXAESBlockManagedOccurrence,SXAESBlo
dbo.SXAESBlockManualRelease,Tbl_937b8447b3f94dcaa9ef50c15432f0f5.htm,dbo,SXAESBlockManualRelease,SXAESBlockManualRelease,SXAESBlo
dbo.SXAESBlockPrivilegeXREF,Tbl_795ac9c3a520491993391f5ba4685f08.htm,dbo,SXAESBlockPrivilegeXREF,SXAESBlockPrivilegeXREF,SXAESBlo
dbo.SXAESBlockReasonDictionary,Tbl_9b386292bf2d451c929fd0ebb70955e9.htm,dbo,SXAESBlockReasonDictionary,SXAESBlockReasonDictionary,SXAESBlo
dbo.SXAESBlockReleasedFromResourceXREF,Tbl_fc75d3e432b14c77ac41ac6493319e55.htm,dbo,SXAESBlockReleasedFromResourceXREF,SXAESBlockReleasedFromResourceXREF,SXAESBlo
dbo.SXAESCareProviderResource,Tbl_d9a1ae0420964d0c84e19a146b7c2668.htm,dbo,SXAESCareProviderResource,SXAESCareProviderResource,SXAESCar
dbo.SXAESConflict,Tbl_a095079ad34e465c811e702283284ac8.htm,dbo,SXAESConflict,SXAESConflict,SXAESCon
dbo.SXAESDictionary,Tbl_15f429505e5a4cd2af26f4b707ebc0ac.htm,dbo,SXAESDictionary,SXAESDictionary,SXAESDic
dbo.SXAESDictionaryAttribute,Tbl_134ed759079f4701858e01b5aee988e5.htm,dbo,SXAESDictionaryAttribute,SXAESDictionaryAttribute,SXAESDic
dbo.SXAESEquipment,Tbl_0a15acc252f5423ab74a48ec767b960b.htm,dbo,SXAESEquipment,SXAESEquipment,SXAESEqu
dbo.SXAESEvent,Tbl_9d20464fee50485eb3f909778a8df14d.htm,dbo,SXAESEvent,SXAESEvent,SXAESEve
dbo.SXAESEventCategory,Tbl_7136dc729c72422298f7b837b5df582e.htm,dbo,SXAESEventCategory,SXAESEventCategory,SXAESEve
dbo.SXAESEventCategoryEventXREF,Tbl_5726f4a1de59467c80cbe4028fa0327c.htm,dbo,SXAESEventCategoryEventXREF,SXAESEventCategoryEventXREF,SXAESEve
dbo.SXAESEventConflictXREF,Tbl_7757d1a5329e40429d9917467badcb32.htm,dbo,SXAESEventConflictXREF,SXAESEventConflictXREF,SXAESEve
dbo.SXAESEventCustomFieldCategory,Tbl_4d3667a4d3ab42b2a5ad65ab12d26bc8.htm,dbo,SXAESEventCustomFieldCategory,SXAESEventCustomFieldCategory,SXAESEve
dbo.SXAESEventGroupEvents,Tbl_af20ea5020194a7087a1db676a3bdd17.htm,dbo,SXAESEventGroupEvents,SXAESEventGroupEvents,SXAESEve
dbo.SXAESEventLocationXREF,Tbl_5b3e6c4aa7db4a52a6676550a4fdf8ad.htm,dbo,SXAESEventLocationXREF,SXAESEventLocationXREF,SXAESEve
dbo.SXAESEventPrePostRequisite,Tbl_045969163d984c8dbc74c71408e7d984.htm,dbo,SXAESEventPrePostRequisite,SXAESEventPrePostRequisite,SXAESEve
dbo.SXAESEventProcedureCode,Tbl_a326d196f2914674bb6da6468f6d9bee.htm,dbo,SXAESEventProcedureCode,SXAESEventProcedureCode,SXAESEve
dbo.SXAESEventProcedureCodeException,Tbl_d8f97f35d52e487da53ddf0bd340f7a5.htm,dbo,SXAESEventProcedureCodeException,SXAESEventProcedureCodeException,SXAESEve
dbo.SXAESEventResourceXREF,Tbl_dc3e7c5b41c54113aba7f021d44a81e1.htm,dbo,SXAESEventResourceXREF,SXAESEventResourceXREF,SXAESEve
dbo.SXAESEventSelectorCustomField,Tbl_db753cf429204c84b64f09fbdc0f6b97.htm,dbo,SXAESEventSelectorCustomField,SXAESEventSelectorCustomField,SXAESEve
dbo.SXAESEventSelectorCustomFieldCategory,Tbl_361df50b4b184727bd769afe4f781d29.htm,dbo,SXAESEventSelectorCustomFieldCategory,SXAESEventSelectorCustomFieldCategory,SXAESEve
dbo.SXAESFreeTextCareProvider,Tbl_30e0130da398457b8bce79c474a5866f.htm,dbo,SXAESFreeTextCareProvider,SXAESFreeTextCareProvider,SXAESFre
dbo.SXAESFreeTextCareProviderIdty,Tbl_675c590dee184a39aa4b7722d38e591f.htm,dbo,SXAESFreeTextCareProviderIdty,SXAESFreeTextCareProviderIdty,SXAESFre
dbo.SXAESHoliday,Tbl_e10e2cb188d940bb87d0931ae4615e13.htm,dbo,SXAESHoliday,SXAESHoliday,SXAESHol
dbo.SXAESHolidayLocationXREF,Tbl_151adc2fd4064171848db15f92e469c0.htm,dbo,SXAESHolidayLocationXREF,SXAESHolidayLocationXREF,SXAESHol
dbo.SXAESHolidayMCExceptionXREF,Tbl_ab8fafa5c6e446ab8fb15cab5664aa68.htm,dbo,SXAESHolidayMCExceptionXREF,SXAESHolidayMCExceptionXREF,SXAESHol
dbo.SXAESHolidayMCExceptionXREFARC,Tbl_21e1d5e688134f80a5ed5a727c8fba17.htm,dbo,SXAESHolidayMCExceptionXREFARC,SXAESHolidayMCExceptionXREFARC,SXAESHol
dbo.SXAESInterval,Tbl_657a66598169462e80b17d73c0e400ca.htm,dbo,SXAESInterval,SXAESInterval,SXAESInt
dbo.SXAESLocationCustomFieldCategory,Tbl_94f02988931a4f409a8372f38f0fb857.htm,dbo,SXAESLocationCustomFieldCategory,SXAESLocationCustomFieldCategory,SXAESLoc
dbo.SXAESLocationDefault,Tbl_2aa89cd2c52d4731b524c34f0d27a087.htm,dbo,SXAESLocationDefault,SXAESLocationDefault,SXAESLoc
dbo.SXAESLocationDefaultBookApptSection,Tbl_5302e332d5c444a1a5c754bab34ff4ac.htm,dbo,SXAESLocationDefaultBookApptSection,SXAESLocationDefaultBookApptSection,SXAESLoc
dbo.SXAESLocationDefaultDisplayColumn,Tbl_dbdb19685c1c488b81be1ce86b2f761f.htm,dbo,SXAESLocationDefaultDisplayColumn,SXAESLocationDefaultDisplayColumn,SXAESLoc
dbo.SXAESLocationDefaultEventPickList,Tbl_7ded9dc23599413dbf28ea43c3c09102.htm,dbo,SXAESLocationDefaultEventPickList,SXAESLocationDefaultEventPickList,SXAESLoc
dbo.SXAESLocationDefaultPatientDisplay,Tbl_6b8f3cee3e7f46be9b5537127249e21f.htm,dbo,SXAESLocationDefaultPatientDisplay,SXAESLocationDefaultPatientDisplay,SXAESLoc
dbo.SXAESLocationDefaultResourcePickList,Tbl_a7032d0e6a67480faf015b6a079875f1.htm,dbo,SXAESLocationDefaultResourcePickList,SXAESLocationDefaultResourcePickList,SXAESLoc
dbo.SXAESLocationDefaultSearchDay,Tbl_0a2c3656071141db867d8e5c546d4417.htm,dbo,SXAESLocationDefaultSearchDay,SXAESLocationDefaultSearchDay,SXAESLoc
dbo.SXAESLocationDefaultSearchTime,Tbl_b15336ad93984833a9825b7044c8042c.htm,dbo,SXAESLocationDefaultSearchTime,SXAESLocationDefaultSearchTime,SXAESLoc
dbo.SXAESLocationDefaultSelectionTab,Tbl_8ace6d30a5104ec9b1d723dd33e81e51.htm,dbo,SXAESLocationDefaultSelectionTab,SXAESLocationDefaultSelectionTab,SXAESLoc
dbo.SXAESLocationProfile,Tbl_5e4a5e3d3c554a598906ceb94f81f49b.htm,dbo,SXAESLocationProfile,SXAESLocationProfile,SXAESLoc
dbo.SXAESLocationResource,Tbl_b8f1fc743c42422e8295db9b4ef93439.htm,dbo,SXAESLocationResource,SXAESLocationResource,SXAESLoc
dbo.SXAESMCAvailabilityType,Tbl_6fb7c34f302b4a1f8752bf75dc68fee3.htm,dbo,SXAESMCAvailabilityType,SXAESMCAvailabilityType,SXAESMCA
dbo.SXAESMCDefinitionAvailability,Tbl_e6419cd783de44e5b417a7b8d9e16a12.htm,dbo,SXAESMCDefinitionAvailability,SXAESMCDefinitionAvailability,SXAESMCD
dbo.SXAESMCDefinitionAvailabilityEventCategoryXREF,Tbl_1a13cbb79c8d487d9c70d7651b67175d.htm,dbo,SXAESMCDefinitionAvailabilityEventCategoryXREF,SXAESMCDefinitionAvailabilityEventCategoryXREF,SXAESMCD
dbo.SXAESMCDefinitionAvailabilityEventXREF,Tbl_a34edce8befc4c769f3a3dd6d262fe7a.htm,dbo,SXAESMCDefinitionAvailabilityEventXREF,SXAESMCDefinitionAvailabilityEventXREF,SXAESMCD
dbo.SXAESMCDefinitionAvailabilityLocationXREF,Tbl_c876790221b84badb542f6e89e3a873c.htm,dbo,SXAESMCDefinitionAvailabilityLocationXREF,SXAESMCDefinitionAvailabilityLocationXREF,SXAESMCD
dbo.SXAESMCEventAvailabilityLimit,Tbl_b8544c785ba347cba9c8581157a950b0.htm,dbo,SXAESMCEventAvailabilityLimit,SXAESMCEventAvailabilityLimit,SXAESMCE
dbo.SXAESMCEventAvailabilityLimitARC,Tbl_67b86fce5bcc4ca5aa5ae735ca1da8a8.htm,dbo,SXAESMCEventAvailabilityLimitARC,SXAESMCEventAvailabilityLimitARC,SXAESMCE
dbo.SXAESMCEventCategoryRestrictionReleaseXREF,Tbl_4b0de43451ce4b3d9fc36ac89b76a417.htm,dbo,SXAESMCEventCategoryRestrictionReleaseXREF,SXAESMCEventCategoryRestrictionReleaseXREF,SXAESMCE
dbo.SXAESMCEventRestrictionReleaseXREF,Tbl_54516b1bdfad415897080b2080f4225d.htm,dbo,SXAESMCEventRestrictionReleaseXREF,SXAESMCEventRestrictionReleaseXREF,SXAESMCE
dbo.SXAESMCException,Tbl_30e8dffe56fc47678e801ae221dd8529.htm,dbo,SXAESMCException,SXAESMCException,SXAESMCE
dbo.SXAESMCExceptionARC,Tbl_2e9ec57e9ba94de9ae37e6ac34fff482.htm,dbo,SXAESMCExceptionARC,SXAESMCExceptionARC,SXAESMCE
dbo.SXAESMCExceptionDAEventXREFARC,Tbl_24313fb6c69344658c5c0c5062555666.htm,dbo,SXAESMCExceptionDAEventXREFARC,SXAESMCExceptionDAEventXREFARC,SXAESMCE
dbo.SXAESMCExceptionDAEvtCatXREFARC,Tbl_15e6f43c23a34c06b9be924f54c4318c.htm,dbo,SXAESMCExceptionDAEvtCatXREFARC,SXAESMCExceptionDAEvtCatXREFARC,SXAESMCE
dbo.SXAESMCExceptionDALocationXREFARC,Tbl_395856dcaa5e48ec8755d3d55cafe274.htm,dbo,SXAESMCExceptionDALocationXREFARC,SXAESMCExceptionDALocationXREFARC,SXAESMCE
dbo.SXAESMCExceptionDefinitionAvailability,Tbl_6d22434ffb604ea4889f50fc4865ebf9.htm,dbo,SXAESMCExceptionDefinitionAvailability,SXAESMCExceptionDefinitionAvailability,SXAESMCE
dbo.SXAESMCExceptionDefinitionAvailabilityARC,Tbl_32280598079e4a709a0996ed5fb7a380.htm,dbo,SXAESMCExceptionDefinitionAvailabilityARC,SXAESMCExceptionDefinitionAvailabilityARC,SXAESMCE
dbo.SXAESMCExceptionDefinitionAvailabilityEventXREF,Tbl_c7ebe63c8a56472d82db3b439df7d66f.htm,dbo,SXAESMCExceptionDefinitionAvailabilityEventXREF,SXAESMCExceptionDefinitionAvailabilityEventXREF,SXAESMCE
dbo.SXAESMCExceptionDefinitionAvailabilityEvtCatXREF,Tbl_1bcc1d346f0943c38adf1e6edce15d23.htm,dbo,SXAESMCExceptionDefinitionAvailabilityEvtCatXREF,SXAESMCExceptionDefinitionAvailabilityEvtCatXREF,SXAESMCE
dbo.SXAESMCExceptionDefinitionAvailabilityLocationXREF,Tbl_6083b0fcb1b940298241d89f4976bbbd.htm,dbo,SXAESMCExceptionDefinitionAvailabilityLocationXREF,SXAESMCExceptionDefinitionAvailabilityLocationXREF,SXAESMCE
dbo.SXAESMCExceptionEventCatRestrictionReleaseXREF,Tbl_9125e2816eac4cb483c7d8c683b4a0f7.htm,dbo,SXAESMCExceptionEventCatRestrictionReleaseXREF,SXAESMCExceptionEventCatRestrictionReleaseXREF,SXAESMCE
dbo.SXAESMCExceptionEventRestrictionReleaseXREF,Tbl_7da200e9589a46348a38cea26b363821.htm,dbo,SXAESMCExceptionEventRestrictionReleaseXREF,SXAESMCExceptionEventRestrictionReleaseXREF,SXAESMCE
dbo.SXAESMCExceptionResourceXREF,Tbl_fc77e2c7ca4f447b8e4edd72599cb2d3.htm,dbo,SXAESMCExceptionResourceXREF,SXAESMCExceptionResourceXREF,SXAESMCE
dbo.SXAESMCExceptionResourceXREFARC,Tbl_bdc904b829224b5b91b010ee6f47853f.htm,dbo,SXAESMCExceptionResourceXREFARC,SXAESMCExceptionResourceXREFARC,SXAESMCE
dbo.SXAESMCExceptionSpecificDate,Tbl_bbf53776c37f43e3aa3d03497e46067c.htm,dbo,SXAESMCExceptionSpecificDate,SXAESMCExceptionSpecificDate,SXAESMCE
dbo.SXAESMCExceptionSpecificDateARC,Tbl_231007d5d41a4504a802bd3f2238e5b5.htm,dbo,SXAESMCExceptionSpecificDateARC,SXAESMCExceptionSpecificDateARC,SXAESMCE
dbo.SXAESMCSpecificDate,Tbl_0c8a5154ee91406cabf98d594da98d66.htm,dbo,SXAESMCSpecificDate,SXAESMCSpecificDate,SXAESMCS
dbo.SXAESMCTemplate,Tbl_697d294b105e4ef0b2e5c5ef60f3e2ca.htm,dbo,SXAESMCTemplate,SXAESMCTemplate,SXAESMCT
dbo.SXAESMCTemplateDefinitionAvailability,Tbl_96a31a3648a54007af4a4b219ede5f5c.htm,dbo,SXAESMCTemplateDefinitionAvailability,SXAESMCTemplateDefinitionAvailability,SXAESMCT
dbo.SXAESMCTemplateDefinitionAvailabilityEventXREF,Tbl_094b83ac97c04923ad697d14b12e3dc8.htm,dbo,SXAESMCTemplateDefinitionAvailabilityEventXREF,SXAESMCTemplateDefinitionAvailabilityEventXREF,SXAESMCT
dbo.SXAESMCTemplateDefinitionAvailabilityEvtCatXREF,Tbl_babe4d4837614006bbac622b757f9846.htm,dbo,SXAESMCTemplateDefinitionAvailabilityEvtCatXREF,SXAESMCTemplateDefinitionAvailabilityEvtCatXREF,SXAESMCT
dbo.SXAESMCTemplateDefinitionAvailabilityLocationXREF,Tbl_d5b9a5e1466a491d9e2ba4d6e9d107eb.htm,dbo,SXAESMCTemplateDefinitionAvailabilityLocationXREF,SXAESMCTemplateDefinitionAvailabilityLocationXREF,SXAESMCT
dbo.SXAESMCTemplateEventCategoryRestrictionReleaseXREF,Tbl_dc3091fb0cc64438b953fc13ed4776d5.htm,dbo,SXAESMCTemplateEventCategoryRestrictionReleaseXREF,SXAESMCTemplateEventCategoryRestrictionReleaseXREF,SXAESMCT
dbo.SXAESMCTemplateEventRestrictionReleaseXREF,Tbl_4ba67ff03019443a83a051650c5b68d9.htm,dbo,SXAESMCTemplateEventRestrictionReleaseXREF,SXAESMCTemplateEventRestrictionReleaseXREF,SXAESMCT
dbo.SXAESMasterCalendar,Tbl_95a8f806579446fd8d635429e8ab5683.htm,dbo,SXAESMasterCalendar,SXAESMasterCalendar,SXAESMas
dbo.SXAESMasterCalendarHistory,Tbl_a9201babdc044cc681a1fe0c8570ea01.htm,dbo,SXAESMasterCalendarHistory,SXAESMasterCalendarHistory,SXAESMas
dbo.SXAESMasterCalendarResourceXREF,Tbl_1529052d97dd4d13a042bab85dfd61fa.htm,dbo,SXAESMasterCalendarResourceXREF,SXAESMasterCalendarResourceXREF,SXAESMas
dbo.SXAESMultipleDateSelection,Tbl_99f98f3e506c40dfbf82604f8d22bbda.htm,dbo,SXAESMultipleDateSelection,SXAESMultipleDateSelection,SXAESMul
dbo.SXAESOrderAppointmentRequest,Tbl_15fe2fe03c2a401a9eff702ab1e83ae4.htm,dbo,SXAESOrderAppointmentRequest,SXAESOrderAppointmentRequest,SXAESOrd
dbo.SXAESOrderAppointmentRequestOrderXREF,Tbl_65af079c0f02437eac1a7a2bc08ee779.htm,dbo,SXAESOrderAppointmentRequestOrderXREF,SXAESOrderAppointmentRequestOrderXREF,SXAESOrd
dbo.SXAESPattern,Tbl_0cc29fd4c6d6409ca6afa1db0231e9f1.htm,dbo,SXAESPattern,SXAESPattern,SXAESPat
dbo.SXAESPatternTemplate,Tbl_8416024509a744e89b1023d4f5df4aa9.htm,dbo,SXAESPatternTemplate,SXAESPatternTemplate,SXAESPat
dbo.SXAESPatternTemplateTimeRange,Tbl_15d99b13eafb4f559caad1ba2b433554.htm,dbo,SXAESPatternTemplateTimeRange,SXAESPatternTemplateTimeRange,SXAESPat
dbo.SXAESPatternTimeRange,Tbl_8da087b204e84e22adc8dadaadae117b.htm,dbo,SXAESPatternTimeRange,SXAESPatternTimeRange,SXAESPat
dbo.SXAESProfile,Tbl_7e14025ee0ac44dab4ad424cbd5a7040.htm,dbo,SXAESProfile,SXAESProfile,SXAESPro
dbo.SXAESProfileException,Tbl_0191394bd4e7483883be8b72b40a3e9c.htm,dbo,SXAESProfileException,SXAESProfileException,SXAESPro
dbo.SXAESProfilePattern,Tbl_d264b51d3f904abebbdd7fe4261530e9.htm,dbo,SXAESProfilePattern,SXAESProfilePattern,SXAESPro
dbo.SXAESRecurrenceData,Tbl_6add6ad7246c40baa8f76b40ef94f1eb.htm,dbo,SXAESRecurrenceData,SXAESRecurrenceData,SXAESRec
dbo.SXAESRecurrenceSubType,Tbl_0f45312648c948079adfa8dc8f08912c.htm,dbo,SXAESRecurrenceSubType,SXAESRecurrenceSubType,SXAESRec
dbo.SXAESRecurrenceType,Tbl_fe3fcc5927d644a48764e6c5d613c002.htm,dbo,SXAESRecurrenceType,SXAESRecurrenceType,SXAESRec
dbo.SXAESResource,Tbl_49c0a3be5da54951970cd0f004dca12c.htm,dbo,SXAESResource,SXAESResource,SXAESRes
dbo.SXAESResourceCustomFieldCategory,Tbl_b79eafc43cee4bf18cbe4ad673b36f9e.htm,dbo,SXAESResourceCustomFieldCategory,SXAESResourceCustomFieldCategory,SXAESRes
dbo.SXAESResourceList,Tbl_05abab06b23842e48a398ac55ab3bf41.htm,dbo,SXAESResourceList,SXAESResourceList,SXAESRes
dbo.SXAESResourceListResourceXREF,Tbl_e894e4da18da4a99b56f1d3105b0b6b3.htm,dbo,SXAESResourceListResourceXREF,SXAESResourceListResourceXREF,SXAESRes
dbo.SXAESResourceLocationXREF,Tbl_3fadb718a3a24646a4e4545f10ee3a8f.htm,dbo,SXAESResourceLocationXREF,SXAESResourceLocationXREF,SXAESRes
dbo.SXAESResourceProfile,Tbl_21ee0779d85e4825b11701ac3e21eb44.htm,dbo,SXAESResourceProfile,SXAESResourceProfile,SXAESRes
dbo.SXAESResourceRestriction,Tbl_316893fc8cca4fe5b8b4bc47a8da24ef.htm,dbo,SXAESResourceRestriction,SXAESResourceRestriction,SXAESRes
dbo.SXAESResourceUserGroupPrivilegesXREF,Tbl_cd75f3b75b734b8290716d929a1dfc6c.htm,dbo,SXAESResourceUserGroupPrivilegesXREF,SXAESResourceUserGroupPrivilegesXREF,SXAESRes
dbo.SXAESResourceUserPrivilegesXREF,Tbl_c0119887e3d44a54beeac7e0376958f8.htm,dbo,SXAESResourceUserPrivilegesXREF,SXAESResourceUserPrivilegesXREF,SXAESRes
dbo.SXAESResourceUserRightPrivilegesXREF,Tbl_597de7fb0f0e4fde86b3df8fa3a169b6.htm,dbo,SXAESResourceUserRightPrivilegesXREF,SXAESResourceUserRightPrivilegesXREF,SXAESRes
dbo.SXAESResourceXREF,Tbl_dd059b6ac82142fe8be7e6b812f5393d.htm,dbo,SXAESResourceXREF,SXAESResourceXREF,SXAESRes
dbo.SXAESScheduleStatusColor,Tbl_7b8af794b52344c38635c5bfd8b588b0.htm,dbo,SXAESScheduleStatusColor,SXAESScheduleStatusColor,SXAESSch
dbo.SXAESSurgeryDefaultSetting,Tbl_e4c08be69b4c41cf83ee80dbcb03ae73.htm,dbo,SXAESSurgeryDefaultSetting,SXAESSurgeryDefaultSetting,SXAESSur
dbo.SXAESSystemConfiguration,Tbl_9e9d02ecf7d740998448fa79ec7ec08e.htm,dbo,SXAESSystemConfiguration,SXAESSystemConfiguration,SXAESSys
dbo.SXAESTimeRange,Tbl_5e12f5ae74654f0ca9857cd0dcd0fc37.htm,dbo,SXAESTimeRange,SXAESTimeRange,SXAESTim
dbo.SXAESUserConfiguration,Tbl_70208a5887ed46c384e6de86a648395a.htm,dbo,SXAESUserConfiguration,SXAESUserConfiguration,SXAESUse
dbo.SXAESUserDefault,Tbl_df41682c2a554bdaafc2bbec0e50ce99.htm,dbo,SXAESUserDefault,SXAESUserDefault,SXAESUse
dbo.SXAESUserDefaultDisplayColumn,Tbl_fec4d9902059484a94e6615223a17ab7.htm,dbo,SXAESUserDefaultDisplayColumn,SXAESUserDefaultDisplayColumn,SXAESUse
dbo.SXAESUserDefaultEventPickList,Tbl_6135096697794f159388a8b3160529df.htm,dbo,SXAESUserDefaultEventPickList,SXAESUserDefaultEventPickList,SXAESUse
dbo.SXAESUserDefaultEventXREF,Tbl_2942c7f5ac6948dca8f6d2d331a9e35f.htm,dbo,SXAESUserDefaultEventXREF,SXAESUserDefaultEventXREF,SXAESUse
dbo.SXAESUserDefaultLocationXREF,Tbl_d849347b91fa4d0e989db3a8c04f622b.htm,dbo,SXAESUserDefaultLocationXREF,SXAESUserDefaultLocationXREF,SXAESUse
dbo.SXAESUserDefaultPriorityFilter,Tbl_fde6db989305464cbe726bac26b6d7b5.htm,dbo,SXAESUserDefaultPriorityFilter,SXAESUserDefaultPriorityFilter,SXAESUse
dbo.SXAESUserDefaultResourcePickList,Tbl_872dcd7840974c9088ae3d333c46a337.htm,dbo,SXAESUserDefaultResourcePickList,SXAESUserDefaultResourcePickList,SXAESUse
dbo.SXAESUserDefaultResourceXREF,Tbl_f4d9d48f1117428fa5a6d784fbe96054.htm,dbo,SXAESUserDefaultResourceXREF,SXAESUserDefaultResourceXREF,SXAESUse
dbo.SXAESUserDefaultStatusFilter,Tbl_64de1a8657e842b3aaa00bdc9b4c2e7f.htm,dbo,SXAESUserDefaultStatusFilter,SXAESUserDefaultStatusFilter,SXAESUse
dbo.SXAESUserLocationXREF,Tbl_e1a8d560ddb14183b8e590ee708aaf41.htm,dbo,SXAESUserLocationXREF,SXAESUserLocationXREF,SXAESUse
dbo.SXAESVisitDefaults,Tbl_27ac4ed2bbaa4435ab6517eeb851b30d.htm,dbo,SXAESVisitDefaults,SXAESVisitDefaults,SXAESVis
dbo.SXAExternalEncounter,Tbl_b7a893160efd473c9301094010624006.htm,dbo,SXAExternalEncounter,SXAExternalEncounter,SXAExter
dbo.SXAExternalEncounterProblem,Tbl_b6d954da50914de3a844ae802d54938d.htm,dbo,SXAExternalEncounterProblem,SXAExternalEncounterProblem,SXAExter
dbo.SXAExternalObservation,Tbl_72f161860f0a4ffdb1137ccbc5c7771b.htm,dbo,SXAExternalObservation,SXAExternalObservation,SXAExter
dbo.SXAExternalObservationCodeXRef,Tbl_b6208518fb28454caca85e761e3c64c4.htm,dbo,SXAExternalObservationCodeXRef,SXAExternalObservationCodeXRef,SXAExter
dbo.SXAExternalObservationOrganizer,Tbl_30caf4f7453c4ee08f85a82d7fa2f00e.htm,dbo,SXAExternalObservationOrganizer,SXAExternalObservationOrganizer,SXAExter
dbo.SXAExternalObservationOrganizerCodeXRef,Tbl_fc8b5403887540519c2fe97f9149d596.htm,dbo,SXAExternalObservationOrganizerCodeXRef,SXAExternalObservationOrganizerCodeXRef,SXAExter
dbo.SXAExternalVitalObservation,Tbl_e33c555027e44833b3489d939fe19c9d.htm,dbo,SXAExternalVitalObservation,SXAExternalVitalObservation,SXAExter
dbo.SXAExternalVitalOrganizer,Tbl_3e57aba796344e53ac8015f4fb9c21b3.htm,dbo,SXAExternalVitalOrganizer,SXAExternalVitalOrganizer,SXAExter
dbo.SXAFBAutoChartingConditions,Tbl_9cf5d4d4404243cab2af933f3989d467.htm,dbo,SXAFBAutoChartingConditions,SXAFBAutoChartingConditions,SXAFBAut
dbo.SXAFBAutoChartingRules,Tbl_0bdac91acd9e484884c0a11a87693ca9.htm,dbo,SXAFBAutoChartingRules,SXAFBAutoChartingRules,SXAFBAut
dbo.SXAFBForm,Tbl_e87cd88f81c247f58e0a39c272a84718.htm,dbo,SXAFBForm,SXAFBForm,SXAFBFor
dbo.SXAFBFormPart,Tbl_74a1fbfb66e141e887bcddefd758dae6.htm,dbo,SXAFBFormPart,SXAFBFormPart,SXAFBFor
dbo.SXAFBFormReusableSection,Tbl_81ba268903274b12aa3ed95e02715e7e.htm,dbo,SXAFBFormReusableSection,SXAFBFormReusableSection,SXAFBFor
dbo.SXAFBFormVersion,Tbl_53b438cf7ae64144aa43ed199dd2faa6.htm,dbo,SXAFBFormVersion,SXAFBFormVersion,SXAFBFor
dbo.SXAFBTab,Tbl_59f38222bfe44ea3a20930f5563aad89.htm,dbo,SXAFBTab,SXAFBTab,SXAFBTab
dbo.SXAFBTheme,Tbl_de0cf997a657450aac54caa264ee93ab.htm,dbo,SXAFBTheme,SXAFBTheme,SXAFBThe
dbo.SXAFSAttributes,Tbl_680211c73e64430e8d2df922ae3d8b30.htm,dbo,SXAFSAttributes,SXAFSAttributes,SXAFSAtt
dbo.SXAFindPatientComponent,Tbl_426546d6123c4bde8602553e7f8fdd78.htm,dbo,SXAFindPatientComponent,SXAFindPatientComponent,SXAFindP
dbo.SXAFindPatientOption,Tbl_c5513dbd291e452f8e2efb267894dcc9.htm,dbo,SXAFindPatientOption,SXAFindPatientOption,SXAFindP
dbo.SXAFindPatientResultColumn,Tbl_3b6baf59f8b24d7692470804e2ffb334.htm,dbo,SXAFindPatientResultColumn,SXAFindPatientResultColumn,SXAFindP
dbo.SXAFindPatientResultColumnConfig,Tbl_1936ac1907e34782b800e11536dff96f.htm,dbo,SXAFindPatientResultColumnConfig,SXAFindPatientResultColumnConfig,SXAFindP
dbo.SXAFindPatientSearchOption,Tbl_c806c00b72c8481da542d203b12c6a33.htm,dbo,SXAFindPatientSearchOption,SXAFindPatientSearchOption,SXAFindP
dbo.SXAFindPatientSort,Tbl_63caf68155544a5ea86aa7bc95ab834d.htm,dbo,SXAFindPatientSort,SXAFindPatientSort,SXAFindP
dbo.SXAGNAcronymExpansion,Tbl_8575c562964943ea95aaa035d4a1a788.htm,dbo,SXAGNAcronymExpansion,SXAGNAcronymExpansion,SXAGNAcr
dbo.SXAGNAcronymUserXREF,Tbl_3c6e27703bce4419838a4e25820c3300.htm,dbo,SXAGNAcronymUserXREF,SXAGNAcronymUserXREF,SXAGNAcr
dbo.SXAGNAffinityDomain,Tbl_e412f390e0d34b83bd74486db5272b7d.htm,dbo,SXAGNAffinityDomain,SXAGNAffinityDomain,SXAGNAff
dbo.SXAGNAffinityDomainCodeType,Tbl_8b8cfd8463344c3baf2850f493998534.htm,dbo,SXAGNAffinityDomainCodeType,SXAGNAffinityDomainCodeType,SXAGNAff
dbo.SXAGNAffinityDomainCodeValue,Tbl_4a66e1a66b5a422e9788c93fa62eea54.htm,dbo,SXAGNAffinityDomainCodeValue,SXAGNAffinityDomainCodeValue,SXAGNAff
dbo.SXAGNApp,Tbl_8e0846787df643fa84349bc99cc9eace.htm,dbo,SXAGNApp,SXAGNApp,SXAGNApp
dbo.SXAGNAppFuncArea,Tbl_6a96844823054bbea40a307195c2b0b2.htm,dbo,SXAGNAppFuncArea,SXAGNAppFuncArea,SXAGNApp
dbo.SXAGNAuditableEvent,Tbl_0a2ae262ea7e4c3ebb6371dca00ab1d1.htm,dbo,SXAGNAuditableEvent,SXAGNAuditableEvent,SXAGNAud
dbo.SXAGNClinicalMeasureReconciliationStatus,Tbl_f0d2e8b6c0ed47daa2e6917cf80188d3.htm,dbo,SXAGNClinicalMeasureReconciliationStatus,SXAGNClinicalMeasureReconciliationStatus,SXAGNCli
dbo.SXAGNConfigLastUpdate,Tbl_124f8603a78e40e1a7b7ccc2510d642b.htm,dbo,SXAGNConfigLastUpdate,SXAGNConfigLastUpdate,SXAGNCon
dbo.SXAGNCulture,Tbl_142545ac5e6143d8b8d6bfd243ffd4d5.htm,dbo,SXAGNCulture,SXAGNCulture,SXAGNCul
dbo.SXAGNEntityViewScope,Tbl_81281441eafb4498a26a12414b350632.htm,dbo,SXAGNEntityViewScope,SXAGNEntityViewScope,SXAGNEnt
dbo.SXAGNExclusionWord,Tbl_d851daa8ed654558858326afb4af5d00.htm,dbo,SXAGNExclusionWord,SXAGNExclusionWord,SXAGNExc
dbo.SXAGNLetterTemplate,Tbl_c99fb6d868e0420ca7a52617a8f9108b.htm,dbo,SXAGNLetterTemplate,SXAGNLetterTemplate,SXAGNLet
dbo.SXAGNLetterTemplateCategory,Tbl_2311b7cb15224850abe1bcbd65f20a05.htm,dbo,SXAGNLetterTemplateCategory,SXAGNLetterTemplateCategory,SXAGNLet
dbo.SXAGNLetterTemplateFreeText,Tbl_165e96f89e254b06a6bed4ae75147e6d.htm,dbo,SXAGNLetterTemplateFreeText,SXAGNLetterTemplateFreeText,SXAGNLet
dbo.SXAGNLetterTemplateFreeTextLetterTemplateXRef,Tbl_d7eff3e46ba34f17aafe661d0c971498.htm,dbo,SXAGNLetterTemplateFreeTextLetterTemplateXRef,SXAGNLetterTemplateFreeTextLetterTemplateXRef,SXAGNLet
dbo.SXAGNLetterTemplateInstance,Tbl_711f462b298542dabe65709815b96d5a.htm,dbo,SXAGNLetterTemplateInstance,SXAGNLetterTemplateInstance,SXAGNLet
dbo.SXAGNLetterTemplateMergeField,Tbl_3da4a4d827714cd8ac18ee8bcf1c2dce.htm,dbo,SXAGNLetterTemplateMergeField,SXAGNLetterTemplateMergeField,SXAGNLet
dbo.SXAGNLetterTemplateVersion,Tbl_3661a07b108a43d2aaac1e5286eb7313.htm,dbo,SXAGNLetterTemplateVersion,SXAGNLetterTemplateVersion,SXAGNLet
dbo.SXAGNMessage,Tbl_c480f7194a7f4ac2bbeefc10e00b6f79.htm,dbo,SXAGNMessage,SXAGNMessage,SXAGNMes
dbo.SXAGNMessageAppFuncAreaXref,Tbl_6a8fd5b47c124ba7b0beaead37b76b14.htm,dbo,SXAGNMessageAppFuncAreaXref,SXAGNMessageAppFuncAreaXref,SXAGNMes
dbo.SXAGNMessageCultureCustomized,Tbl_37c8e303a6284d8d881bba377ab1900b.htm,dbo,SXAGNMessageCultureCustomized,SXAGNMessageCultureCustomized,SXAGNMes
dbo.SXAGNMessageCultureDefault,Tbl_0e22a3be815a4a8999286e5eb8c06fdb.htm,dbo,SXAGNMessageCultureDefault,SXAGNMessageCultureDefault,SXAGNMes
dbo.SXAGNMessageSeverity,Tbl_8364a4b17f1e4eb2baa26af3a2a89c0b.htm,dbo,SXAGNMessageSeverity,SXAGNMessageSeverity,SXAGNMes
dbo.SXAGNPatientPreferenceDetails,Tbl_b4e7b28b0dcc4cbab1b32888ee400eda.htm,dbo,SXAGNPatientPreferenceDetails,SXAGNPatientPreferenceDetails,SXAGNPat
dbo.SXAGNPatientPreferenceOption,Tbl_647ec777c81f46919a434a47b288fb25.htm,dbo,SXAGNPatientPreferenceOption,SXAGNPatientPreferenceOption,SXAGNPat
dbo.SXAGNPatientPreferenceOptionDictionary,Tbl_fd2a7620796343f9824dd73a48c0764e.htm,dbo,SXAGNPatientPreferenceOptionDictionary,SXAGNPatientPreferenceOptionDictionary,SXAGNPat
dbo.SXAGNReceivingParty,Tbl_93a9973c491043ed9112b105125bf10f.htm,dbo,SXAGNReceivingParty,SXAGNReceivingParty,SXAGNRec
dbo.SXAGNReceivingPartyFacilityXref,Tbl_1039e30a5e0f4acea515216caaae8061.htm,dbo,SXAGNReceivingPartyFacilityXref,SXAGNReceivingPartyFacilityXref,SXAGNRec
dbo.SXAGNReceivingPartyProperty,Tbl_8df9f3e24ea34fd1a6603c278a2b4f5b.htm,dbo,SXAGNReceivingPartyProperty,SXAGNReceivingPartyProperty,SXAGNRec
dbo.SXAGNReceivingPartyPropertyIntfTypeXref,Tbl_1a7493a5e1c146cd8e8e63dfee3ae8f4.htm,dbo,SXAGNReceivingPartyPropertyIntfTypeXref,SXAGNReceivingPartyPropertyIntfTypeXref,SXAGNRec
dbo.SXAGNReceivingPartyPropertyValue,Tbl_1c29809f77874a84b30b245080892701.htm,dbo,SXAGNReceivingPartyPropertyValue,SXAGNReceivingPartyPropertyValue,SXAGNRec
dbo.SXAGNReconciliationDocument,Tbl_0f33e0cb448e40b99df90efaa77dfdb7.htm,dbo,SXAGNReconciliationDocument,SXAGNReconciliationDocument,SXAGNRec
dbo.SXAGNReconciliationStatus,Tbl_a049eff8501c4905898f84afdbc20800.htm,dbo,SXAGNReconciliationStatus,SXAGNReconciliationStatus,SXAGNRec
dbo.SXAGNReconciliationTrustedSource,Tbl_69b7518ba0a04775bc755574bb35ef3a.htm,dbo,SXAGNReconciliationTrustedSource,SXAGNReconciliationTrustedSource,SXAGNRec
dbo.SXAGNWebTabSetting,Tbl_1c1199eeca334368bf7a61c94b603f09.htm,dbo,SXAGNWebTabSetting,SXAGNWebTabSetting,SXAGNWeb
dbo.SXAGNWordSynonym,Tbl_897ef7aafdc9493cb209957c5f327360.htm,dbo,SXAGNWordSynonym,SXAGNWordSynonym,SXAGNWor
dbo.SXAHIMClientVisitContextContract,Tbl_66cd35e5a5564e22ba12bde74d8e06ae.htm,dbo,SXAHIMClientVisitContextContract,SXAHIMClientVisitContextContract,SXAHIMCl
dbo.SXAHIMConfiguration,Tbl_a1fb5bc57a6442ec97c396d36023edda.htm,dbo,SXAHIMConfiguration,SXAHIMConfiguration,SXAHIMCo
dbo.SXAHIMDocumentTypeConfig,Tbl_c685fa0029d1488ca8e7bf268888f721.htm,dbo,SXAHIMDocumentTypeConfig,SXAHIMDocumentTypeConfig,SXAHIMDo
dbo.SXAHIMForeignSystemXref,Tbl_98dced123ee9410bb99e9948b713cb11.htm,dbo,SXAHIMForeignSystemXref,SXAHIMForeignSystemXref,SXAHIMFo
dbo.SXAHIMReportServiceLog,Tbl_1397c68d7d9743e1bda2f6a987a4c396.htm,dbo,SXAHIMReportServiceLog,SXAHIMReportServiceLog,SXAHIMRe
dbo.SXAHMClientEvent,Tbl_afc5ad04195e4c8a836bb0cc1cd1487f.htm,dbo,SXAHMClientEvent,SXAHMClientEvent,SXAHMCli
dbo.SXAHMClientEventActionStatusHistory,Tbl_b2393b294aa14065aaa64a20b9b53427.htm,dbo,SXAHMClientEventActionStatusHistory,SXAHMClientEventActionStatusHistory,SXAHMCli
dbo.SXAHMClientEventDefinition,Tbl_e78119d1de3f4ad7ae0ae2c67cdad331.htm,dbo,SXAHMClientEventDefinition,SXAHMClientEventDefinition,SXAHMCli
dbo.SXAHMClientSchedule,Tbl_c0868a03efe24de68c5607c269515d80.htm,dbo,SXAHMClientSchedule,SXAHMClientSchedule,SXAHMCli
dbo.SXAHMClientScheduleActionStatusHistory,Tbl_f202eace370448d0ae82fe1f89d1cdf4.htm,dbo,SXAHMClientScheduleActionStatusHistory,SXAHMClientScheduleActionStatusHistory,SXAHMCli
dbo.SXAHMConsentType,Tbl_936fa2cbc5bc41a8b5a73c3ee7a903f9.htm,dbo,SXAHMConsentType,SXAHMConsentType,SXAHMCon
dbo.SXAHMCountPreviousEventXRef,Tbl_345c8caab9c54b9facd7e60e4884754b.htm,dbo,SXAHMCountPreviousEventXRef,SXAHMCountPreviousEventXRef,SXAHMCou
dbo.SXAHMDateRangeColumnConfigColumn,Tbl_97355f09788245afa018993ddf5c4162.htm,dbo,SXAHMDateRangeColumnConfigColumn,SXAHMDateRangeColumnConfigColumn,SXAHMDat
dbo.SXAHMDateRangeColumnConfiguration,Tbl_141bddf61b464b7581df42c8581e6006.htm,dbo,SXAHMDateRangeColumnConfiguration,SXAHMDateRangeColumnConfiguration,SXAHMDat
dbo.SXAHMEducationalMaterial,Tbl_5457c8c54381465ab5d96ac1de50aead.htm,dbo,SXAHMEducationalMaterial,SXAHMEducationalMaterial,SXAHMEdu
dbo.SXAHMEducationalMaterialType,Tbl_59806121932f4cd98491e34c490bb9c0.htm,dbo,SXAHMEducationalMaterialType,SXAHMEducationalMaterialType,SXAHMEdu
dbo.SXAHMEvent,Tbl_6be305a2a7344c73a87e27f61f7db4e8.htm,dbo,SXAHMEvent,SXAHMEvent,SXAHMEve
dbo.SXAHMEventCategory,Tbl_0136c643d3734a9392be1be4e6413e90.htm,dbo,SXAHMEventCategory,SXAHMEventCategory,SXAHMEve
dbo.SXAHMEventCategoryXRef,Tbl_09d1a558827849bc921a496e68141075.htm,dbo,SXAHMEventCategoryXRef,SXAHMEventCategoryXRef,SXAHMEve
dbo.SXAHMEventComboXRef,Tbl_b5e98a3f53804585bb8f754b13cca5f2.htm,dbo,SXAHMEventComboXRef,SXAHMEventComboXRef,SXAHMEve
dbo.SXAHMEventIntraOccurrenceRule,Tbl_4d57b2d00ff84107ad0e0337c5e12cd0.htm,dbo,SXAHMEventIntraOccurrenceRule,SXAHMEventIntraOccurrenceRule,SXAHMEve
dbo.SXAHMEventOccurrenceRule,Tbl_001d3759c21547758bd033baa068f477.htm,dbo,SXAHMEventOccurrenceRule,SXAHMEventOccurrenceRule,SXAHMEve
dbo.SXAHMEventSeriesDefinition,Tbl_cb04eee225d14ceab204840ae5e4e7f3.htm,dbo,SXAHMEventSeriesDefinition,SXAHMEventSeriesDefinition,SXAHMEve
dbo.SXAHMEventVaccineXRef,Tbl_4004b8372e7b4e2bad030a8fde7a8798.htm,dbo,SXAHMEventVaccineXRef,SXAHMEventVaccineXRef,SXAHMEve
dbo.SXAHMHistoricalInformationSource,Tbl_f48f12625eff4373a15ba9260f9d14a1.htm,dbo,SXAHMHistoricalInformationSource,SXAHMHistoricalInformationSource,SXAHMHis
dbo.SXAHMImmEvaluatedVaccine,Tbl_d34d47f5c6c0486d8e74a99a061c40e4.htm,dbo,SXAHMImmEvaluatedVaccine,SXAHMImmEvaluatedVaccine,SXAHMImm
dbo.SXAHMImmEvaluatedVaccineDtl,Tbl_0ef9a0ad86104fa9b1206ff4fbf2311a.htm,dbo,SXAHMImmEvaluatedVaccineDtl,SXAHMImmEvaluatedVaccineDtl,SXAHMImm
dbo.SXAHMImmEvaluation,Tbl_675bef05929c42088415ef8911357d57.htm,dbo,SXAHMImmEvaluation,SXAHMImmEvaluation,SXAHMImm
dbo.SXAHMImmForecastedVaccine,Tbl_8597c1c01046420e99268c213cba71fd.htm,dbo,SXAHMImmForecastedVaccine,SXAHMImmForecastedVaccine,SXAHMImm
dbo.SXAHMImportAMBMap,Tbl_b99df15a8cea4559a175df18fc423043.htm,dbo,SXAHMImportAMBMap,SXAHMImportAMBMap,SXAHMImp
dbo.SXAHMOccurrenceActionStatusHistory,Tbl_49aae8b23f7d4018b9be3407ebe2ce9f.htm,dbo,SXAHMOccurrenceActionStatusHistory,SXAHMOccurrenceActionStatusHistory,SXAHMOcc
dbo.SXAHMOccurrenceConsentDocXREF,Tbl_7d2fb8eaecb54365b74d5ab92d744df8.htm,dbo,SXAHMOccurrenceConsentDocXREF,SXAHMOccurrenceConsentDocXREF,SXAHMOcc
dbo.SXAHMOccurrenceLinkedItemXRef,Tbl_8ae391e0fba64a5c8a68307225559e3f.htm,dbo,SXAHMOccurrenceLinkedItemXRef,SXAHMOccurrenceLinkedItemXRef,SXAHMOcc
dbo.SXAHMPackagingType,Tbl_f5b7287903494e8fa0aa2cf8e8a5efbc.htm,dbo,SXAHMPackagingType,SXAHMPackagingType,SXAHMPac
dbo.SXAHMScheduledEventOccurrence,Tbl_8918fb74d6794daf9df99378b5726a7d.htm,dbo,SXAHMScheduledEventOccurrence,SXAHMScheduledEventOccurrence,SXAHMSch
dbo.SXAHMSchedulingPriority,Tbl_7aaca4ee2d864cb98a10115de99ef3d4.htm,dbo,SXAHMSchedulingPriority,SXAHMSchedulingPriority,SXAHMSch
dbo.SXAHMVaccineCatalogItem,Tbl_1977bc044db64b2f89de0e07c4907d22.htm,dbo,SXAHMVaccineCatalogItem,SXAHMVaccineCatalogItem,SXAHMVac
dbo.SXAHMVaccineEligibilityCode,Tbl_98584be618df495bb408f026c8f6fb62.htm,dbo,SXAHMVaccineEligibilityCode,SXAHMVaccineEligibilityCode,SXAHMVac
dbo.SXAHMVaccineLotSource,Tbl_a4bd0071357a41f4b892e980a3e15469.htm,dbo,SXAHMVaccineLotSource,SXAHMVaccineLotSource,SXAHMVac
dbo.SXAHMVaccineManufacturer,Tbl_146889f4572d48dfa61dcc50be7e9d1c.htm,dbo,SXAHMVaccineManufacturer,SXAHMVaccineManufacturer,SXAHMVac
dbo.SXAHMVaccineMedicationItem,Tbl_03abb9a2440f4ea7ac5bdc15ab87be4f.htm,dbo,SXAHMVaccineMedicationItem,SXAHMVaccineMedicationItem,SXAHMVac
dbo.SXAHMVaccineMedicationPackaging,Tbl_deb3ba662c70432a83353db3c6d8b9f8.htm,dbo,SXAHMVaccineMedicationPackaging,SXAHMVaccineMedicationPackaging,SXAHMVac
dbo.SXAHMVaccineMedicationStockItem,Tbl_03916a07a929493d827125b1315857fd.htm,dbo,SXAHMVaccineMedicationStockItem,SXAHMVaccineMedicationStockItem,SXAHMVac
dbo.SXAHMVaccineType,Tbl_76acf5066e9947ff98c5caa7a68b2fe6.htm,dbo,SXAHMVaccineType,SXAHMVaccineType,SXAHMVac
dbo.SXAHMWorkingViewColumnConfigColumn,Tbl_c641c742ab66480aac4cda9d18f1ef3a.htm,dbo,SXAHMWorkingViewColumnConfigColumn,SXAHMWorkingViewColumnConfigColumn,SXAHMWor
dbo.SXAHMWorkingViewColumnConfiguration,Tbl_b7ef9218bc534ac0943ab04213aa6b3d.htm,dbo,SXAHMWorkingViewColumnConfiguration,SXAHMWorkingViewColumnConfiguration,SXAHMWor
dbo.SXAHomeMedicationCollectionStatus,Tbl_45127296d5fe458398bc6803fa28319c.htm,dbo,SXAHomeMedicationCollectionStatus,SXAHomeMedicationCollectionStatus,SXAHomeM
dbo.SXAIMMImmunizationQuery,Tbl_15a1abd7a58e49399d138cebbd553600.htm,dbo,SXAIMMImmunizationQuery,SXAIMMImmunizationQuery,SXAIMMIm
dbo.SXAIMMImmunizationQueryStatusHistory,Tbl_f267a7a171b44c629032e87096030a90.htm,dbo,SXAIMMImmunizationQueryStatusHistory,SXAIMMImmunizationQueryStatusHistory,SXAIMMIm
dbo.SXAIMMImmunizationReconciliation,Tbl_55485b65770d4712bdee65cf454602ae.htm,dbo,SXAIMMImmunizationReconciliation,SXAIMMImmunizationReconciliation,SXAIMMIm
dbo.SXAIMMMVXManufacturer,Tbl_37df5694fc1842e994c46f5140e7484c.htm,dbo,SXAIMMMVXManufacturer,SXAIMMMVXManufacturer,SXAIMMMV
dbo.SXAIMMVaccine,Tbl_e3693c4d031947748442add51ab2683d.htm,dbo,SXAIMMVaccine,SXAIMMVaccine,SXAIMMVa
dbo.SXAIMMVaccineDoseUnit,Tbl_4278df5ff14f4387be0c97fc64dc3ef9.htm,dbo,SXAIMMVaccineDoseUnit,SXAIMMVaccineDoseUnit,SXAIMMVa
dbo.SXAIMMVaccineImmunizationSchedule,Tbl_291370e6760c4066b4bd32b6a0e7fc5f.htm,dbo,SXAIMMVaccineImmunizationSchedule,SXAIMMVaccineImmunizationSchedule,SXAIMMVa
dbo.SXAIMMVaccineRoute,Tbl_4e9c9b12b71943369850aa3ad2b19784.htm,dbo,SXAIMMVaccineRoute,SXAIMMVaccineRoute,SXAIMMVa
dbo.SXAIMMVaccineSiteGiven,Tbl_4302f31d57eb40dc8e5a43ee554cdf75.htm,dbo,SXAIMMVaccineSiteGiven,SXAIMMVaccineSiteGiven,SXAIMMVa
dbo.SXAINVLocation,Tbl_c473f56cab744b6cb8560a324eebd15b.htm,dbo,SXAINVLocation,SXAINVLocation,SXAINVLo
dbo.SXAINVMasterItem,Tbl_03912c4127fd47a493a383e9660bbfcd.htm,dbo,SXAINVMasterItem,SXAINVMasterItem,SXAINVMa
dbo.SXAINVMasterItemFacilityXref,Tbl_2e2e3fafd1a14bc4b903749b9ebc4c32.htm,dbo,SXAINVMasterItemFacilityXref,SXAINVMasterItemFacilityXref,SXAINVMa
dbo.SXAINVMasterItemIdentifierType,Tbl_644b3af5906b45309f0f16648fec3cb1.htm,dbo,SXAINVMasterItemIdentifierType,SXAINVMasterItemIdentifierType,SXAINVMa
dbo.SXAINVMasterItemIdentifierTypeXref,Tbl_a7b6cde471c944619db9637090a8f2b0.htm,dbo,SXAINVMasterItemIdentifierTypeXref,SXAINVMasterItemIdentifierTypeXref,SXAINVMa
dbo.SXAINVMasterItemLocation,Tbl_36a7a61471394a12ad0c8078104fa600.htm,dbo,SXAINVMasterItemLocation,SXAINVMasterItemLocation,SXAINVMa
dbo.SXAINVMasterItemOriginMMXref,Tbl_445993c97eac4a3d96428cb8627cd6d7.htm,dbo,SXAINVMasterItemOriginMMXref,SXAINVMasterItemOriginMMXref,SXAINVMa
dbo.SXAINVMasterItemRequiredDetailXref,Tbl_680df50b41ce4c4795f0c2bb916d97ab.htm,dbo,SXAINVMasterItemRequiredDetailXref,SXAINVMasterItemRequiredDetailXref,SXAINVMa
dbo.SXAINVMasterItemSourceXref,Tbl_a784c0c877c14dd0a12507cf9ed27b64.htm,dbo,SXAINVMasterItemSourceXref,SXAINVMasterItemSourceXref,SXAINVMa
dbo.SXAINVOrgUnitAppIDXref,Tbl_e77dfaf4dd4e4bca8879e06809693e21.htm,dbo,SXAINVOrgUnitAppIDXref,SXAINVOrgUnitAppIDXref,SXAINVOr
dbo.SXAINVPOQtyDiscrepancyStatus,Tbl_d38dde740bbe46d08d9a89ba82520650.htm,dbo,SXAINVPOQtyDiscrepancyStatus,SXAINVPOQtyDiscrepancyStatus,SXAINVPO
dbo.SXAINVPOStatus,Tbl_653787d3ab644e28860507148974fac4.htm,dbo,SXAINVPOStatus,SXAINVPOStatus,SXAINVPO
dbo.SXAINVRequiredDetail,Tbl_946f144eb53c47baad378a6f0b411d62.htm,dbo,SXAINVRequiredDetail,SXAINVRequiredDetail,SXAINVRe
dbo.SXAINVSource,Tbl_a9d21b2c6f6245d09e52a554af774e5a.htm,dbo,SXAINVSource,SXAINVSource,SXAINVSo
dbo.SXAINVSourceContact,Tbl_0eff7f31fde34056ab8c277cc2ba6a83.htm,dbo,SXAINVSourceContact,SXAINVSourceContact,SXAINVSo
dbo.SXAINVStockListConfig,Tbl_c74b1ff86cb04cf584832b6b928659f1.htm,dbo,SXAINVStockListConfig,SXAINVStockListConfig,SXAINVSt
dbo.SXAINVStockListConfigItem,Tbl_411187e6788c471180537ae8a58140ed.htm,dbo,SXAINVStockListConfigItem,SXAINVStockListConfigItem,SXAINVSt
dbo.SXAKBACLMMProduct,Tbl_c7d4c0bce6a3480eba014751e3f3ab60.htm,dbo,SXAKBACLMMProduct,SXAKBACLMMProduct,SXAKBACL
dbo.SXAKBACLMMUOMConversion,Tbl_1ba1ca97fb504a0181f928ff99e7ef6a.htm,dbo,SXAKBACLMMUOMConversion,SXAKBACLMMUOMConversion,SXAKBACL
dbo.SXAMMAWPImportFile,Tbl_f9169f2bcbb64707aa2591414f56c798.htm,dbo,SXAMMAWPImportFile,SXAMMAWPImportFile,SXAMMAWP
dbo.SXAMMAWPImportFileDelimited,Tbl_72e0169c52404416802541bec748f8e5.htm,dbo,SXAMMAWPImportFileDelimited,SXAMMAWPImportFileDelimited,SXAMMAWP
dbo.SXAMMAWPImportFileFixedLength,Tbl_33f6e203c21346a0bbbbeb4a5a471ce8.htm,dbo,SXAMMAWPImportFileFixedLength,SXAMMAWPImportFileFixedLength,SXAMMAWP
dbo.SXAMMAuditField,Tbl_aa665f049e28439a8cd3c93fdffffddb.htm,dbo,SXAMMAuditField,SXAMMAuditField,SXAMMAud
dbo.SXAMMBillChargeDetail,Tbl_93140359fb714c808f5f97fa996edc4c.htm,dbo,SXAMMBillChargeDetail,SXAMMBillChargeDetail,SXAMMBil
dbo.SXAMMBillChargeHeader,Tbl_4236bb6d8a99469aa2e1ae7dcf68e758.htm,dbo,SXAMMBillChargeHeader,SXAMMBillChargeHeader,SXAMMBil
dbo.SXAMMBilledTransaction,Tbl_7254b14c3c6544c9850b84f78ad68ac0.htm,dbo,SXAMMBilledTransaction,SXAMMBilledTransaction,SXAMMBil
dbo.SXAMMBilledTransactionDetail,Tbl_02c4647dea8d4f5fb96774b35f896755.htm,dbo,SXAMMBilledTransactionDetail,SXAMMBilledTransactionDetail,SXAMMBil
dbo.SXAMMCartFillCatchUpTime,Tbl_933986a3d982450ab7641c3ea3e0a379.htm,dbo,SXAMMCartFillCatchUpTime,SXAMMCartFillCatchUpTime,SXAMMCar
dbo.SXAMMCartFillDispenseSubtype,Tbl_b0e10298a6824593a24a28673b77456d.htm,dbo,SXAMMCartFillDispenseSubtype,SXAMMCartFillDispenseSubtype,SXAMMCar
dbo.SXAMMCartFillPolicy,Tbl_32b256f08a9441b19e62996ed7bf10a5.htm,dbo,SXAMMCartFillPolicy,SXAMMCartFillPolicy,SXAMMCar
dbo.SXAMMCartFillPolicyFillingDetail,Tbl_465907e3358841c9afd4b0b0e9e58d92.htm,dbo,SXAMMCartFillPolicyFillingDetail,SXAMMCartFillPolicyFillingDetail,SXAMMCar
dbo.SXAMMCartFillUnit,Tbl_4269032e92bf45f381022d9db9d1f4f3.htm,dbo,SXAMMCartFillUnit,SXAMMCartFillUnit,SXAMMCar
dbo.SXAMMChargeAlgorithm,Tbl_a9b7565b5c3e466e960aa2db726b5ef6.htm,dbo,SXAMMChargeAlgorithm,SXAMMChargeAlgorithm,SXAMMCha
dbo.SXAMMChargeCodeType,Tbl_d13a92f773484ad3b6d2c4a586a070ae.htm,dbo,SXAMMChargeCodeType,SXAMMChargeCodeType,SXAMMCha
dbo.SXAMMColorSetting,Tbl_68de5a46a95847298ffbd86e99d1cc63.htm,dbo,SXAMMColorSetting,SXAMMColorSetting,SXAMMCol
dbo.SXAMMColumn,Tbl_7b59f9c606a24b9a8fbb47bf7afd6256.htm,dbo,SXAMMColumn,SXAMMColumn,SXAMMCol
dbo.SXAMMCompoundClass,Tbl_9557341170194e2fb2c069eca049795d.htm,dbo,SXAMMCompoundClass,SXAMMCompoundClass,SXAMMCom
dbo.SXAMMCompoundLabel,Tbl_7f4f47814ee045c394945c28c4914120.htm,dbo,SXAMMCompoundLabel,SXAMMCompoundLabel,SXAMMCom
dbo.SXAMMCompoundLabelItem,Tbl_a49f9aa6259640958a71773b95b5eece.htm,dbo,SXAMMCompoundLabelItem,SXAMMCompoundLabelItem,SXAMMCom
dbo.SXAMMCompoundSubClass,Tbl_d5c9ba1c23ac4400921967981c90b44b.htm,dbo,SXAMMCompoundSubClass,SXAMMCompoundSubClass,SXAMMCom
dbo.SXAMMCostType,Tbl_85f628f2736d40369db93b55e08ae516.htm,dbo,SXAMMCostType,SXAMMCostType,SXAMMCos
dbo.SXAMMDebitCreditTransaction,Tbl_41510cff83cd48c08884006dc0e04471.htm,dbo,SXAMMDebitCreditTransaction,SXAMMDebitCreditTransaction,SXAMMDeb
dbo.SXAMMDebitCreditTransactionDetail,Tbl_e29808a5cea34d4eb7f2deffec7cd7a7.htm,dbo,SXAMMDebitCreditTransactionDetail,SXAMMDebitCreditTransactionDetail,SXAMMDeb
dbo.SXAMMDispenseSubType,Tbl_d6317d3ed8bc4aed818619d173704d5a.htm,dbo,SXAMMDispenseSubType,SXAMMDispenseSubType,SXAMMDis
dbo.SXAMMDispensedItemProduct,Tbl_63034aac549345c584c44745e20b7b04.htm,dbo,SXAMMDispensedItemProduct,SXAMMDispensedItemProduct,SXAMMDis
dbo.SXAMMDispensingContainer,Tbl_686f56de27b74083b85c4a09f011815b.htm,dbo,SXAMMDispensingContainer,SXAMMDispensingContainer,SXAMMDis
dbo.SXAMMDispensingDescription,Tbl_e6b4f2270dd940368ad6cabe613197e3.htm,dbo,SXAMMDispensingDescription,SXAMMDispensingDescription,SXAMMDis
dbo.SXAMMDispensingPolicy,Tbl_a444cf9678f0417796ff9acf51c36143.htm,dbo,SXAMMDispensingPolicy,SXAMMDispensingPolicy,SXAMMDis
dbo.SXAMMDispensingPolicyDetail,Tbl_946433b892c845e78eea3346831636d0.htm,dbo,SXAMMDispensingPolicyDetail,SXAMMDispensingPolicyDetail,SXAMMDis
dbo.SXAMMDrug,Tbl_5fc7ad05a2384a018761ae3081ff34b8.htm,dbo,SXAMMDrug,SXAMMDrug,SXAMMDru
dbo.SXAMMFillOccurrence,Tbl_a02e5b55140b46fcaf913f0947bbd287.htm,dbo,SXAMMFillOccurrence,SXAMMFillOccurrence,SXAMMFil
dbo.SXAMMFillOccurrenceDetail,Tbl_bdffbe7a7fd44e2185b017ce4d5b2c54.htm,dbo,SXAMMFillOccurrenceDetail,SXAMMFillOccurrenceDetail,SXAMMFil
dbo.SXAMMFillOccurrenceDetailHistory,Tbl_a4a9ca0c31c64dd785383ef9bc33ea6f.htm,dbo,SXAMMFillOccurrenceDetailHistory,SXAMMFillOccurrenceDetailHistory,SXAMMFil
dbo.SXAMMFillingPeriod,Tbl_857f9b7f96554025b03707e010d3fef8.htm,dbo,SXAMMFillingPeriod,SXAMMFillingPeriod,SXAMMFil
dbo.SXAMMFloorstock,Tbl_1fd9eb2741f7442fbf85158fed7ffdce.htm,dbo,SXAMMFloorstock,SXAMMFloorstock,SXAMMFlo
dbo.SXAMMFloorstockLocConfig,Tbl_a033053cde96484388e3ddccc1024282.htm,dbo,SXAMMFloorstockLocConfig,SXAMMFloorstockLocConfig,SXAMMFlo
dbo.SXAMMFloorstockStockByLoc,Tbl_741b328f80da4cbe88b101162521856e.htm,dbo,SXAMMFloorstockStockByLoc,SXAMMFloorstockStockByLoc,SXAMMFlo
dbo.SXAMMFloorstockUnit,Tbl_1e73d7d2c02a4b938123f8a32aaaa8f7.htm,dbo,SXAMMFloorstockUnit,SXAMMFloorstockUnit,SXAMMFlo
dbo.SXAMMFloorstockUnitExtended,Tbl_24ed1e0030d84f4dbcba68e80a6f80e5.htm,dbo,SXAMMFloorstockUnitExtended,SXAMMFloorstockUnitExtended,SXAMMFlo
dbo.SXAMMGIAltName,Tbl_1da3a1c9786c4d34bd724807604cec65.htm,dbo,SXAMMGIAltName,SXAMMGIAltName,SXAMMGIA
dbo.SXAMMGIChargeAlgorithm,Tbl_0016baaf6c764c46bd4303e84c808288.htm,dbo,SXAMMGIChargeAlgorithm,SXAMMGIChargeAlgorithm,SXAMMGIC
dbo.SXAMMGIChargeAlgorithmType,Tbl_374bdd8ae82a4cf4a01d493c25eda6db.htm,dbo,SXAMMGIChargeAlgorithmType,SXAMMGIChargeAlgorithmType,SXAMMGIC
dbo.SXAMMGICompoundComponent,Tbl_e61b3b7a8fa042a8a260b7764d011371.htm,dbo,SXAMMGICompoundComponent,SXAMMGICompoundComponent,SXAMMGIC
dbo.SXAMMGICompoundStorage,Tbl_ff34c5ee6cc147c2a32ddec877a3fef1.htm,dbo,SXAMMGICompoundStorage,SXAMMGICompoundStorage,SXAMMGIC
dbo.SXAMMGIDoseConversion,Tbl_84335f29ad144d7a8010b541cd96c9b6.htm,dbo,SXAMMGIDoseConversion,SXAMMGIDoseConversion,SXAMMGID
dbo.SXAMMGINote,Tbl_9dc076939dbb4fe8a4241ff4665db73a.htm,dbo,SXAMMGINote,SXAMMGINote,SXAMMGIN
dbo.SXAMMGIOrderCatalogMasterItemXREF,Tbl_e1b0f00c0ac74db7955c2e63888aa50d.htm,dbo,SXAMMGIOrderCatalogMasterItemXREF,SXAMMGIOrderCatalogMasterItemXREF,SXAMMGIO
dbo.SXAMMGIPriceAlgorithm,Tbl_df1f5555420742f3b530fad6e033430c.htm,dbo,SXAMMGIPriceAlgorithm,SXAMMGIPriceAlgorithm,SXAMMGIP
dbo.SXAMMGIPriceAlgorithmType,Tbl_81639da1069e44fea0380313d6560ccf.htm,dbo,SXAMMGIPriceAlgorithmType,SXAMMGIPriceAlgorithmType,SXAMMGIP
dbo.SXAMMGIRestrictedInvestigational,Tbl_5110317dfa6b4986a4d4df00e480eecc.htm,dbo,SXAMMGIRestrictedInvestigational,SXAMMGIRestrictedInvestigational,SXAMMGIR
dbo.SXAMMGIRoute,Tbl_fedb36f997d7465a80b085ea5f771cff.htm,dbo,SXAMMGIRoute,SXAMMGIRoute,SXAMMGIR
dbo.SXAMMGISIAltNameXREF,Tbl_fb41a576216a40d7bb6332efd949d354.htm,dbo,SXAMMGISIAltNameXREF,SXAMMGISIAltNameXREF,SXAMMGIS
dbo.SXAMMGISolutionDefault,Tbl_6292c21b3242455fa0ae43e6a512d811.htm,dbo,SXAMMGISolutionDefault,SXAMMGISolutionDefault,SXAMMGIS
dbo.SXAMMGenericItem,Tbl_bf34bf15082642958d61c6d548bdd6a8.htm,dbo,SXAMMGenericItem,SXAMMGenericItem,SXAMMGen
dbo.SXAMMHistoryEvent,Tbl_9b805829b308472785efaea2628385bc.htm,dbo,SXAMMHistoryEvent,SXAMMHistoryEvent,SXAMMHis
dbo.SXAMMHistoryEventDetail,Tbl_9c181cab572a4bce83a8d14a9d0a62b4.htm,dbo,SXAMMHistoryEventDetail,SXAMMHistoryEventDetail,SXAMMHis
dbo.SXAMMIVBillingParameter,Tbl_f2d157b07853452b8772a0ced7426816.htm,dbo,SXAMMIVBillingParameter,SXAMMIVBillingParameter,SXAMMIVB
dbo.SXAMMInventoryTransactionReason,Tbl_84f9886a35c440ab95f48c75504d3dc9.htm,dbo,SXAMMInventoryTransactionReason,SXAMMInventoryTransactionReason,SXAMMInv
dbo.SXAMMKBAUsabilityPolicy,Tbl_a11235e420bd49e797a26259ae3357b1.htm,dbo,SXAMMKBAUsabilityPolicy,SXAMMKBAUsabilityPolicy,SXAMMKBA
dbo.SXAMMKBAUsabilityTaskOverduePolicy,Tbl_a01e1aa2eca04d79b2e27ab327ccde32.htm,dbo,SXAMMKBAUsabilityTaskOverduePolicy,SXAMMKBAUsabilityTaskOverduePolicy,SXAMMKBA
dbo.SXAMMLineType,Tbl_89ae32b2dd3e4a279603e1ed541c5fd7.htm,dbo,SXAMMLineType,SXAMMLineType,SXAMMLin
dbo.SXAMMManufacturer,Tbl_0f8bb4a00aa140d78818b4bfe44eb84f.htm,dbo,SXAMMManufacturer,SXAMMManufacturer,SXAMMMan
dbo.SXAMMMedicationFormUnitofMeasureXRef,Tbl_1f41ed271ee14dcc903729dcc8705344.htm,dbo,SXAMMMedicationFormUnitofMeasureXRef,SXAMMMedicationFormUnitofMeasureXRef,SXAMMMed
dbo.SXAMMMessage,Tbl_ef73b9ea45794be0b26d1a0afffa3fae.htm,dbo,SXAMMMessage,SXAMMMessage,SXAMMMes
dbo.SXAMMMessageCategory,Tbl_4247512e7f5642219fc5801861846517.htm,dbo,SXAMMMessageCategory,SXAMMMessageCategory,SXAMMMes
dbo.SXAMMMessageDefaultText,Tbl_92bf9ba139d348a9ba401c558c1284e0.htm,dbo,SXAMMMessageDefaultText,SXAMMMessageDefaultText,SXAMMMes
dbo.SXAMMMessageOrder,Tbl_22b9d8c03721449d935b860a81dce081.htm,dbo,SXAMMMessageOrder,SXAMMMessageOrder,SXAMMMes
dbo.SXAMMMessagePriority,Tbl_1c30114bea394513a800ee19152ac9dd.htm,dbo,SXAMMMessagePriority,SXAMMMessagePriority,SXAMMMes
dbo.SXAMMMessageProcessingType,Tbl_93190bb1ac26457aad6ff9f65f1f1634.htm,dbo,SXAMMMessageProcessingType,SXAMMMessageProcessingType,SXAMMMes
dbo.SXAMMMessageSendDose,Tbl_e11725c8d19c460ca8dcbcad8fc04f3c.htm,dbo,SXAMMMessageSendDose,SXAMMMessageSendDose,SXAMMMes
dbo.SXAMMMessageStatus,Tbl_888f6da0e2ce41ab9ce350e8e6258472.htm,dbo,SXAMMMessageStatus,SXAMMMessageStatus,SXAMMMes
dbo.SXAMMMessageStatusHistory,Tbl_0b56d677026b4967a7847e930e77eecf.htm,dbo,SXAMMMessageStatusHistory,SXAMMMessageStatusHistory,SXAMMMes
dbo.SXAMMMnemonic,Tbl_9a55f9f221fb4d958b17910d6a0ba6a7.htm,dbo,SXAMMMnemonic,SXAMMMnemonic,SXAMMMne
dbo.SXAMMMnemonicComponent,Tbl_184a0b4c639542febf234b9f3854c1c7.htm,dbo,SXAMMMnemonicComponent,SXAMMMnemonicComponent,SXAMMMne
dbo.SXAMMMnemonicComponentDose,Tbl_f4da078f93b7425aa50572f0965a140d.htm,dbo,SXAMMMnemonicComponentDose,SXAMMMnemonicComponentDose,SXAMMMne
dbo.SXAMMMnemonicNote,Tbl_cb46d5538ed84883ba28b846eaa04ec3.htm,dbo,SXAMMMnemonicNote,SXAMMMnemonicNote,SXAMMMne
dbo.SXAMMMnemonicOption,Tbl_78a49b7c93674712a049a3af42b7efe1.htm,dbo,SXAMMMnemonicOption,SXAMMMnemonicOption,SXAMMMne
dbo.SXAMMMnemonicParameter,Tbl_3b7291a3e0c34d3a8c99f362df48a0c9.htm,dbo,SXAMMMnemonicParameter,SXAMMMnemonicParameter,SXAMMMne
dbo.SXAMMMultiOrderRoute,Tbl_6d8522258a8a4f78a880b75177a4f99c.htm,dbo,SXAMMMultiOrderRoute,SXAMMMultiOrderRoute,SXAMMMul
dbo.SXAMMNoteType,Tbl_c88991ba31824182ac9241e9b8172d41.htm,dbo,SXAMMNoteType,SXAMMNoteType,SXAMMNot
dbo.SXAMMOrder,Tbl_06e62b4b4fb74e1eb6bd331a323c2047.htm,dbo,SXAMMOrder,SXAMMOrder,SXAMMOrd
dbo.SXAMMOrderDispensingHistory,Tbl_d74140cb9a094965b0a2820f51aeaae7.htm,dbo,SXAMMOrderDispensingHistory,SXAMMOrderDispensingHistory,SXAMMOrd
dbo.SXAMMOrderFunctionCodeXREF,Tbl_b26eeef74dac4f24a57846427dc24934.htm,dbo,SXAMMOrderFunctionCodeXREF,SXAMMOrderFunctionCodeXREF,SXAMMOrd
dbo.SXAMMOrderModificationHistoryField,Tbl_bc1d502b8e2b4e7e8c9748b440321c1f.htm,dbo,SXAMMOrderModificationHistoryField,SXAMMOrderModificationHistoryField,SXAMMOrd
dbo.SXAMMOrderOption,Tbl_6ff1769285954e4b81b42ba349ce6b6f.htm,dbo,SXAMMOrderOption,SXAMMOrderOption,SXAMMOrd
dbo.SXAMMOrderOptionComponent,Tbl_c5315d0063324090bf63bdfc1691715d.htm,dbo,SXAMMOrderOptionComponent,SXAMMOrderOptionComponent,SXAMMOrd
dbo.SXAMMOrderOptionIVInfo,Tbl_a99c93b1a4224581bec1bf1e7d697ce6.htm,dbo,SXAMMOrderOptionIVInfo,SXAMMOrderOptionIVInfo,SXAMMOrd
dbo.SXAMMOrderOptionNote,Tbl_e845758129864392ba4e8ddd4d084824.htm,dbo,SXAMMOrderOptionNote,SXAMMOrderOptionNote,SXAMMOrd
dbo.SXAMMOrderOptionNoteHistory,Tbl_ddea158bf7e7482fbb2ddcd7c9ae6e2c.htm,dbo,SXAMMOrderOptionNoteHistory,SXAMMOrderOptionNoteHistory,SXAMMOrd
dbo.SXAMMOrderReviewList,Tbl_16c0aeaccafa4b199b8df51e6ac213df.htm,dbo,SXAMMOrderReviewList,SXAMMOrderReviewList,SXAMMOrd
dbo.SXAMMOrderReviewPolicy,Tbl_83f3977999734689a88e039f55b55326.htm,dbo,SXAMMOrderReviewPolicy,SXAMMOrderReviewPolicy,SXAMMOrd
dbo.SXAMMOrderReviewPolicyDetail,Tbl_2412ef405966436699f33079979c9a66.htm,dbo,SXAMMOrderReviewPolicyDetail,SXAMMOrderReviewPolicyDetail,SXAMMOrd
dbo.SXAMMOrderReviewPolicyDetailXRef,Tbl_e290d954eafd4cb1867a1011168ce89e.htm,dbo,SXAMMOrderReviewPolicyDetailXRef,SXAMMOrderReviewPolicyDetailXRef,SXAMMOrd
dbo.SXAMMOrderRouteMedicationForm,Tbl_e3e31a06801b455ba2e09f336229bbfb.htm,dbo,SXAMMOrderRouteMedicationForm,SXAMMOrderRouteMedicationForm,SXAMMOrd
dbo.SXAMMOrderSet,Tbl_68dc8c969c6d4327a324dcee27c7f2d4.htm,dbo,SXAMMOrderSet,SXAMMOrderSet,SXAMMOrd
dbo.SXAMMOrderSetMnemonicXREF,Tbl_c1258eaf8e7c47aa8e851f83db0c1638.htm,dbo,SXAMMOrderSetMnemonicXREF,SXAMMOrderSetMnemonicXREF,SXAMMOrd
dbo.SXAMMOrderTaskOccurrenceAdmin,Tbl_d63855e12aba4706b281d2d7f3a0dafc.htm,dbo,SXAMMOrderTaskOccurrenceAdmin,SXAMMOrderTaskOccurrenceAdmin,SXAMMOrd
dbo.SXAMMOrderTaskOccurrenceAdminWarning,Tbl_ae0b295f31f44ddbabd38f6c2e16de50.htm,dbo,SXAMMOrderTaskOccurrenceAdminWarning,SXAMMOrderTaskOccurrenceAdminWarning,SXAMMOrd
dbo.SXAMMOrderTypeLayout,Tbl_164ccd68005d4264ae1d644d2e79aaff.htm,dbo,SXAMMOrderTypeLayout,SXAMMOrderTypeLayout,SXAMMOrd
dbo.SXAMMOrderWarning,Tbl_5e1926ca631b450794be4f0ee0f0b95d.htm,dbo,SXAMMOrderWarning,SXAMMOrderWarning,SXAMMOrd
dbo.SXAMMOrderWasteBillingInfo,Tbl_8248739e1587459bb108cd0d554032f5.htm,dbo,SXAMMOrderWasteBillingInfo,SXAMMOrderWasteBillingInfo,SXAMMOrd
dbo.SXAMMOutpatientOrder,Tbl_2bc761c18fb24218b8055769610215b7.htm,dbo,SXAMMOutpatientOrder,SXAMMOutpatientOrder,SXAMMOut
dbo.SXAMMOutpatientOrderAlert,Tbl_66f5d81ed6ce43d498b57e496476d9ae.htm,dbo,SXAMMOutpatientOrderAlert,SXAMMOutpatientOrderAlert,SXAMMOut
dbo.SXAMMOutpatientOrderDispense,Tbl_67175f126b4b4affbbbc805ab099efb6.htm,dbo,SXAMMOutpatientOrderDispense,SXAMMOutpatientOrderDispense,SXAMMOut
dbo.SXAMMOutpatientQuickCode,Tbl_298ca8101e17466c985b6cb8c3f8ae52.htm,dbo,SXAMMOutpatientQuickCode,SXAMMOutpatientQuickCode,SXAMMOut
dbo.SXAMMOutpatientType,Tbl_0f526d42039c49f788ec4d3b61801752.htm,dbo,SXAMMOutpatientType,SXAMMOutpatientType,SXAMMOut
dbo.SXAMMPharmacy,Tbl_ea33aa3fb17448c6b1aa6eb77406b8e2.htm,dbo,SXAMMPharmacy,SXAMMPharmacy,SXAMMPha
dbo.SXAMMPharmacyBackup,Tbl_5ee2beaae490445fb54bdd7771320008.htm,dbo,SXAMMPharmacyBackup,SXAMMPharmacyBackup,SXAMMPha
dbo.SXAMMPharmacyBackupUnit,Tbl_147f1229140641caa2b6cd36b4ad5c43.htm,dbo,SXAMMPharmacyBackupUnit,SXAMMPharmacyBackupUnit,SXAMMPha
dbo.SXAMMPharmacyBatch,Tbl_970ec72d359c49b592aaaee7bc9e8962.htm,dbo,SXAMMPharmacyBatch,SXAMMPharmacyBatch,SXAMMPha
dbo.SXAMMPharmacyData,Tbl_dda275573b884d52b96fc2a7bf25d48f.htm,dbo,SXAMMPharmacyData,SXAMMPharmacyData,SXAMMPha
dbo.SXAMMPharmacyFillListTime,Tbl_ce5ec49792d04c5ea178b715ee9297c4.htm,dbo,SXAMMPharmacyFillListTime,SXAMMPharmacyFillListTime,SXAMMPha
dbo.SXAMMPharmacyFillPeriodConfig,Tbl_df2af3aa6e924a5593eba2f73043e253.htm,dbo,SXAMMPharmacyFillPeriodConfig,SXAMMPharmacyFillPeriodConfig,SXAMMPha
dbo.SXAMMPharmacyFillingDetail,Tbl_29c57e731d28447bbdf0fe7d68100c29.htm,dbo,SXAMMPharmacyFillingDetail,SXAMMPharmacyFillingDetail,SXAMMPha
dbo.SXAMMPharmacyFillingDispenseSubType,Tbl_85e5cd6876fe4da28e7f7cb238f7c33b.htm,dbo,SXAMMPharmacyFillingDispenseSubType,SXAMMPharmacyFillingDispenseSubType,SXAMMPha
dbo.SXAMMPharmacyHours,Tbl_aaeabbbfaf594354bee2033a07119353.htm,dbo,SXAMMPharmacyHours,SXAMMPharmacyHours,SXAMMPha
dbo.SXAMMPharmacyHoursOverride,Tbl_cc867bdf8ec943f9a9d2f183fcd03838.htm,dbo,SXAMMPharmacyHoursOverride,SXAMMPharmacyHoursOverride,SXAMMPha
dbo.SXAMMPharmacyInpatientDefault,Tbl_47bd855adb54458e9c89a76a3d18e44b.htm,dbo,SXAMMPharmacyInpatientDefault,SXAMMPharmacyInpatientDefault,SXAMMPha
dbo.SXAMMPharmacyLocationConfig,Tbl_7b060b6ac9194668926a2ddf848aca08.htm,dbo,SXAMMPharmacyLocationConfig,SXAMMPharmacyLocationConfig,SXAMMPha
dbo.SXAMMPharmacyLocationConfigStock,Tbl_43680023e291471db1dd63c2e96fe2c1.htm,dbo,SXAMMPharmacyLocationConfigStock,SXAMMPharmacyLocationConfigStock,SXAMMPha
dbo.SXAMMPharmacyPrinter,Tbl_1632f1db133b462c8646e8c3b231216f.htm,dbo,SXAMMPharmacyPrinter,SXAMMPharmacyPrinter,SXAMMPha
dbo.SXAMMPharmacyStock,Tbl_bacb97f5e5fe4bf4bebedd6f512cb526.htm,dbo,SXAMMPharmacyStock,SXAMMPharmacyStock,SXAMMPha
dbo.SXAMMPharmacyStockInventoryTransaction,Tbl_29b4dbab2cdb44cab49ff29e4cbbe47a.htm,dbo,SXAMMPharmacyStockInventoryTransaction,SXAMMPharmacyStockInventoryTransaction,SXAMMPha
dbo.SXAMMPharmacyUnit,Tbl_1340eac52cda4404a153aac9fcd7c3a1.htm,dbo,SXAMMPharmacyUnit,SXAMMPharmacyUnit,SXAMMPha
dbo.SXAMMPriceAlgorithm,Tbl_642a74c8ee5444e0be33bbf76df243e0.htm,dbo,SXAMMPriceAlgorithm,SXAMMPriceAlgorithm,SXAMMPri
dbo.SXAMMPriceAlgorithmRangeRule,Tbl_1eea19e129224127a3fda41ee17de2d1.htm,dbo,SXAMMPriceAlgorithmRangeRule,SXAMMPriceAlgorithmRangeRule,SXAMMPri
dbo.SXAMMProduct,Tbl_ecd6ab07e78b4677a60a71fb48112362.htm,dbo,SXAMMProduct,SXAMMProduct,SXAMMPro
dbo.SXAMMProductAlternateBillingCode,Tbl_97fbfee4779f49b6848595ef03bb499b.htm,dbo,SXAMMProductAlternateBillingCode,SXAMMProductAlternateBillingCode,SXAMMPro
dbo.SXAMMProductPackage,Tbl_c1ebec533ef1438886c623a1ef8618d7.htm,dbo,SXAMMProductPackage,SXAMMProductPackage,SXAMMPro
dbo.SXAMMProductPackageCost,Tbl_75e1a380344440b39f8aac0c641e7ade.htm,dbo,SXAMMProductPackageCost,SXAMMProductPackageCost,SXAMMPro
dbo.SXAMMProductPackageJCode,Tbl_78c44d8c541445c9989b69f40eda8309.htm,dbo,SXAMMProductPackageJCode,SXAMMProductPackageJCode,SXAMMPro
dbo.SXAMMProductPackageJCodeRoute,Tbl_fa421588d93846c28bdcd600e63a9016.htm,dbo,SXAMMProductPackageJCodeRoute,SXAMMProductPackageJCodeRoute,SXAMMPro
dbo.SXAMMProductScanCode,Tbl_7053ad8f70514d48855886ed38ca94f5.htm,dbo,SXAMMProductScanCode,SXAMMProductScanCode,SXAMMPro
dbo.SXAMMRecipe,Tbl_5623586bb18442aba3dd7c662c023ba1.htm,dbo,SXAMMRecipe,SXAMMRecipe,SXAMMRec
dbo.SXAMMRecipeIngredient,Tbl_1790457ffad340f78f267c008a813014.htm,dbo,SXAMMRecipeIngredient,SXAMMRecipeIngredient,SXAMMRec
dbo.SXAMMRecipeLocation,Tbl_2e52fbffc3464ba9a0b38b94457ed9be.htm,dbo,SXAMMRecipeLocation,SXAMMRecipeLocation,SXAMMRec
dbo.SXAMMRecipePrep,Tbl_978a120261014f94af57b81d425b87c2.htm,dbo,SXAMMRecipePrep,SXAMMRecipePrep,SXAMMRec
dbo.SXAMMRecipePrepIngredient,Tbl_ae97e1b840d2415982fcbe0335a8bdb3.htm,dbo,SXAMMRecipePrepIngredient,SXAMMRecipePrepIngredient,SXAMMRec
dbo.SXAMMRecipePrepIngredientDetail,Tbl_ea1729e62ce54430a8cc6c156afa5b17.htm,dbo,SXAMMRecipePrepIngredientDetail,SXAMMRecipePrepIngredientDetail,SXAMMRec
dbo.SXAMMRecipePrepPatientDetail,Tbl_d9716504053c42d59b81c47ca7154aef.htm,dbo,SXAMMRecipePrepPatientDetail,SXAMMRecipePrepPatientDetail,SXAMMRec
dbo.SXAMMRecipePrintDefault,Tbl_5025a15f645c455c84037904b3544044.htm,dbo,SXAMMRecipePrintDefault,SXAMMRecipePrintDefault,SXAMMRec
dbo.SXAMMRecipeReport,Tbl_c016278283914ee0b4e5b23ee49e0e56.htm,dbo,SXAMMRecipeReport,SXAMMRecipeReport,SXAMMRec
dbo.SXAMMRecipeReportConfig,Tbl_4f9e906bdf494aa19cdb57977c304bcb.htm,dbo,SXAMMRecipeReportConfig,SXAMMRecipeReportConfig,SXAMMRec
dbo.SXAMMRecipeReportData,Tbl_b51cccde9581458e81e02c0699e2fbe3.htm,dbo,SXAMMRecipeReportData,SXAMMRecipeReportData,SXAMMRec
dbo.SXAMMRouteOrderTypeXref,Tbl_00e6daa6ee004d979916010b8ca9e2eb.htm,dbo,SXAMMRouteOrderTypeXref,SXAMMRouteOrderTypeXref,SXAMMRou
dbo.SXAMMScanCodeType,Tbl_ce3c37c2b88a4368a362fd0a21738b43.htm,dbo,SXAMMScanCodeType,SXAMMScanCodeType,SXAMMSca
dbo.SXAMMServiceConfiguration,Tbl_e29f74fedcb4482e85afa887acbd440a.htm,dbo,SXAMMServiceConfiguration,SXAMMServiceConfiguration,SXAMMSer
dbo.SXAMMServiceStatus,Tbl_df97071547e94cbb92da81e687c7a8d7.htm,dbo,SXAMMServiceStatus,SXAMMServiceStatus,SXAMMSer
dbo.SXAMMServiceStatusConfig,Tbl_6e56152ef06143d1a6a826876e92908c.htm,dbo,SXAMMServiceStatusConfig,SXAMMServiceStatusConfig,SXAMMSer
dbo.SXAMMServiceStatusUserConfig,Tbl_af41d99caf9840759696f7fb79551b17.htm,dbo,SXAMMServiceStatusUserConfig,SXAMMServiceStatusUserConfig,SXAMMSer
dbo.SXAMMStockItem,Tbl_c4aeae075c6d42e4b2df24c0acb2d8c9.htm,dbo,SXAMMStockItem,SXAMMStockItem,SXAMMSto
dbo.SXAMMStockItemADMXref,Tbl_97d6f79a9e4d4112a5f8cd90c2431a4e.htm,dbo,SXAMMStockItemADMXref,SXAMMStockItemADMXref,SXAMMSto
dbo.SXAMMStockItemChargeAlgorithm,Tbl_d1672546badc4e54b87f481e3e45c79a.htm,dbo,SXAMMStockItemChargeAlgorithm,SXAMMStockItemChargeAlgorithm,SXAMMSto
dbo.SXAMMStockItemLocationFormulary,Tbl_fd17af0ea7844695adf09c0030b2d989.htm,dbo,SXAMMStockItemLocationFormulary,SXAMMStockItemLocationFormulary,SXAMMSto
dbo.SXAMMStockItemNote,Tbl_01c4d298dbe84a06a954f0dd33658eb1.htm,dbo,SXAMMStockItemNote,SXAMMStockItemNote,SXAMMSto
dbo.SXAMMStockItemProduct,Tbl_29fbbb9c44524ea3982a6ecd0db83548.htm,dbo,SXAMMStockItemProduct,SXAMMStockItemProduct,SXAMMSto
dbo.SXAMMStockItemProductCost,Tbl_a10f9171bd7547a29e1b50f308247825.htm,dbo,SXAMMStockItemProductCost,SXAMMStockItemProductCost,SXAMMSto
dbo.SXAMMStockItemRobotXRef,Tbl_b14c01d4504745eb888059243532db3f.htm,dbo,SXAMMStockItemRobotXRef,SXAMMStockItemRobotXRef,SXAMMSto
dbo.SXAMMStorageCondition,Tbl_3dd2c17f27d8490ea6854d96f2aee576.htm,dbo,SXAMMStorageCondition,SXAMMStorageCondition,SXAMMSto
dbo.SXAMMTherapeuticClass,Tbl_dd26055fc0d449eda65aa180a39c61a6.htm,dbo,SXAMMTherapeuticClass,SXAMMTherapeuticClass,SXAMMThe
dbo.SXAMMWasteBilling,Tbl_4d8cb40f70c447edb6f505082cc76f0a.htm,dbo,SXAMMWasteBilling,SXAMMWasteBilling,SXAMMWas
dbo.SXAMMWholesaler,Tbl_782155e7e72449e4a2bc8bd7b1e4dbbc.htm,dbo,SXAMMWholesaler,SXAMMWholesaler,SXAMMWho
dbo.SXAMTDrugCatalogConfig,Tbl_e12dcfcefd6c47d9b12ab851652dd5c3.htm,dbo,SXAMTDrugCatalogConfig,SXAMTDrugCatalogConfig,SXAMTDru
dbo.SXAMTDrugCatalogExcludeConfig,Tbl_170b992617714fac96da724618124128.htm,dbo,SXAMTDrugCatalogExcludeConfig,SXAMTDrugCatalogExcludeConfig,SXAMTDru
dbo.SXAMTDrugCatalogStateConfig,Tbl_db7905f02b7441b9a5e8aa1b51a96380.htm,dbo,SXAMTDrugCatalogStateConfig,SXAMTDrugCatalogStateConfig,SXAMTDru
dbo.SXAMVEnterprise,Tbl_93eea808be1145f69776c9a2a357caaa.htm,dbo,SXAMVEnterprise,SXAMVEnterprise,SXAMVEnt
dbo.SXAMVTile,Tbl_2270ab6d31b44b4abdc8aabb14368571.htm,dbo,SXAMVTile,SXAMVTile,SXAMVTil
dbo.SXAMultumLevelsForDupMedTherapy,Tbl_842f04bdbd1f45c4b353ca0ac9dcabbc.htm,dbo,SXAMultumLevelsForDupMedTherapy,SXAMultumLevelsForDupMedTherapy,SXAMultu
dbo.SXAMultumRouteConversion,Tbl_7ea60125e9144ea18a6c3608e7044f1c.htm,dbo,SXAMultumRouteConversion,SXAMultumRouteConversion,SXAMultu
dbo.SXAORMMatchingWindowItemView,Tbl_9d02ed98fb674047837497655f9cb645.htm,dbo,SXAORMMatchingWindowItemView,SXAORMMatchingWindowItemView,SXAORMMa
dbo.SXAORMMedMatchingNEHROrdersDetail,Tbl_f08826d2fa424f9d8f2df01bf5e27d15.htm,dbo,SXAORMMedMatchingNEHROrdersDetail,SXAORMMedMatchingNEHROrdersDetail,SXAORMMe
dbo.SXAORMMedMatchingSCMOrdersDetail,Tbl_d7efc459277843db88e8ed05f2c28f40.htm,dbo,SXAORMMedMatchingSCMOrdersDetail,SXAORMMedMatchingSCMOrdersDetail,SXAORMMe
dbo.SXAORMMedMatchingSessionsMaster,Tbl_1db08938e35c4c19accb048f44900110.htm,dbo,SXAORMMedMatchingSessionsMaster,SXAORMMedMatchingSessionsMaster,SXAORMMe
dbo.SXAORMMedMatchingXref,Tbl_359243939f8141468d3c9b4f21192854.htm,dbo,SXAORMMedMatchingXref,SXAORMMedMatchingXref,SXAORMMe
dbo.SXAObjectType,Tbl_7ccc6ae1b5f348a881cae9873ff61c7b.htm,dbo,SXAObjectType,SXAObjectType,SXAObjec
dbo.SXAObsCatalogSummaryType,Tbl_4b520731d5c14cf6a3b13b08d4eff5a1.htm,dbo,SXAObsCatalogSummaryType,SXAObsCatalogSummaryType,SXAObsCa
dbo.SXAObsPCDocumentProvRoleXREF,Tbl_eeb7370b0df34a52a7b7721fae517fdf.htm,dbo,SXAObsPCDocumentProvRoleXREF,SXAObsPCDocumentProvRoleXREF,SXAObsPC
dbo.SXARCM3MEncoderGrouper,Tbl_937744e7ff934886b18b8098f1945496.htm,dbo,SXARCM3MEncoderGrouper,SXARCM3,SXARCM3M
dbo.SXARCM3MSystemDictionary,Tbl_f511f070d8334b4f8ce6cf29659fa850.htm,dbo,SXARCM3MSystemDictionary,SXARCM3,SXARCM3M
dbo.SXARCM835BatchCompletionSelection,Tbl_a8b76bae7bfa45c584cc441cec7bcc0f.htm,dbo,SXARCM835BatchCompletionSelection,SXARCM835,SXARCM83
dbo.SXARCM835RemittanceErrorCode,Tbl_58e3672e636645bf901272a0d9534540.htm,dbo,SXARCM835RemittanceErrorCode,SXARCM835,SXARCM83
dbo.SXARCM835ServiceDateSelection,Tbl_64b31c0214b74e149faddc5d1e00bbcd.htm,dbo,SXARCM835ServiceDateSelection,SXARCM835,SXARCM83
dbo.SXARCM837BillingIdentifiers,Tbl_72723bf96d1447fc8fb6b896459558f2.htm,dbo,SXARCM837BillingIdentifiers,SXARCM837,SXARCM83
dbo.SXARCMAPLCodeDetail,Tbl_37140b9726514bf690631006f1855d41.htm,dbo,SXARCMAPLCodeDetail,SXARCMAPLCodeDetail,SXARCMAP
dbo.SXARCMASACode,Tbl_67543e9026974bc88f0f05d579a2d006.htm,dbo,SXARCMASACode,SXARCMASACode,SXARCMAS
dbo.SXARCMAUCCPTCode,Tbl_162267934d0946ae91832b9582a05556.htm,dbo,SXARCMAUCCPTCode,SXARCMAUCCPTCode,SXARCMAU
dbo.SXARCMAbstractASAClassification,Tbl_466423ea5d3f4beaaa892ef4927ce0ec.htm,dbo,SXARCMAbstractASAClassification,SXARCMAbstractASAClassification,SXARCMAb
dbo.SXARCMAbstractAdditionalEncoderCustomFieldMapping,Tbl_7c48cd24857b45efb2dbffedd41822b0.htm,dbo,SXARCMAbstractAdditionalEncoderCustomFieldMapping,SXARCMAbstractAdditionalEncoderCustomFieldMapping,SXARCMAb
dbo.SXARCMAbstractAdditionalEncoders,Tbl_b7b524d149cb43b4bee6c816c00a370b.htm,dbo,SXARCMAbstractAdditionalEncoders,SXARCMAbstractAdditionalEncoders,SXARCMAb
dbo.SXARCMAbstractCPTHPCPSAnesthesiaDetail,Tbl_f941c71a90c54b49a4058c2ab98a51ac.htm,dbo,SXARCMAbstractCPTHPCPSAnesthesiaDetail,SXARCMAbstractCPTHPCPSAnesthesiaDetail,SXARCMAb
dbo.SXARCMAbstractCPTHPCPSDetail,Tbl_1fd6db8a9e2a48d598d11207aea26ff9.htm,dbo,SXARCMAbstractCPTHPCPSDetail,SXARCMAbstractCPTHPCPSDetail,SXARCMAb
dbo.SXARCMAbstractCPTHPCPSSurgicalTeamDetail,Tbl_13da2956df7a415d8436f1c9bba9314a.htm,dbo,SXARCMAbstractCPTHPCPSSurgicalTeamDetail,SXARCMAbstractCPTHPCPSSurgicalTeamDetail,SXARCMAb
dbo.SXARCMAbstractChargeMergeConfig,Tbl_65198dccaa8f4ff7b8d558aa4363074b.htm,dbo,SXARCMAbstractChargeMergeConfig,SXARCMAbstractChargeMergeConfig,SXARCMAb
dbo.SXARCMAbstractChargeMergeConfigDetail,Tbl_a8a3f3d1fba64757b33f26130b94a57b.htm,dbo,SXARCMAbstractChargeMergeConfigDetail,SXARCMAbstractChargeMergeConfigDetail,SXARCMAb
dbo.SXARCMAbstractConsultantDetail,Tbl_d4f1580a00b549488fd1e9617ac0d8db.htm,dbo,SXARCMAbstractConsultantDetail,SXARCMAbstractConsultantDetail,SXARCMAb
dbo.SXARCMAbstractControlStatusHistory,Tbl_cc01c34959eb4495bebfcb38bd61a0b3.htm,dbo,SXARCMAbstractControlStatusHistory,SXARCMAbstractControlStatusHistory,SXARCMAb
dbo.SXARCMAbstractCustomTileData,Tbl_8425219cd4e9493f84f4fc1e9cd40a5e.htm,dbo,SXARCMAbstractCustomTileData,SXARCMAbstractCustomTileData,SXARCMAb
dbo.SXARCMAbstractDentalToothStatus,Tbl_002d7e0fc76f45a49a8e33737cac8ffe.htm,dbo,SXARCMAbstractDentalToothStatus,SXARCMAbstractDentalToothStatus,SXARCMAb
dbo.SXARCMAbstractDiagnosisDetail,Tbl_c2c02d1847ce4147ba3cc53788569240.htm,dbo,SXARCMAbstractDiagnosisDetail,SXARCMAbstractDiagnosisDetail,SXARCMAb
dbo.SXARCMAbstractDiagnosisDetailMapping,Tbl_e74c7255c2564694bd8fd909f33be749.htm,dbo,SXARCMAbstractDiagnosisDetailMapping,SXARCMAbstractDiagnosisDetailMapping,SXARCMAb
dbo.SXARCMAbstractEmergencyProcedure,Tbl_c6fb6f1529e3452cb5ebecb8bce1b6b0.htm,dbo,SXARCMAbstractEmergencyProcedure,SXARCMAbstractEmergencyProcedure,SXARCMAb
dbo.SXARCMAbstractEncoder,Tbl_9b2cc9136c1e4cd7b027268533f72710.htm,dbo,SXARCMAbstractEncoder,SXARCMAbstractEncoder,SXARCMAb
dbo.SXARCMAbstractEncoderCustomFieldMapping,Tbl_715378baded945f88be0a6f0857e2b6f.htm,dbo,SXARCMAbstractEncoderCustomFieldMapping,SXARCMAbstractEncoderCustomFieldMapping,SXARCMAb
dbo.SXARCMAbstractEncoderDictionary,Tbl_e31876ad6c9a459894356c7cd6f69ef4.htm,dbo,SXARCMAbstractEncoderDictionary,SXARCMAbstractEncoderDictionary,SXARCMAb
dbo.SXARCMAbstractEncoderDictionaryTranslation,Tbl_7448bfab3bfa463d8236e9a13da20bee.htm,dbo,SXARCMAbstractEncoderDictionaryTranslation,SXARCMAbstractEncoderDictionaryTranslation,SXARCMAb
dbo.SXARCMAbstractEncoderFacility,Tbl_aa5574b5915f4ed69cdc380c80eafd6b.htm,dbo,SXARCMAbstractEncoderFacility,SXARCMAbstractEncoderFacility,SXARCMAb
dbo.SXARCMAbstractIRFDetail,Tbl_bf3aea0b321041bfa3e8851c282e8f04.htm,dbo,SXARCMAbstractIRFDetail,SXARCMAbstractIRFDetail,SXARCMAb
dbo.SXARCMAbstractInjuryDetail,Tbl_2a5974569deb49978cfea518bd1bbbe3.htm,dbo,SXARCMAbstractInjuryDetail,SXARCMAbstractInjuryDetail,SXARCMAb
dbo.SXARCMAbstractInjuryDetailMapping,Tbl_2aa0076a11184e0691b5833e35459d20.htm,dbo,SXARCMAbstractInjuryDetailMapping,SXARCMAbstractInjuryDetailMapping,SXARCMAb
dbo.SXARCMAbstractORCPTHPCPSDetail,Tbl_cb334ac4ec064c80bbb7f5860e0740d1.htm,dbo,SXARCMAbstractORCPTHPCPSDetail,SXARCMAbstractORCPTHPCPSDetail,SXARCMAb
dbo.SXARCMAbstractORProcedureDetail,Tbl_d275ec2f07e64c2b853732664e5520ca.htm,dbo,SXARCMAbstractORProcedureDetail,SXARCMAbstractORProcedureDetail,SXARCMAb
dbo.SXARCMAbstractPLICode,Tbl_bf1a6005b36342f3a9cb517479358186.htm,dbo,SXARCMAbstractPLICode,SXARCMAbstractPLICode,SXARCMAb
dbo.SXARCMAbstractPathologyCode,Tbl_7ad120e37b1b44d1a2d99f9640225c9e.htm,dbo,SXARCMAbstractPathologyCode,SXARCMAbstractPathologyCode,SXARCMAb
dbo.SXARCMAbstractProcedureAnesthesiaDetail,Tbl_b8a8823de16c43819bbfc9c5f431897d.htm,dbo,SXARCMAbstractProcedureAnesthesiaDetail,SXARCMAbstractProcedureAnesthesiaDetail,SXARCMAb
dbo.SXARCMAbstractProcedureAnesthesiaMappingDetail,Tbl_59989848d2484541961069353aace969.htm,dbo,SXARCMAbstractProcedureAnesthesiaMappingDetail,SXARCMAbstractProcedureAnesthesiaMappingDetail,SXARCMAb
dbo.SXARCMAbstractProcedureDetail,Tbl_21d58a7e6dac42fd8b196c56737a45dd.htm,dbo,SXARCMAbstractProcedureDetail,SXARCMAbstractProcedureDetail,SXARCMAb
dbo.SXARCMAbstractProcedureDetailMapping,Tbl_c849b3e4f98d4c669b44d90e04797d7b.htm,dbo,SXARCMAbstractProcedureDetailMapping,SXARCMAbstractProcedureDetailMapping,SXARCMAb
dbo.SXARCMAbstractProcedureMappingSurgTeamDetail,Tbl_6925e8476bc44f5fa0ee40312f43c5a1.htm,dbo,SXARCMAbstractProcedureMappingSurgTeamDetail,SXARCMAbstractProcedureMappingSurgTeamDetail,SXARCMAb
dbo.SXARCMAbstractProcedureSurgicalTeamDetail,Tbl_dca1121ad175485db204b3fa480694cd.htm,dbo,SXARCMAbstractProcedureSurgicalTeamDetail,SXARCMAbstractProcedureSurgicalTeamDetail,SXARCMAb
dbo.SXARCMAbstractSNFDetail,Tbl_dea8fa783253431daa0f7b0b2c493ebf.htm,dbo,SXARCMAbstractSNFDetail,SXARCMAbstractSNFDetail,SXARCMAb
dbo.SXARCMAbstractSNFPDPMDetail,Tbl_70a65a9ea0db449897b290b6e63114a0.htm,dbo,SXARCMAbstractSNFPDPMDetail,SXARCMAbstractSNFPDPMDetail,SXARCMAb
dbo.SXARCMAbstractStateCode,Tbl_fcfb7cec2f87455b9be96294bb48e364.htm,dbo,SXARCMAbstractStateCode,SXARCMAbstractStateCode,SXARCMAb
dbo.SXARCMAbstractStatus,Tbl_e32a7508a6d740b68cd64950c7eed25e.htm,dbo,SXARCMAbstractStatus,SXARCMAbstractStatus,SXARCMAb
dbo.SXARCMAbstractSurgeonDetail,Tbl_b2b22a2946974123bf612ae38c564523.htm,dbo,SXARCMAbstractSurgeonDetail,SXARCMAbstractSurgeonDetail,SXARCMAb
dbo.SXARCMAbstractSurgicalAnesthesiaDetail,Tbl_32302bd5609840c580b5dfde5b84a613.htm,dbo,SXARCMAbstractSurgicalAnesthesiaDetail,SXARCMAbstractSurgicalAnesthesiaDetail,SXARCMAb
dbo.SXARCMAbstractSurgicalDetail,Tbl_ae0fba5a7ebf492c8901e99e4eca8cf1.htm,dbo,SXARCMAbstractSurgicalDetail,SXARCMAbstractSurgicalDetail,SXARCMAb
dbo.SXARCMAbstractSurgicalTeamDetail,Tbl_11c86cdfed91444abdc281d146bd1ed8.htm,dbo,SXARCMAbstractSurgicalTeamDetail,SXARCMAbstractSurgicalTeamDetail,SXARCMAb
dbo.SXARCMAbstractTissueRemoved,Tbl_d3d7ab6699b74d3aabf225bc32712f39.htm,dbo,SXARCMAbstractTissueRemoved,SXARCMAbstractTissueRemoved,SXARCMAb
dbo.SXARCMAbstractUDDIConfig,Tbl_df60e9e640fc45e6a0714ecc5c5ab634.htm,dbo,SXARCMAbstractUDDIConfig,SXARCMAbstractUDDIConfig,SXARCMAb
dbo.SXARCMAbstractVisitDetail,Tbl_62fac413404b4e21a75e0591751b36c1.htm,dbo,SXARCMAbstractVisitDetail,SXARCMAbstractVisitDetail,SXARCMAb
dbo.SXARCMAbstractVisitReason,Tbl_4ab83c2450a54ca0be6b434a7cb50c10.htm,dbo,SXARCMAbstractVisitReason,SXARCMAbstractVisitReason,SXARCMAb
dbo.SXARCMAbstractVisitReasonMapping,Tbl_728111905054444683aa043194a37420.htm,dbo,SXARCMAbstractVisitReasonMapping,SXARCMAbstractVisitReasonMapping,SXARCMAb
dbo.SXARCMAbstractWoundClass,Tbl_bd98dc2c8f14411b809574a35880133b.htm,dbo,SXARCMAbstractWoundClass,SXARCMAbstractWoundClass,SXARCMAb
dbo.SXARCMAccommodationCareLevel,Tbl_5d210e148e9547569c32b1673dd05666.htm,dbo,SXARCMAccommodationCareLevel,SXARCMAccommodationCareLevel,SXARCMAc
dbo.SXARCMAccountingPeriod,Tbl_102d1ead14334ed087dbd72a57259809.htm,dbo,SXARCMAccountingPeriod,SXARCMAccountingPeriod,SXARCMAc
dbo.SXARCMAccountingPeriodConfig,Tbl_8a7a8154755a46f89c1458368b4fd8d1.htm,dbo,SXARCMAccountingPeriodConfig,SXARCMAccountingPeriodConfig,SXARCMAc
dbo.SXARCMAccountingPeriodIntervalConfig,Tbl_2b92bc89e97a483ebfec13303ae78b1f.htm,dbo,SXARCMAccountingPeriodIntervalConfig,SXARCMAccountingPeriodIntervalConfig,SXARCMAc
dbo.SXARCMAccountingPeriodStatus,Tbl_5f62612064da4042b4e60f94c88fadba.htm,dbo,SXARCMAccountingPeriodStatus,SXARCMAccountingPeriodStatus,SXARCMAc
dbo.SXARCMAccountingPeriodTransactionXREF,Tbl_6cebc7fc83384c26b8ef2bce4456b82d.htm,dbo,SXARCMAccountingPeriodTransactionXREF,SXARCMAccountingPeriodTransactionXREF,SXARCMAc
dbo.SXARCMAccountingYear,Tbl_4cee719240244237a7b67428bb983df6.htm,dbo,SXARCMAccountingYear,SXARCMAccountingYear,SXARCMAc
dbo.SXARCMActivityCode,Tbl_bd12efdb2e3d443a932c0edd48ee7528.htm,dbo,SXARCMActivityCode,SXARCMActivityCode,SXARCMAc
dbo.SXARCMActivityCodeCategory,Tbl_38f83f2745534a79880b3d81c47e16d0.htm,dbo,SXARCMActivityCodeCategory,SXARCMActivityCodeCategory,SXARCMAc
dbo.SXARCMActivityCodeReceivableAssetXREF,Tbl_67d9dc4a1b0b4abcb1a8012bb988969c.htm,dbo,SXARCMActivityCodeReceivableAssetXREF,SXARCMActivityCodeReceivableAssetXREF,SXARCMAc
dbo.SXARCMActivityDelayJob,Tbl_aa20bf1de43b4eae9309369cc079b819.htm,dbo,SXARCMActivityDelayJob,SXARCMActivityDelayJob,SXARCMAc
dbo.SXARCMAdditionalClaimData,Tbl_701c956096b74cf7877707130454fbe7.htm,dbo,SXARCMAdditionalClaimData,SXARCMAdditionalClaimData,SXARCMAd
dbo.SXARCMAddress,Tbl_4575a60d0841417290c444a47813e23c.htm,dbo,SXARCMAddress,SXARCMAddress,SXARCMAd
dbo.SXARCMAgencyFacilityCode,Tbl_add3f648cdae4fe08e2385c61cb68d34.htm,dbo,SXARCMAgencyFacilityCode,SXARCMAgencyFacilityCode,SXARCMAg
dbo.SXARCMAgencySetup,Tbl_3f383d4b15ee4a69a9bed2c731d5f5af.htm,dbo,SXARCMAgencySetup,SXARCMAgencySetup,SXARCMAg
dbo.SXARCMAnesthesiaAgent,Tbl_b24a78a327464bd5828039eb58dd0ea5.htm,dbo,SXARCMAnesthesiaAgent,SXARCMAnesthesiaAgent,SXARCMAn
dbo.SXARCMAnesthesiaType,Tbl_4f202a725a5947ea98764d69581b3a3e.htm,dbo,SXARCMAnesthesiaType,SXARCMAnesthesiaType,SXARCMAn
dbo.SXARCMApplicationActivation,Tbl_d80673dc989a43eeb747c00b65a3d4de.htm,dbo,SXARCMApplicationActivation,SXARCMApplicationActivation,SXARCMAp
dbo.SXARCMApplicationActivationInformation,Tbl_228f2386031f41fd8b0ce3250357aafe.htm,dbo,SXARCMApplicationActivationInformation,SXARCMApplicationActivationInformation,SXARCMAp
dbo.SXARCMAssetLockDetail,Tbl_f91978c33b2c4123bbf25e2d7811ea37.htm,dbo,SXARCMAssetLockDetail,SXARCMAssetLockDetail,SXARCMAs
dbo.SXARCMAssetReceivableAssetOption,Tbl_642172865c164d519fd49029e758ac0e.htm,dbo,SXARCMAssetReceivableAssetOption,SXARCMAssetReceivableAssetOption,SXARCMAs
dbo.SXARCMAssetReceivableConfigExtXREF,Tbl_df4b7d57406b424d9248db640c7007af.htm,dbo,SXARCMAssetReceivableConfigExtXREF,SXARCMAssetReceivableConfigExtXREF,SXARCMAs
dbo.SXARCMAssetReceivableExtendable,Tbl_7bc84e4be3aa47b3854351ef70e3182d.htm,dbo,SXARCMAssetReceivableExtendable,SXARCMAssetReceivableExtendable,SXARCMAs
dbo.SXARCMAssetReceivableField,Tbl_cca4617d2e494f558dc457915d73111e.htm,dbo,SXARCMAssetReceivableField,SXARCMAssetReceivableField,SXARCMAs
dbo.SXARCMAssetReceivableOptionExtXREf,Tbl_22e6ce84ed9547d98c0ddbc08a7ba949.htm,dbo,SXARCMAssetReceivableOptionExtXREf,SXARCMAssetReceivableOptionExtXREf,SXARCMAs
dbo.SXARCMAssetReceivableSortOrderDetail,Tbl_131a4e2ee0e64b44bc2fcfad3e1fc138.htm,dbo,SXARCMAssetReceivableSortOrderDetail,SXARCMAssetReceivableSortOrderDetail,SXARCMAs
dbo.SXARCMAssetReceivableType,Tbl_88b35d85292b4ed286e0682104afbb66.htm,dbo,SXARCMAssetReceivableType,SXARCMAssetReceivableType,SXARCMAs
dbo.SXARCMAssetReceivableTypeFieldXREF,Tbl_422e9b8fa7b049f49274ec7a73e98b72.htm,dbo,SXARCMAssetReceivableTypeFieldXREF,SXARCMAssetReceivableTypeFieldXREF,SXARCMAs
dbo.SXARCMAssetSortValue,Tbl_9c95eec0f4e446abbc76d1fa6865fd39.htm,dbo,SXARCMAssetSortValue,SXARCMAssetSortValue,SXARCMAs
dbo.SXARCMAuditViewerConfiguration,Tbl_bc769c4028cf4f55a62e3d0a99e41c76.htm,dbo,SXARCMAuditViewerConfiguration,SXARCMAuditViewerConfiguration,SXARCMAu
dbo.SXARCMAuthorizationStatusDictionary,Tbl_32e11bfbc0394ba3a0e8d97c1ace58a1.htm,dbo,SXARCMAuthorizationStatusDictionary,SXARCMAuthorizationStatusDictionary,SXARCMAu
dbo.SXARCMAutoInterimCycleType,Tbl_e3da5a927f924ccd9e21258e2a512210.htm,dbo,SXARCMAutoInterimCycleType,SXARCMAutoInterimCycleType,SXARCMAu
dbo.SXARCMBPFrequencyProgressionAccountGroupXREF,Tbl_127660d33ad34dd19afec79d16108646.htm,dbo,SXARCMBPFrequencyProgressionAccountGroupXREF,SXARCMBPFrequencyProgressionAccountGroupXREF,SXARCMBP
dbo.SXARCMBPFrequencyProgressionFacilityXREF,Tbl_eccecb90f15f4d548189ae132bc59b6f.htm,dbo,SXARCMBPFrequencyProgressionFacilityXREF,SXARCMBPFrequencyProgressionFacilityXREF,SXARCMBP
dbo.SXARCMBPFrequencyProgressionFinancialClassXREF,Tbl_4c28825a31a6456eb2c89298d6648d49.htm,dbo,SXARCMBPFrequencyProgressionFinancialClassXREF,SXARCMBPFrequencyProgressionFinancialClassXREF,SXARCMBP
dbo.SXARCMBadDebtMoveInOutHistory,Tbl_a280b387549d47c3b77f6fb9fdab00dd.htm,dbo,SXARCMBadDebtMoveInOutHistory,SXARCMBadDebtMoveInOutHistory,SXARCMBa
dbo.SXARCMBalanceForwardType,Tbl_f33ec3c5fc2d4ef28b656f0fbd02d4ff.htm,dbo,SXARCMBalanceForwardType,SXARCMBalanceForwardType,SXARCMBa
dbo.SXARCMBatchEntity,Tbl_660d419c98824e67b6739ba09133339d.htm,dbo,SXARCMBatchEntity,SXARCMBatchEntity,SXARCMBa
dbo.SXARCMBatchSource,Tbl_2ff250f9face4fb8880c0e1bc7eb71da.htm,dbo,SXARCMBatchSource,SXARCMBatchSource,SXARCMBa
dbo.SXARCMBatchStatus,Tbl_e39ed51b5fdb466e8244c4bf586e1b07.htm,dbo,SXARCMBatchStatus,SXARCMBatchStatus,SXARCMBa
dbo.SXARCMBatchType,Tbl_bbdce1f9d007464bb4739cd84eee8981.htm,dbo,SXARCMBatchType,SXARCMBatchType,SXARCMBa
dbo.SXARCMBillingCode,Tbl_ef230f3a882049828d5a1bd86f27b9e9.htm,dbo,SXARCMBillingCode,SXARCMBillingCode,SXARCMBi
dbo.SXARCMBillingCodeConfiguration,Tbl_547bbe7b3b0b48f8ba7b3ddfbca862ff.htm,dbo,SXARCMBillingCodeConfiguration,SXARCMBillingCodeConfiguration,SXARCMBi
dbo.SXARCMBillingCodeGroup,Tbl_4138727b00704e2bb5cb5d3eef12a7d3.htm,dbo,SXARCMBillingCodeGroup,SXARCMBillingCodeGroup,SXARCMBi
dbo.SXARCMBillingCodeGroupXRef,Tbl_6dc3864a684b47e582d0203ae95893c2.htm,dbo,SXARCMBillingCodeGroupXRef,SXARCMBillingCodeGroupXRef,SXARCMBi
dbo.SXARCMBillingCodeType,Tbl_92c046dfb2444d329cde9b5e3fe3474b.htm,dbo,SXARCMBillingCodeType,SXARCMBillingCodeType,SXARCMBi
dbo.SXARCMBillingIdentifierIDTypeTranslation,Tbl_8cf02b848d75497884eaa77237c31005.htm,dbo,SXARCMBillingIdentifierIDTypeTranslation,SXARCMBillingIdentifierIDTypeTranslation,SXARCMBi
dbo.SXARCMBillingIntervalOption,Tbl_0327c1cd668e4d1196ec02af296ae486.htm,dbo,SXARCMBillingIntervalOption,SXARCMBillingIntervalOption,SXARCMBi
dbo.SXARCMBillingModifier,Tbl_ab0cbfa534f847f89220d4ed49f37656.htm,dbo,SXARCMBillingModifier,SXARCMBillingModifier,SXARCMBi
dbo.SXARCMBillingProcessOption,Tbl_89f68e6be23644418dc3c96256eb4933.htm,dbo,SXARCMBillingProcessOption,SXARCMBillingProcessOption,SXARCMBi
dbo.SXARCMBillingProviderSpecialty,Tbl_bef53e7519374d928992018934abb509.htm,dbo,SXARCMBillingProviderSpecialty,SXARCMBillingProviderSpecialty,SXARCMBi
dbo.SXARCMBillingRequestClass,Tbl_5ed6e845598144dc8fecf6dbfe59cc3f.htm,dbo,SXARCMBillingRequestClass,SXARCMBillingRequestClass,SXARCMBi
dbo.SXARCMBillingRequestGroupStatus,Tbl_740481d0171c46e88f7d29b5869b9c7a.htm,dbo,SXARCMBillingRequestGroupStatus,SXARCMBillingRequestGroupStatus,SXARCMBi
dbo.SXARCMBillingRequestPeriod,Tbl_88233c5612614a08b6bb0ad4816472ba.htm,dbo,SXARCMBillingRequestPeriod,SXARCMBillingRequestPeriod,SXARCMBi
dbo.SXARCMBillingRequestStatusType,Tbl_b97f5722a6904cbb8a9ae08077d38e59.htm,dbo,SXARCMBillingRequestStatusType,SXARCMBillingRequestStatusType,SXARCMBi
dbo.SXARCMBillingRequestType,Tbl_369355c95d8449cb88eddd659276e82e.htm,dbo,SXARCMBillingRequestType,SXARCMBillingRequestType,SXARCMBi
dbo.SXARCMBudgetPlanDictionary,Tbl_35bc274c6d474385a52d5e94a1602e78.htm,dbo,SXARCMBudgetPlanDictionary,SXARCMBudgetPlanDictionary,SXARCMBu
dbo.SXARCMBudgetPlanFrequencyProgression,Tbl_fccf61f4a20d498e9fca953618426eb3.htm,dbo,SXARCMBudgetPlanFrequencyProgression,SXARCMBudgetPlanFrequencyProgression,SXARCMBu
dbo.SXARCMBudgetPlanXREF,Tbl_d55e2cd3615349709eb27d0b33fc9c9f.htm,dbo,SXARCMBudgetPlanXREF,SXARCMBudgetPlanXREF,SXARCMBu
dbo.SXARCMBulkAction,Tbl_4c3a3ff8bcf4403080651ccfaa81a544.htm,dbo,SXARCMBulkAction,SXARCMBulkAction,SXARCMBu
dbo.SXARCMBulkActionEntityContextXref,Tbl_c46e87dad72c4525ae4f93574a5c5d50.htm,dbo,SXARCMBulkActionEntityContextXref,SXARCMBulkActionEntityContextXref,SXARCMBu
dbo.SXARCMBusinessCategory,Tbl_320ed664a6e446d2b74fe8079332a200.htm,dbo,SXARCMBusinessCategory,SXARCMBusinessCategory,SXARCMBu
dbo.SXARCMCPTHCPCSCategoryDictionary,Tbl_23bc231caa684eb4a7a3973f126b5613.htm,dbo,SXARCMCPTHCPCSCategoryDictionary,SXARCMCPTHCPCSCategoryDictionary,SXARCMCP
dbo.SXARCMCV3Location,Tbl_d09074decac742c89e4a10d240605265.htm,dbo,SXARCMCV3Location,SXARCMCV3,SXARCMCV
dbo.SXARCMCareLevel,Tbl_c7d0973126f94a57aadeb3222e8b5878.htm,dbo,SXARCMCareLevel,SXARCMCareLevel,SXARCMCa
dbo.SXARCMChangeFinClassConfig,Tbl_757b2998a2344a7fa299e76d79f04915.htm,dbo,SXARCMChangeFinClassConfig,SXARCMChangeFinClassConfig,SXARCMCh
dbo.SXARCMChangeFinClassConfigType,Tbl_59e1695cdc0f459380a93f8c1ead9ae4.htm,dbo,SXARCMChangeFinClassConfigType,SXARCMChangeFinClassConfigType,SXARCMCh
dbo.SXARCMChangeReason,Tbl_524fcb7b29b04b7b8f45eb5b07d508c3.htm,dbo,SXARCMChangeReason,SXARCMChangeReason,SXARCMCh
dbo.SXARCMChangeReasonType,Tbl_b0f3268713e44eedb2bb96ccb6d2b99a.htm,dbo,SXARCMChangeReasonType,SXARCMChangeReasonType,SXARCMCh
dbo.SXARCMChargeAmbSupplementalInfo,Tbl_a0c885df078249519de69d908eeeec99.htm,dbo,SXARCMChargeAmbSupplementalInfo,SXARCMChargeAmbSupplementalInfo,SXARCMCh
dbo.SXARCMChargeAnesthesia,Tbl_7515fa63ed0d4ca3bfc7501e57c5ec6a.htm,dbo,SXARCMChargeAnesthesia,SXARCMChargeAnesthesia,SXARCMCh
dbo.SXARCMChargeDental,Tbl_4c125f63a19f4be6896dd21e27f1ae36.htm,dbo,SXARCMChargeDental,SXARCMChargeDental,SXARCMCh
dbo.SXARCMChargeDentalToothSurfaceXREF,Tbl_632ecea3c9db465081ffef57996e1f0b.htm,dbo,SXARCMChargeDentalToothSurfaceXREF,SXARCMChargeDentalToothSurfaceXREF,SXARCMCh
dbo.SXARCMChargeDrugInfo,Tbl_34ad28f089484f85a820908f45f9cf22.htm,dbo,SXARCMChargeDrugInfo,SXARCMChargeDrugInfo,SXARCMCh
dbo.SXARCMChargeEventCondition,Tbl_61f46acd469b4458bf377e7efc926135.htm,dbo,SXARCMChargeEventCondition,SXARCMChargeEventCondition,SXARCMCh
dbo.SXARCMChargeIntervalDictionary,Tbl_aae03887f4df4313b35eb1dcc4907940.htm,dbo,SXARCMChargeIntervalDictionary,SXARCMChargeIntervalDictionary,SXARCMCh
dbo.SXARCMChargeSummOverrideRevCodeSrvUnitsToOne,Tbl_1b995a6b591149edbeda0cdeab2b37a1.htm,dbo,SXARCMChargeSummOverrideRevCodeSrvUnitsToOne,SXARCMChargeSummOverrideRevCodeSrvUnitsToOne,SXARCMCh
dbo.SXARCMChargeSummarizationRevenueCodeConfiguration,Tbl_2add29baafb0456ba5e93800337e6e61.htm,dbo,SXARCMChargeSummarizationRevenueCodeConfiguration,SXARCMChargeSummarizationRevenueCodeConfiguration,SXARCMCh
dbo.SXARCMChargeSummaryAIRConfig,Tbl_093f0142e74345ff9ba9df7b4dad4c3f.htm,dbo,SXARCMChargeSummaryAIRConfig,SXARCMChargeSummaryAIRConfig,SXARCMCh
dbo.SXARCMChargeSummaryConfig,Tbl_a8912c7c4ae441d781c1106c1622f29a.htm,dbo,SXARCMChargeSummaryConfig,SXARCMChargeSummaryConfig,SXARCMCh
dbo.SXARCMChargeSummaryExceptionConfig,Tbl_057f8b02dffd449f97511b49a97f198c.htm,dbo,SXARCMChargeSummaryExceptionConfig,SXARCMChargeSummaryExceptionConfig,SXARCMCh
dbo.SXARCMChargeSummaryRHCModifier,Tbl_e0cd4da38a1640d79b9dcb3c608c6f3c.htm,dbo,SXARCMChargeSummaryRHCModifier,SXARCMChargeSummaryRHCModifier,SXARCMCh
dbo.SXARCMChargeTransaction,Tbl_cec872841042473b84f171fedca6d2d9.htm,dbo,SXARCMChargeTransaction,SXARCMChargeTransaction,SXARCMCh
dbo.SXARCMChargeTransactionOverrideAddlInfo,Tbl_0174df3ddf934434af8697129a9ce039.htm,dbo,SXARCMChargeTransactionOverrideAddlInfo,SXARCMChargeTransactionOverrideAddlInfo,SXARCMCh
dbo.SXARCMChargeTransactionOverrideProvider,Tbl_2f4c18c9de3e4f81b28bee8ce5730af4.htm,dbo,SXARCMChargeTransactionOverrideProvider,SXARCMChargeTransactionOverrideProvider,SXARCMCh
dbo.SXARCMChargeType,Tbl_4b38264c0a284fd4b28150814801b03a.htm,dbo,SXARCMChargeType,SXARCMChargeType,SXARCMCh
dbo.SXARCMClaim,Tbl_812a7827bd1e494c810817779967ccb1.htm,dbo,SXARCMClaim,SXARCMClaim,SXARCMCl
dbo.SXARCMClaimAdditionalInformation,Tbl_37fbe8de3cfe4599a81e65dbf3228d69.htm,dbo,SXARCMClaimAdditionalInformation,SXARCMClaimAdditionalInformation,SXARCMCl
dbo.SXARCMClaimAdjustField,Tbl_c71bc244cd4a404ba0983668d91c5080.htm,dbo,SXARCMClaimAdjustField,SXARCMClaimAdjustField,SXARCMCl
dbo.SXARCMClaimAdjustPaperOnlyField,Tbl_9250403677ff43bc9114b33c5a907392.htm,dbo,SXARCMClaimAdjustPaperOnlyField,SXARCMClaimAdjustPaperOnlyField,SXARCMCl
dbo.SXARCMClaimAdjustTemplate,Tbl_27669e7876ea4616a6f7042651a3e71e.htm,dbo,SXARCMClaimAdjustTemplate,SXARCMClaimAdjustTemplate,SXARCMCl
dbo.SXARCMClaimAdjustmentGroupCode,Tbl_5b017acc1ddb4aaf9f40d9771fe32996.htm,dbo,SXARCMClaimAdjustmentGroupCode,SXARCMClaimAdjustmentGroupCode,SXARCMCl
dbo.SXARCMClaimAdjustmentReason,Tbl_c68597129222443588127749111511be.htm,dbo,SXARCMClaimAdjustmentReason,SXARCMClaimAdjustmentReason,SXARCMCl
dbo.SXARCMClaimAdjustmentReasonCodeDictionary,Tbl_7142b30f0ad747a882137cfe308f91e9.htm,dbo,SXARCMClaimAdjustmentReasonCodeDictionary,SXARCMClaimAdjustmentReasonCodeDictionary,SXARCMCl
dbo.SXARCMClaimAdjustmentReasonCodeDictionaryDetails,Tbl_25703876d0444e6dac855dccab831339.htm,dbo,SXARCMClaimAdjustmentReasonCodeDictionaryDetails,SXARCMClaimAdjustmentReasonCodeDictionaryDetails,SXARCMCl
dbo.SXARCMClaimAllocation,Tbl_d3510b858d194e4f94c28806b135a0b1.htm,dbo,SXARCMClaimAllocation,SXARCMClaimAllocation,SXARCMCl
dbo.SXARCMClaimAllocationAdjustmentReason,Tbl_2bc34b8b8f7942eda6ce596eb0e28669.htm,dbo,SXARCMClaimAllocationAdjustmentReason,SXARCMClaimAllocationAdjustmentReason,SXARCMCl
dbo.SXARCMClaimAttachmentReportTypeCode,Tbl_41e57abba2a94dfa95586548538af2b2.htm,dbo,SXARCMClaimAttachmentReportTypeCode,SXARCMClaimAttachmentReportTypeCode,SXARCMCl
dbo.SXARCMClaimAttachmentTransmissionCode,Tbl_98f1e8469bd9481d84d36422bc8b93b2.htm,dbo,SXARCMClaimAttachmentTransmissionCode,SXARCMClaimAttachmentTransmissionCode,SXARCMCl
dbo.SXARCMClaimBillingNote,Tbl_05ba2c7dbd82462fae67c1af27f89749.htm,dbo,SXARCMClaimBillingNote,SXARCMClaimBillingNote,SXARCMCl
dbo.SXARCMClaimBreak,Tbl_62818c5ff8064719becafb019d9a5e2b.htm,dbo,SXARCMClaimBreak,SXARCMClaimBreak,SXARCMCl
dbo.SXARCMClaimBreakExceptionConfig,Tbl_18b4ad534509488ba350828139b0bafe.htm,dbo,SXARCMClaimBreakExceptionConfig,SXARCMClaimBreakExceptionConfig,SXARCMCl
dbo.SXARCMClaimDataTransformationDetail,Tbl_b033aee6332c4d9dbcf6b3197aa0c0ca.htm,dbo,SXARCMClaimDataTransformationDetail,SXARCMClaimDataTransformationDetail,SXARCMCl
dbo.SXARCMClaimDataTransformationMaster,Tbl_aa175384205549ca8183f5f5d5d466ec.htm,dbo,SXARCMClaimDataTransformationMaster,SXARCMClaimDataTransformationMaster,SXARCMCl
dbo.SXARCMClaimEDIData,Tbl_5354aeb51f0f4114ba360876cc1b932a.htm,dbo,SXARCMClaimEDIData,SXARCMClaimEDIData,SXARCMCl
dbo.SXARCMClaimERAdjustment,Tbl_bf6a60d585e643c8a43ca1d01297bd22.htm,dbo,SXARCMClaimERAdjustment,SXARCMClaimERAdjustment,SXARCMCl
dbo.SXARCMClaimEdit,Tbl_0ef1791719cd4b4fb25d0064ef1e3b92.htm,dbo,SXARCMClaimEdit,SXARCMClaimEdit,SXARCMCl
dbo.SXARCMClaimEditCategory,Tbl_b7f66478825f4103928f260a37952f7b.htm,dbo,SXARCMClaimEditCategory,SXARCMClaimEditCategory,SXARCMCl
dbo.SXARCMClaimEditCategoryExternalMapping,Tbl_e0a7f4b7809744649eda927c4e188317.htm,dbo,SXARCMClaimEditCategoryExternalMapping,SXARCMClaimEditCategoryExternalMapping,SXARCMCl
dbo.SXARCMClaimEditGroupDetail,Tbl_e90b7ab658d540218ceb682a46b68f83.htm,dbo,SXARCMClaimEditGroupDetail,SXARCMClaimEditGroupDetail,SXARCMCl
dbo.SXARCMClaimEditGroupMaster,Tbl_61b82648d1f54a7a97974e2cdaf7fa69.htm,dbo,SXARCMClaimEditGroupMaster,SXARCMClaimEditGroupMaster,SXARCMCl
dbo.SXARCMClaimEditSubCategory,Tbl_17089b473e0c4a0881e23d4b5c3eba8b.htm,dbo,SXARCMClaimEditSubCategory,SXARCMClaimEditSubCategory,SXARCMCl
dbo.SXARCMClaimEditXref,Tbl_413da39852a84e03abcf684fdd96d31b.htm,dbo,SXARCMClaimEditXref,SXARCMClaimEditXref,SXARCMCl
dbo.SXARCMClaimFieldConversion,Tbl_5312e3e9410b4a4cb57c644324e42ef7.htm,dbo,SXARCMClaimFieldConversion,SXARCMClaimFieldConversion,SXARCMCl
dbo.SXARCMClaimFieldDetail,Tbl_d5f4ce3844f74f639949c7165ea87c27.htm,dbo,SXARCMClaimFieldDetail,SXARCMClaimFieldDetail,SXARCMCl
dbo.SXARCMClaimFieldFormatType,Tbl_8506bb05063644a3a670190a8da41515.htm,dbo,SXARCMClaimFieldFormatType,SXARCMClaimFieldFormatType,SXARCMCl
dbo.SXARCMClaimFieldFormatTypeGroup,Tbl_eda948fde7854ba9b59bbd8cf17da58b.htm,dbo,SXARCMClaimFieldFormatTypeGroup,SXARCMClaimFieldFormatTypeGroup,SXARCMCl
dbo.SXARCMClaimFieldFormatTypeGroupXREF,Tbl_518698013aeb43e5b1f3a41162a6547a.htm,dbo,SXARCMClaimFieldFormatTypeGroupXREF,SXARCMClaimFieldFormatTypeGroupXREF,SXARCMCl
dbo.SXARCMClaimFieldMaster,Tbl_07ed69d16f614bea8e98140e1490b536.htm,dbo,SXARCMClaimFieldMaster,SXARCMClaimFieldMaster,SXARCMCl
dbo.SXARCMClaimFieldMultiLineSource,Tbl_c3550c704f0c4c2d9bfd0fddc3787c3f.htm,dbo,SXARCMClaimFieldMultiLineSource,SXARCMClaimFieldMultiLineSource,SXARCMCl
dbo.SXARCMClaimFieldMultiSource,Tbl_fd170ba588f341b8a07b28b9a4e9793f.htm,dbo,SXARCMClaimFieldMultiSource,SXARCMClaimFieldMultiSource,SXARCMCl
dbo.SXARCMClaimFieldValue,Tbl_91a01d7b09074fd1804501d446a9e339.htm,dbo,SXARCMClaimFieldValue,SXARCMClaimFieldValue,SXARCMCl
dbo.SXARCMClaimFieldValueOption,Tbl_c67d9be087d944628fc4361551202cca.htm,dbo,SXARCMClaimFieldValueOption,SXARCMClaimFieldValueOption,SXARCMCl
dbo.SXARCMClaimFieldValueStateCodeXREF,Tbl_3e6aa88cfba34e60aa56ff9361ea4dd3.htm,dbo,SXARCMClaimFieldValueStateCodeXREF,SXARCMClaimFieldValueStateCodeXREF,SXARCMCl
dbo.SXARCMClaimFieldValueType,Tbl_b2ad18209fa143ffa13a042830d9dc06.htm,dbo,SXARCMClaimFieldValueType,SXARCMClaimFieldValueType,SXARCMCl
dbo.SXARCMClaimFilingIndicator,Tbl_96333d1166a244f58d674a0b72206ff7.htm,dbo,SXARCMClaimFilingIndicator,SXARCMClaimFilingIndicator,SXARCMCl
dbo.SXARCMClaimFormLayoutLocatorMapping,Tbl_46b95a50fa86414883ac132937c6ae00.htm,dbo,SXARCMClaimFormLayoutLocatorMapping,SXARCMClaimFormLayoutLocatorMapping,SXARCMCl
dbo.SXARCMClaimFormat,Tbl_d82cc216e66f42629dbf2a2d16ca1ede.htm,dbo,SXARCMClaimFormat,SXARCMClaimFormat,SXARCMCl
dbo.SXARCMClaimFormatColumnAlias,Tbl_026a2760e9b04f4e8acafcdf52cfb357.htm,dbo,SXARCMClaimFormatColumnAlias,SXARCMClaimFormatColumnAlias,SXARCMCl
dbo.SXARCMClaimFormatLayout,Tbl_2072d8e350f846319632ba73eb19734f.htm,dbo,SXARCMClaimFormatLayout,SXARCMClaimFormatLayout,SXARCMCl
dbo.SXARCMClaimFormatLayoutXREF,Tbl_bef5a994ceec46d3bf52bb3cacfe31c4.htm,dbo,SXARCMClaimFormatLayoutXREF,SXARCMClaimFormatLayoutXREF,SXARCMCl
dbo.SXARCMClaimFormatValidationTemplateXref,Tbl_64ed889b845c4aac996dc824141f78b0.htm,dbo,SXARCMClaimFormatValidationTemplateXref,SXARCMClaimFormatValidationTemplateXref,SXARCMCl
dbo.SXARCMClaimFrequencyCode,Tbl_ded82753785e446f8d5ae62a6c781ce9.htm,dbo,SXARCMClaimFrequencyCode,SXARCMClaimFrequencyCode,SXARCMCl
dbo.SXARCMClaimIDNumber,Tbl_b2726eb19c534773ba3d924f8c2e66e6.htm,dbo,SXARCMClaimIDNumber,SXARCMClaimIDNumber,SXARCMCl
dbo.SXARCMClaimLine,Tbl_6513ebcb10384aec9177196a185ff5c3.htm,dbo,SXARCMClaimLine,SXARCMClaimLine,SXARCMCl
dbo.SXARCMClaimLinePaymentAssociation,Tbl_3f5a8550b3cc4cceb37ffe4a7f09247e.htm,dbo,SXARCMClaimLinePaymentAssociation,SXARCMClaimLinePaymentAssociation,SXARCMCl
dbo.SXARCMClaimLinePaymentAssociationAdjudication,Tbl_7e48294a2e6341b6a1e3cd4baf071283.htm,dbo,SXARCMClaimLinePaymentAssociationAdjudication,SXARCMClaimLinePaymentAssociationAdjudication,SXARCMCl
dbo.SXARCMClaimNodeType,Tbl_826ef11b80f04a6691c53901e6268a35.htm,dbo,SXARCMClaimNodeType,SXARCMClaimNodeType,SXARCMCl
dbo.SXARCMClaimPaymentAssociation,Tbl_1f563c179b5646efb2618d3b9b64d65d.htm,dbo,SXARCMClaimPaymentAssociation,SXARCMClaimPaymentAssociation,SXARCMCl
dbo.SXARCMClaimPaymentAssociationAdjudication,Tbl_96398b68fd064e75a7b226b2b3f40bbf.htm,dbo,SXARCMClaimPaymentAssociationAdjudication,SXARCMClaimPaymentAssociationAdjudication,SXARCMCl
dbo.SXARCMClaimPrint,Tbl_6cd1d704c6c44123bbdc7b8b5dca9277.htm,dbo,SXARCMClaimPrint,SXARCMClaimPrint,SXARCMCl
dbo.SXARCMClaimPrintConfig,Tbl_da0e90c453b84170979583d378a9b885.htm,dbo,SXARCMClaimPrintConfig,SXARCMClaimPrintConfig,SXARCMCl
dbo.SXARCMClaimPrintDataFormat,Tbl_748bb958c1ca4c5eb5a7aff8c1e2a0e5.htm,dbo,SXARCMClaimPrintDataFormat,SXARCMClaimPrintDataFormat,SXARCMCl
dbo.SXARCMClaimPrintFormLocatorMaster,Tbl_7fc37545aebe4f2db6e98131f2f2b4c4.htm,dbo,SXARCMClaimPrintFormLocatorMaster,SXARCMClaimPrintFormLocatorMaster,SXARCMCl
dbo.SXARCMClaimQualifier,Tbl_2f6251b711f3472b9137366319f49a2b.htm,dbo,SXARCMClaimQualifier,SXARCMClaimQualifier,SXARCMCl
dbo.SXARCMClaimQueue,Tbl_569327fd4fd046208555acb3cc1be9f3.htm,dbo,SXARCMClaimQueue,SXARCMClaimQueue,SXARCMCl
dbo.SXARCMClaimQueueType,Tbl_5db26dd490c542f587e7f02c5691411e.htm,dbo,SXARCMClaimQueueType,SXARCMClaimQueueType,SXARCMCl
dbo.SXARCMClaimResubmission,Tbl_aae6fdb50cef45678f7eb7b733ab3417.htm,dbo,SXARCMClaimResubmission,SXARCMClaimResubmission,SXARCMCl
dbo.SXARCMClaimSeverity,Tbl_8a1ebb79ae6f44ecb19c79fe3532c1ef.htm,dbo,SXARCMClaimSeverity,SXARCMClaimSeverity,SXARCMCl
dbo.SXARCMClaimValidationTemplate,Tbl_027e8d30281c45b28f22042984715ba2.htm,dbo,SXARCMClaimValidationTemplate,SXARCMClaimValidationTemplate,SXARCMCl
dbo.SXARCMClaimWorksheetBillingCodes,Tbl_a1d13f77989645489e43647447a68d3b.htm,dbo,SXARCMClaimWorksheetBillingCodes,SXARCMClaimWorksheetBillingCodes,SXARCMCl
dbo.SXARCMClaimWorksheetGroup,Tbl_ea8c4da489544b05ad023387180f31fc.htm,dbo,SXARCMClaimWorksheetGroup,SXARCMClaimWorksheetGroup,SXARCMCl
dbo.SXARCMClaimWorksheetGroupWorksheetXref,Tbl_02ff8f1927c34beca8308e944eb856a1.htm,dbo,SXARCMClaimWorksheetGroupWorksheetXref,SXARCMClaimWorksheetGroupWorksheetXref,SXARCMCl
dbo.SXARCMCodeTranslationDetails,Tbl_cf5bb4eb466a4691bcb1b75dabc56a1b.htm,dbo,SXARCMCodeTranslationDetails,SXARCMCodeTranslationDetails,SXARCMCo
dbo.SXARCMCodeTranslationImportInterMediate,Tbl_4707b344a7d54622bb0e5a0f955fa226.htm,dbo,SXARCMCodeTranslationImportInterMediate,SXARCMCodeTranslationImportInterMediate,SXARCMCo
dbo.SXARCMCodeTranslationMaster,Tbl_214cfa776b944142948cd9092b671d4e.htm,dbo,SXARCMCodeTranslationMaster,SXARCMCodeTranslationMaster,SXARCMCo
dbo.SXARCMCodeTranslationTable,Tbl_abe3691f10654bfda7f84ca85f208f3e.htm,dbo,SXARCMCodeTranslationTable,SXARCMCodeTranslationTable,SXARCMCo
dbo.SXARCMCodeType,Tbl_38bdb072929540c282b62b438bf4d5c3.htm,dbo,SXARCMCodeType,SXARCMCodeType,SXARCMCo
dbo.SXARCMCollectionLevelProcessingOverrideMessageXREF,Tbl_cb31f9ea33a64aeb87af1dd66dc0081b.htm,dbo,SXARCMCollectionLevelProcessingOverrideMessageXREF,SXARCMCollectionLevelProcessingOverrideMessageXREF,SXARCMCo
dbo.SXARCMCollectionLevelProcessingOverrideXREF,Tbl_3bd4b73d15cd49d6b881fd889c9a3720.htm,dbo,SXARCMCollectionLevelProcessingOverrideXREF,SXARCMCollectionLevelProcessingOverrideXREF,SXARCMCo
dbo.SXARCMCollectionLevelProgressionRule,Tbl_da87dc30546f442f8f4676a9d34682aa.htm,dbo,SXARCMCollectionLevelProgressionRule,SXARCMCollectionLevelProgressionRule,SXARCMCo
dbo.SXARCMCollectionLevelProgressionRuleReportXREF,Tbl_108026a015a746ec93d22d36fa6ba552.htm,dbo,SXARCMCollectionLevelProgressionRuleReportXREF,SXARCMCollectionLevelProgressionRuleReportXREF,SXARCMCo
dbo.SXARCMConfigMenu,Tbl_2baf416f81224829826298032cfc0698.htm,dbo,SXARCMConfigMenu,SXARCMConfigMenu,SXARCMCo
dbo.SXARCMContent,Tbl_480cd961da724e5aac5dd064590c2b7a.htm,dbo,SXARCMContent,SXARCMContent,SXARCMCo
dbo.SXARCMContentAccountGroupFacilityCode,Tbl_27102f18194f43f0a124bd0649eec76c.htm,dbo,SXARCMContentAccountGroupFacilityCode,SXARCMContentAccountGroupFacilityCode,SXARCMCo
dbo.SXARCMContentTranslationMappingEntry,Tbl_bcf165759bab4fa98c957632ef07be55.htm,dbo,SXARCMContentTranslationMappingEntry,SXARCMContentTranslationMappingEntry,SXARCMCo
dbo.SXARCMContentTranslationMasterCodeEntry,Tbl_f6010d8d46d04050abd1981ce3dec97b.htm,dbo,SXARCMContentTranslationMasterCodeEntry,SXARCMContentTranslationMasterCodeEntry,SXARCMCo
dbo.SXARCMContextPanel,Tbl_2b04e83909e34e74ba614d81ffe01a86.htm,dbo,SXARCMContextPanel,SXARCMContextPanel,SXARCMCo
dbo.SXARCMContextType,Tbl_166edf1b97f747c6bacdd81db2dc51cc.htm,dbo,SXARCMContextType,SXARCMContextType,SXARCMCo
dbo.SXARCMContributingType,Tbl_0afa4b1798bf43dca19908582b029dcc.htm,dbo,SXARCMContributingType,SXARCMContributingType,SXARCMCo
dbo.SXARCMCustomAttributeData,Tbl_3b1c19db37c84d18bdd15e8de4c4b82f.htm,dbo,SXARCMCustomAttributeData,SXARCMCustomAttributeData,SXARCMCu
dbo.SXARCMCustomAttributeDataHistory,Tbl_6ea92931cd034148adc3bc9066eb1582.htm,dbo,SXARCMCustomAttributeDataHistory,SXARCMCustomAttributeDataHistory,SXARCMCu
dbo.SXARCMCustomAttributeValueOption,Tbl_4cf63a60c4a148dfbbdc7178bf01c973.htm,dbo,SXARCMCustomAttributeValueOption,SXARCMCustomAttributeValueOption,SXARCMCu
dbo.SXARCMCustomAttributesDefinition,Tbl_ab1d61904938452fbd66eb040734a6ff.htm,dbo,SXARCMCustomAttributesDefinition,SXARCMCustomAttributesDefinition,SXARCMCu
dbo.SXARCMCustomChargeTemplateConfig,Tbl_44d3925af8744667bf784f7413b79b89.htm,dbo,SXARCMCustomChargeTemplateConfig,SXARCMCustomChargeTemplateConfig,SXARCMCu
dbo.SXARCMCustomClaimFormat,Tbl_4944924bd1304906b8627efd3314ce10.htm,dbo,SXARCMCustomClaimFormat,SXARCMCustomClaimFormat,SXARCMCu
dbo.SXARCMCustomDiscoverActivity,Tbl_452af0e19b8c4fc4850470b59f86f0ac.htm,dbo,SXARCMCustomDiscoverActivity,SXARCMCustomDiscoverActivity,SXARCMCu
dbo.SXARCMCustomProc,Tbl_06e9685d38774e5db22a745c4affc164.htm,dbo,SXARCMCustomProc,SXARCMCustomProc,SXARCMCu
dbo.SXARCMCustomProcOperationType,Tbl_dc9ed391e8d248b0ba2835becff8a397.htm,dbo,SXARCMCustomProcOperationType,SXARCMCustomProcOperationType,SXARCMCu
dbo.SXARCMDNFBAgeingPeriod,Tbl_1501959f329445a285d6c3c8660edec3.htm,dbo,SXARCMDNFBAgeingPeriod,SXARCMDNFBAgeingPeriod,SXARCMDN
dbo.SXARCMDNFBDailyReportDetail,Tbl_85298a9bbe9a4030a68beb386caa0fd3.htm,dbo,SXARCMDNFBDailyReportDetail,SXARCMDNFBDailyReportDetail,SXARCMDN
dbo.SXARCMDNFBReason,Tbl_08cd880c8be643cf8fdca55c9ddf72c1.htm,dbo,SXARCMDNFBReason,SXARCMDNFBReason,SXARCMDN
dbo.SXARCMDNFBReason_R,Tbl_6778223ff9b949759efc010c5278fd2a.htm,dbo,SXARCMDNFBReason_R,SXARCMDNFBReason,SXARCMDN
dbo.SXARCMDataHealthCheckModule,Tbl_839b2f0f3fa04d1c96a6dde41c62e260.htm,dbo,SXARCMDataHealthCheckModule,SXARCMDataHealthCheckModule,SXARCMDa
dbo.SXARCMDefaultServiceDate,Tbl_ffc78246a8c44537b6666ea6b4a03f0f.htm,dbo,SXARCMDefaultServiceDate,SXARCMDefaultServiceDate,SXARCMDe
dbo.SXARCMDenial,Tbl_d281dd6ac60645078bc8296dde95e781.htm,dbo,SXARCMDenial,SXARCMDenial,SXARCMDe
dbo.SXARCMDenialAction,Tbl_6938a353c6dd4d4cabe6fac78d7e6036.htm,dbo,SXARCMDenialAction,SXARCMDenialAction,SXARCMDe
dbo.SXARCMDenialAreaResponsible,Tbl_e19b3387100e403fabbd72c5b00e3bcb.htm,dbo,SXARCMDenialAreaResponsible,SXARCMDenialAreaResponsible,SXARCMDe
dbo.SXARCMDenialCategory,Tbl_5e0c18a7f87a48648b7755d8dceec0e9.htm,dbo,SXARCMDenialCategory,SXARCMDenialCategory,SXARCMDe
dbo.SXARCMDenialClaimAdjustmentReasonCodeXREF,Tbl_9a3b8ca957214dc187faa639a35ee3a4.htm,dbo,SXARCMDenialClaimAdjustmentReasonCodeXREF,SXARCMDenialClaimAdjustmentReasonCodeXREF,SXARCMDe
dbo.SXARCMDenialCloseReason,Tbl_5213dffee69f46f399e4ad4544defc29.htm,dbo,SXARCMDenialCloseReason,SXARCMDenialCloseReason,SXARCMDe
dbo.SXARCMDenialClosureAdjConfig,Tbl_f44ca1b4975d4bc58247ad87def6e960.htm,dbo,SXARCMDenialClosureAdjConfig,SXARCMDenialClosureAdjConfig,SXARCMDe
dbo.SXARCMDenialClosureAdjConfigAdjTxnCode,Tbl_d0813a8993624c0c8cd6347d4a0b107d.htm,dbo,SXARCMDenialClosureAdjConfigAdjTxnCode,SXARCMDenialClosureAdjConfigAdjTxnCode,SXARCMDe
dbo.SXARCMDenialCode,Tbl_bfea7566dab741f8a75f0941849c06d9.htm,dbo,SXARCMDenialCode,SXARCMDenialCode,SXARCMDe
dbo.SXARCMDenialCodeCategory,Tbl_463743663db744da859e122c9bc7eb25.htm,dbo,SXARCMDenialCodeCategory,SXARCMDenialCodeCategory,SXARCMDe
dbo.SXARCMDenialCodeConfig,Tbl_e1cfc0e71e66443b8016491d9d96260f.htm,dbo,SXARCMDenialCodeConfig,SXARCMDenialCodeConfig,SXARCMDe
dbo.SXARCMDenialCodeConfigAdjGroupCode,Tbl_3d9333cf674f44c3ab6cb05dd2339750.htm,dbo,SXARCMDenialCodeConfigAdjGroupCode,SXARCMDenialCodeConfigAdjGroupCode,SXARCMDe
dbo.SXARCMDenialCodeConfigClaimReason,Tbl_8b379a921c464e2986307ea8956f7dda.htm,dbo,SXARCMDenialCodeConfigClaimReason,SXARCMDenialCodeConfigClaimReason,SXARCMDe
dbo.SXARCMDenialCodeConfigRemarkCodeXRef,Tbl_d55355d2046c43ca8b118d7ac9394e13.htm,dbo,SXARCMDenialCodeConfigRemarkCodeXRef,SXARCMDenialCodeConfigRemarkCodeXRef,SXARCMDe
dbo.SXARCMDenialCommentXREF,Tbl_c44fa3140af84034bc3870e03da02445.htm,dbo,SXARCMDenialCommentXREF,SXARCMDenialCommentXREF,SXARCMDe
dbo.SXARCMDenialConfig,Tbl_e991c596b55b4ec78224d916c23bce4f.htm,dbo,SXARCMDenialConfig,SXARCMDenialConfig,SXARCMDe
dbo.SXARCMDenialConfigAccountGroup,Tbl_00d6493ac6924d0d9b38f5a4a74d7fef.htm,dbo,SXARCMDenialConfigAccountGroup,SXARCMDenialConfigAccountGroup,SXARCMDe
dbo.SXARCMDenialConfigAdjTxnCode,Tbl_243ca78b27ce4684ae0b04c5c41084e0.htm,dbo,SXARCMDenialConfigAdjTxnCode,SXARCMDenialConfigAdjTxnCode,SXARCMDe
dbo.SXARCMDenialConfigClaimReason,Tbl_df081a6593154457ac2b4f787d59f0df.htm,dbo,SXARCMDenialConfigClaimReason,SXARCMDenialConfigClaimReason,SXARCMDe
dbo.SXARCMDenialConfigClaimReasonAdjTxnCode,Tbl_05168e77584d417db64a8b96aa02902d.htm,dbo,SXARCMDenialConfigClaimReasonAdjTxnCode,SXARCMDenialConfigClaimReasonAdjTxnCode,SXARCMDe
dbo.SXARCMDenialConfigClaimReasonDenialException,Tbl_f5db2cddee1e42ca854418b114b8a2b6.htm,dbo,SXARCMDenialConfigClaimReasonDenialException,SXARCMDenialConfigClaimReasonDenialException,SXARCMDe
dbo.SXARCMDenialConfigClaimReasonExclusion,Tbl_2fe8320c562441d2a3a916c1ba937449.htm,dbo,SXARCMDenialConfigClaimReasonExclusion,SXARCMDenialConfigClaimReasonExclusion,SXARCMDe
dbo.SXARCMDenialConfigClaimReasonExclusionAdjTxnCode,Tbl_a76fed7f8b23475dbec773bd04cb915a.htm,dbo,SXARCMDenialConfigClaimReasonExclusionAdjTxnCode,SXARCMDenialConfigClaimReasonExclusionAdjTxnCode,SXARCMDe
dbo.SXARCMDenialConfigClaimReasonManualOverrideAdj,Tbl_ac0e05ea8527494fbae6fe8020661782.htm,dbo,SXARCMDenialConfigClaimReasonManualOverrideAdj,SXARCMDenialConfigClaimReasonManualOverrideAdj,SXARCMDe
dbo.SXARCMDenialConfigExclusionDenialException,Tbl_0a68dc5abb394009aeabd2ca80a0cfd0.htm,dbo,SXARCMDenialConfigExclusionDenialException,SXARCMDenialConfigExclusionDenialException,SXARCMDe
dbo.SXARCMDenialConfigExclusionManualOverrideAdj,Tbl_1511b11b2b7e4565a0a4b68ecb3045fd.htm,dbo,SXARCMDenialConfigExclusionManualOverrideAdj,SXARCMDenialConfigExclusionManualOverrideAdj,SXARCMDe
dbo.SXARCMDenialConfigPatientResponsibility,Tbl_ce9ed8aec61e4aa3a0e915306da27f12.htm,dbo,SXARCMDenialConfigPatientResponsibility,SXARCMDenialConfigPatientResponsibility,SXARCMDe
dbo.SXARCMDenialConfigPatientResponsibilityException,Tbl_90490f47e0eb4f8b88b6277b785ea3ca.htm,dbo,SXARCMDenialConfigPatientResponsibilityException,SXARCMDenialConfigPatientResponsibilityException,SXARCMDe
dbo.SXARCMDenialGroupConfig,Tbl_7efee49f89cf4f8bb17fa0a24585b096.htm,dbo,SXARCMDenialGroupConfig,SXARCMDenialGroupConfig,SXARCMDe
dbo.SXARCMDenialGroupConfigCode,Tbl_51ede9ff877a458c9615e77f27edd7cc.htm,dbo,SXARCMDenialGroupConfigCode,SXARCMDenialGroupConfigCode,SXARCMDe
dbo.SXARCMDenialGroupConfigSelect,Tbl_87beff7ee1e7457a86f348591e7242a8.htm,dbo,SXARCMDenialGroupConfigSelect,SXARCMDenialGroupConfigSelect,SXARCMDe
dbo.SXARCMDenialInsuranceCarrierConfig,Tbl_de2ab690c77e432082594f3351c61027.htm,dbo,SXARCMDenialInsuranceCarrierConfig,SXARCMDenialInsuranceCarrierConfig,SXARCMDe
dbo.SXARCMDenialLevel,Tbl_7b3d407003be41f69bfc9f4ba77086b7.htm,dbo,SXARCMDenialLevel,SXARCMDenialLevel,SXARCMDe
dbo.SXARCMDenialRecoveryType,Tbl_c145fac695f94e04ab4e632d3d969330.htm,dbo,SXARCMDenialRecoveryType,SXARCMDenialRecoveryType,SXARCMDe
dbo.SXARCMDenialRemittanceAdviceRemarkCodeXREF,Tbl_302de688ab594e13bebc2da255a8600c.htm,dbo,SXARCMDenialRemittanceAdviceRemarkCodeXREF,SXARCMDenialRemittanceAdviceRemarkCodeXREF,SXARCMDe
dbo.SXARCMDenialResult,Tbl_17e591307e114f8ab7d99fd096fbc377.htm,dbo,SXARCMDenialResult,SXARCMDenialResult,SXARCMDe
dbo.SXARCMDenialRootCause,Tbl_29bd39a125e74b1fa8c452bf87d4db3a.htm,dbo,SXARCMDenialRootCause,SXARCMDenialRootCause,SXARCMDe
dbo.SXARCMDenialSeverity,Tbl_4b7b02920df048679c362e846ef2d6a7.htm,dbo,SXARCMDenialSeverity,SXARCMDenialSeverity,SXARCMDe
dbo.SXARCMDenialSource,Tbl_d0cb12305a274470a1e98480903a353e.htm,dbo,SXARCMDenialSource,SXARCMDenialSource,SXARCMDe
dbo.SXARCMDenialStatus,Tbl_acb7800de96d4927862cd6ea51da8398.htm,dbo,SXARCMDenialStatus,SXARCMDenialStatus,SXARCMDe
dbo.SXARCMDenialSubCategory,Tbl_00196da10a08463fa0c2cfc364f6c3a0.htm,dbo,SXARCMDenialSubCategory,SXARCMDenialSubCategory,SXARCMDe
dbo.SXARCMDenialType,Tbl_e641b8b865934fe39f6e81eb06314fee.htm,dbo,SXARCMDenialType,SXARCMDenialType,SXARCMDe
dbo.SXARCMDentalAppliance,Tbl_98da7ebb36644f2faa36ecb6b92637e9.htm,dbo,SXARCMDentalAppliance,SXARCMDentalAppliance,SXARCMDe
dbo.SXARCMDentalProsthesisCode,Tbl_4fef706392df40d7b55f9a261a6ca06a.htm,dbo,SXARCMDentalProsthesisCode,SXARCMDentalProsthesisCode,SXARCMDe
dbo.SXARCMDepartmentCodeMaster,Tbl_af81c7065427414d872e32d9b248e4ad.htm,dbo,SXARCMDepartmentCodeMaster,SXARCMDepartmentCodeMaster,SXARCMDe
dbo.SXARCMDepartmentSubDepartmentXref,Tbl_e14a0db16b6f44049e5c993468792fd7.htm,dbo,SXARCMDepartmentSubDepartmentXref,SXARCMDepartmentSubDepartmentXref,SXARCMDe
dbo.SXARCMDesktopTemplate,Tbl_3c796371e4ab4ba995e2df4960a4e312.htm,dbo,SXARCMDesktopTemplate,SXARCMDesktopTemplate,SXARCMDe
dbo.SXARCMDesktopTemplateConfig,Tbl_26605a4276664c2dae462fde95d7f535.htm,dbo,SXARCMDesktopTemplateConfig,SXARCMDesktopTemplateConfig,SXARCMDe
dbo.SXARCMDesktopTemplateConfigFieldXREF,Tbl_7d1e4b1a97164ca0b1478da967765e69.htm,dbo,SXARCMDesktopTemplateConfigFieldXREF,SXARCMDesktopTemplateConfigFieldXREF,SXARCMDe
dbo.SXARCMDesktopTemplateField,Tbl_785c5f6840a84631a7e803fe43b5e4dd.htm,dbo,SXARCMDesktopTemplateField,SXARCMDesktopTemplateField,SXARCMDe
dbo.SXARCMDesktopTemplateFieldConfig,Tbl_980f29ebd6174074a9fc4da4e21f05b3.htm,dbo,SXARCMDesktopTemplateFieldConfig,SXARCMDesktopTemplateFieldConfig,SXARCMDe
dbo.SXARCMDesktopTemplateLayout,Tbl_267f6c2bb23b4cdeabfdbbbdb7eae480.htm,dbo,SXARCMDesktopTemplateLayout,SXARCMDesktopTemplateLayout,SXARCMDe
dbo.SXARCMDesktopTemplateTile,Tbl_4907195693f043c7a2a0c5ad5d07d169.htm,dbo,SXARCMDesktopTemplateTile,SXARCMDesktopTemplateTile,SXARCMDe
dbo.SXARCMDesktopTemplateTileConfiguration,Tbl_041f85a1f5104871b1ba7f5cd1228ce7.htm,dbo,SXARCMDesktopTemplateTileConfiguration,SXARCMDesktopTemplateTileConfiguration,SXARCMDe
dbo.SXARCMDetailPanelFieldSpecification,Tbl_2bb3453ad85345ea95793892aefb5739.htm,dbo,SXARCMDetailPanelFieldSpecification,SXARCMDetailPanelFieldSpecification,SXARCMDe
dbo.SXARCMDiagnosisCodeCategory,Tbl_13abf136dd844a50adc2319a5c61411f.htm,dbo,SXARCMDiagnosisCodeCategory,SXARCMDiagnosisCodeCategory,SXARCMDi
dbo.SXARCMDictEPSDTReferralCode,Tbl_d945cb91d89046f4ba70545432bedde2.htm,dbo,SXARCMDictEPSDTReferralCode,SXARCMDictEPSDTReferralCode,SXARCMDi
dbo.SXARCMDictionaryDetail,Tbl_000ac5ef7ecf49b2bf6f283ec434a434.htm,dbo,SXARCMDictionaryDetail,SXARCMDictionaryDetail,SXARCMDi
dbo.SXARCMDictionaryExplorer,Tbl_3d1b2b62809c4990a6ea524307c82fff.htm,dbo,SXARCMDictionaryExplorer,SXARCMDictionaryExplorer,SXARCMDi
dbo.SXARCMDiscoverAction,Tbl_018e7c5503ff4e77bd8839e5e449dc86.htm,dbo,SXARCMDiscoverAction,SXARCMDiscoverAction,SXARCMDi
dbo.SXARCMDiscoverPreBadDebtConfig,Tbl_f32b81de195047e484b5c3ea6381d131.htm,dbo,SXARCMDiscoverPreBadDebtConfig,SXARCMDiscoverPreBadDebtConfig,SXARCMDi
dbo.SXARCMDiscoverPreBadDebtResult,Tbl_85cf7b1fe95e4d54880d20f214ae74d5.htm,dbo,SXARCMDiscoverPreBadDebtResult,SXARCMDiscoverPreBadDebtResult,SXARCMDi
dbo.SXARCMDiscoverSmallBalanceWriteOffConfig,Tbl_ebc23dd630d2480cb2d0ecf6b1784485.htm,dbo,SXARCMDiscoverSmallBalanceWriteOffConfig,SXARCMDiscoverSmallBalanceWriteOffConfig,SXARCMDi
dbo.SXARCMDiscoverSmallBalanceWriteOffConfigCA,Tbl_5e0437d3818141998e6d1d148ea6be2e.htm,dbo,SXARCMDiscoverSmallBalanceWriteOffConfigCA,SXARCMDiscoverSmallBalanceWriteOffConfigCA,SXARCMDi
dbo.SXARCMDiscoverSmallBalanceWriteOffConfigFacility,Tbl_6ffd969ed3f7439e832ca89e2c992837.htm,dbo,SXARCMDiscoverSmallBalanceWriteOffConfigFacility,SXARCMDiscoverSmallBalanceWriteOffConfigFacility,SXARCMDi
dbo.SXARCMDiscoverSmallBalanceWriteOffResult,Tbl_f4707dfa6b254e8f9509f7e77c89bf87.htm,dbo,SXARCMDiscoverSmallBalanceWriteOffResult,SXARCMDiscoverSmallBalanceWriteOffResult,SXARCMDi
dbo.SXARCMEDI837ClaimFileStatus,Tbl_291f6d98eac64cb7b7ba49d22551ad41.htm,dbo,SXARCMEDI837ClaimFileStatus,SXARCMEDI837,SXARCMED
dbo.SXARCMEDIBatch,Tbl_c6e86ba868934cb5b45add819f4dcbd9.htm,dbo,SXARCMEDIBatch,SXARCMEDIBatch,SXARCMED
dbo.SXARCMEDICharacterSet,Tbl_410fb7f5a5bc4a759fe0a21490286c67.htm,dbo,SXARCMEDICharacterSet,SXARCMEDICharacterSet,SXARCMED
dbo.SXARCMEDIClaim276Format,Tbl_81ea7c50b5e5496a976e904aa8417f46.htm,dbo,SXARCMEDIClaim276Format,SXARCMEDIClaim276,SXARCMED
dbo.SXARCMEDIClaim276FormatClaimFormatLayoutXREF,Tbl_247c8a5c5d6444dbb5ebc559b144d44b.htm,dbo,SXARCMEDIClaim276FormatClaimFormatLayoutXREF,SXARCMEDIClaim276,SXARCMED
dbo.SXARCMEDIClaimStatusCategoryDictionary,Tbl_a204c887b2b0413a8e3a5381e71952b7.htm,dbo,SXARCMEDIClaimStatusCategoryDictionary,SXARCMEDIClaimStatusCategoryDictionary,SXARCMED
dbo.SXARCMEDIClaimStatusDictionary,Tbl_d1e19d1cebc94f4aa5c1376da0a318ee.htm,dbo,SXARCMEDIClaimStatusDictionary,SXARCMEDIClaimStatusDictionary,SXARCMED
dbo.SXARCMEDIRevenueCodeCategory,Tbl_4a00ae2b11bd41fe825cad3eb5a760e6.htm,dbo,SXARCMEDIRevenueCodeCategory,SXARCMEDIRevenueCodeCategory,SXARCMED
dbo.SXARCMEDIRevenueCodeCategoryDetail,Tbl_0a4bfc57c82f4a3f95eb084327d87383.htm,dbo,SXARCMEDIRevenueCodeCategoryDetail,SXARCMEDIRevenueCodeCategoryDetail,SXARCMED
dbo.SXARCMEDITransactionControl,Tbl_3398228197394a3bb355b83ac80826de.htm,dbo,SXARCMEDITransactionControl,SXARCMEDITransactionControl,SXARCMED
dbo.SXARCMEDIXmlSchema,Tbl_7d8a6212fe494dc785ae369d53e65207.htm,dbo,SXARCMEDIXmlSchema,SXARCMEDIXmlSchema,SXARCMED
dbo.SXARCMERAIRConfigSupplementalTypeDetail,Tbl_41f4e1850fd74b20916b1354f727e09a.htm,dbo,SXARCMERAIRConfigSupplementalTypeDetail,SXARCMERAIRConfigSupplementalTypeDetail,SXARCMER
dbo.SXARCMERAModule,Tbl_c53620e9d93b4e96b470076ba1f43094.htm,dbo,SXARCMERAModule,SXARCMERAModule,SXARCMER
dbo.SXARCMERAPayeeFacilityMapping,Tbl_fb9d1fd84ca348fdb6f837f136886847.htm,dbo,SXARCMERAPayeeFacilityMapping,SXARCMERAPayeeFacilityMapping,SXARCMER
dbo.SXARCMERAProvider,Tbl_6f1a10f5650948f496c0d38a769ee18e.htm,dbo,SXARCMERAProvider,SXARCMERAProvider,SXARCMER
dbo.SXARCMERASABaseFee,Tbl_a76c20a2afc9467f814fce59f555f767.htm,dbo,SXARCMERASABaseFee,SXARCMERASABaseFee,SXARCMER
dbo.SXARCMERASABaseUnit,Tbl_cd85fd20e7b34048ac9e58b971916ad5.htm,dbo,SXARCMERASABaseUnit,SXARCMERASABaseUnit,SXARCMER
dbo.SXARCMERASAFeeScheduleLocationConfig,Tbl_8b14dc26ea0c4be6b71ef45d2bf28b2a.htm,dbo,SXARCMERASAFeeScheduleLocationConfig,SXARCMERASAFeeScheduleLocationConfig,SXARCMER
dbo.SXARCMERASAFeeScheduleRateDetail,Tbl_52417fdd6d734a109e102063724515ab.htm,dbo,SXARCMERASAFeeScheduleRateDetail,SXARCMERASAFeeScheduleRateDetail,SXARCMER
dbo.SXARCMERASCConfigurationDetail,Tbl_936c8d6481004ea4abc1fb9aa501d502.htm,dbo,SXARCMERASCConfigurationDetail,SXARCMERASCConfigurationDetail,SXARCMER
dbo.SXARCMERASCException,Tbl_4a82e567717f455abe64342fd939f9cb.htm,dbo,SXARCMERASCException,SXARCMERASCException,SXARCMER
dbo.SXARCMERASCModifier,Tbl_b86ab2282ed549dfa223b707c81f9c1a.htm,dbo,SXARCMERASCModifier,SXARCMERASCModifier,SXARCMER
dbo.SXARCMERASCRateMethodExceptionType,Tbl_443b7f9c81ea4ca0b5ed6883e3046fab.htm,dbo,SXARCMERASCRateMethodExceptionType,SXARCMERASCRateMethodExceptionType,SXARCMER
dbo.SXARCMERASCReimbursementGroup,Tbl_0679a4a3f8a9428f8c2b9deb349f75a2.htm,dbo,SXARCMERASCReimbursementGroup,SXARCMERASCReimbursementGroup,SXARCMER
dbo.SXARCMERATransactionSet,Tbl_c547fc3808194b5db68bb1d228e411a7.htm,dbo,SXARCMERATransactionSet,SXARCMERATransactionSet,SXARCMER
dbo.SXARCMERATransactionSetClaim,Tbl_883368e7ab16465ba00825d221947f23.htm,dbo,SXARCMERATransactionSetClaim,SXARCMERATransactionSetClaim,SXARCMER
dbo.SXARCMERATransactionSetClaimAdjustment,Tbl_c5d47511e7cd4c4e8a30426af695969b.htm,dbo,SXARCMERATransactionSetClaimAdjustment,SXARCMERATransactionSetClaimAdjustment,SXARCMER
dbo.SXARCMERATransactionSetClaimInsured,Tbl_9b968877f6294d0eb3a710cdc15e0d75.htm,dbo,SXARCMERATransactionSetClaimInsured,SXARCMERATransactionSetClaimInsured,SXARCMER
dbo.SXARCMERATransactionSetClaimPatient,Tbl_b363039b9512403abd334e1f24804d0f.htm,dbo,SXARCMERATransactionSetClaimPatient,SXARCMERATransactionSetClaimPatient,SXARCMER
dbo.SXARCMERATransactionSetClaimServiceLine,Tbl_453b8b8b8a1542c8b15acb36265e9ebf.htm,dbo,SXARCMERATransactionSetClaimServiceLine,SXARCMERATransactionSetClaimServiceLine,SXARCMER
dbo.SXARCMERATransactionSetClaimServiceLineAdjustment,Tbl_270a7ee221d34ac3af0af17a4f3bf237.htm,dbo,SXARCMERATransactionSetClaimServiceLineAdjustment,SXARCMERATransactionSetClaimServiceLineAdjustment,SXARCMER
dbo.SXARCMERATransactionSetClaimServiceLineRemark,Tbl_54b11821fb40481a8ae87bb7302131b0.htm,dbo,SXARCMERATransactionSetClaimServiceLineRemark,SXARCMERATransactionSetClaimServiceLineRemark,SXARCMER
dbo.SXARCMERATransactionSetPayer,Tbl_efd31d0029024a17be2afe6a54968ea5.htm,dbo,SXARCMERATransactionSetPayer,SXARCMERATransactionSetPayer,SXARCMER
dbo.SXARCMERATransactionSetProviderAdjustment,Tbl_02b37136860046f79501da9665047d20.htm,dbo,SXARCMERATransactionSetProviderAdjustment,SXARCMERATransactionSetProviderAdjustment,SXARCMER
dbo.SXARCMERATransactionSetStatement,Tbl_196ad111a3fc4b979c5b4eeb08627447.htm,dbo,SXARCMERATransactionSetStatement,SXARCMERATransactionSetStatement,SXARCMER
dbo.SXARCMERATransactionSetStatementAdjustment,Tbl_82b2ba42218c421d99961983a3ae58c9.htm,dbo,SXARCMERATransactionSetStatementAdjustment,SXARCMERATransactionSetStatementAdjustment,SXARCMER
dbo.SXARCMERATransactionSetStatementPatient,Tbl_d7c72acf118b47fd92c78691fff3fcc7.htm,dbo,SXARCMERATransactionSetStatementPatient,SXARCMERATransactionSetStatementPatient,SXARCMER
dbo.SXARCMERAmbulanceZipFileDetail,Tbl_d8a380d00b2f49f0b5069fca3f3ee9d1.htm,dbo,SXARCMERAmbulanceZipFileDetail,SXARCMERAmbulanceZipFileDetail,SXARCMER
dbo.SXARCMERAnesthesiaFeeConfig,Tbl_c1c9bc52d99747c491e5eb0042eacc2f.htm,dbo,SXARCMERAnesthesiaFeeConfig,SXARCMERAnesthesiaFeeConfig,SXARCMER
dbo.SXARCMERCalculation,Tbl_d03842efa53245b8a46fc6c78d33603b.htm,dbo,SXARCMERCalculation,SXARCMERCalculation,SXARCMER
dbo.SXARCMERCalculationDetail,Tbl_9d8b8872270d4976b221a3e6bf7e4cde.htm,dbo,SXARCMERCalculationDetail,SXARCMERCalculationDetail,SXARCMER
dbo.SXARCMERCalculationLog,Tbl_d57707dbec4e452bb67237b16d2ca714.htm,dbo,SXARCMERCalculationLog,SXARCMERCalculationLog,SXARCMER
dbo.SXARCMERCaseRate,Tbl_41c6e9d3e2ed46429e883690a95b4117.htm,dbo,SXARCMERCaseRate,SXARCMERCaseRate,SXARCMER
dbo.SXARCMERCaseRateException,Tbl_0711587c723540ba9776325015469564.htm,dbo,SXARCMERCaseRateException,SXARCMERCaseRateException,SXARCMER
dbo.SXARCMERCaseRateExceptionChargeTxnCode,Tbl_9973617db6314e1e85112e4d04f548d2.htm,dbo,SXARCMERCaseRateExceptionChargeTxnCode,SXARCMERCaseRateExceptionChargeTxnCode,SXARCMER
dbo.SXARCMERChargeNonCoveredAmount,Tbl_ac0bceb8b18a40ea80753b873ac10a1c.htm,dbo,SXARCMERChargeNonCoveredAmount,SXARCMERChargeNonCoveredAmount,SXARCMER
dbo.SXARCMERException,Tbl_91278e23621845c1a0ab5d181451df09.htm,dbo,SXARCMERException,SXARCMERException,SXARCMER
dbo.SXARCMERFeeSchedule,Tbl_6729128687654711825f3b4bacc58fce.htm,dbo,SXARCMERFeeSchedule,SXARCMERFeeSchedule,SXARCMER
dbo.SXARCMERFeeScheduleConfig,Tbl_4b4e1a198df045f49d636bf4df9face4.htm,dbo,SXARCMERFeeScheduleConfig,SXARCMERFeeScheduleConfig,SXARCMER
dbo.SXARCMERFeeScheduleConfigCPTHCPCSDetail,Tbl_a89d3a45fd164e4d94337ab4550ac7fe.htm,dbo,SXARCMERFeeScheduleConfigCPTHCPCSDetail,SXARCMERFeeScheduleConfigCPTHCPCSDetail,SXARCMER
dbo.SXARCMERFeeScheduleConfigDraft,Tbl_e03a2b55b6b545419cb356e65f68d36a.htm,dbo,SXARCMERFeeScheduleConfigDraft,SXARCMERFeeScheduleConfigDraft,SXARCMER
dbo.SXARCMERFeeScheduleConfigFileDetail,Tbl_961dd51c0a35494ba165e0f067b6308c.htm,dbo,SXARCMERFeeScheduleConfigFileDetail,SXARCMERFeeScheduleConfigFileDetail,SXARCMER
dbo.SXARCMERFeeScheduleConfigMaster,Tbl_187a3ce074ea40a8960a153c7a22b595.htm,dbo,SXARCMERFeeScheduleConfigMaster,SXARCMERFeeScheduleConfigMaster,SXARCMER
dbo.SXARCMERFeeScheduleConfigNDCDetail,Tbl_bebb603a0d0c4777a293738d1bcdf070.htm,dbo,SXARCMERFeeScheduleConfigNDCDetail,SXARCMERFeeScheduleConfigNDCDetail,SXARCMER
dbo.SXARCMERFeeScheduleConfigRevenueDetail,Tbl_517a87806d894f88bf0388d1b55983f7.htm,dbo,SXARCMERFeeScheduleConfigRevenueDetail,SXARCMERFeeScheduleConfigRevenueDetail,SXARCMER
dbo.SXARCMERFeeScheduleDefaultValueDetail,Tbl_2564585b345a4449af50af24ea6f347d.htm,dbo,SXARCMERFeeScheduleDefaultValueDetail,SXARCMERFeeScheduleDefaultValueDetail,SXARCMER
dbo.SXARCMERFeeScheduleDeptDetail,Tbl_c4eccc2332804d04b77df1fce42abdfe.htm,dbo,SXARCMERFeeScheduleDeptDetail,SXARCMERFeeScheduleDeptDetail,SXARCMER
dbo.SXARCMERFeeScheduleFacilityXREF,Tbl_214f6375a27d44b0b23152aef314178d.htm,dbo,SXARCMERFeeScheduleFacilityXREF,SXARCMERFeeScheduleFacilityXREF,SXARCMER
dbo.SXARCMERFeeScheduleFileDetail,Tbl_1126d8d969c74183a328e4cf05412235.htm,dbo,SXARCMERFeeScheduleFileDetail,SXARCMERFeeScheduleFileDetail,SXARCMER
dbo.SXARCMERFeeScheduleProviderDetail,Tbl_119b605684704ed4aeedc3c54f0d38a5.htm,dbo,SXARCMERFeeScheduleProviderDetail,SXARCMERFeeScheduleProviderDetail,SXARCMER
dbo.SXARCMERFile,Tbl_558d5f6e9d8843449a34ad430dfc927f.htm,dbo,SXARCMERFile,SXARCMERFile,SXARCMER
dbo.SXARCMERFlowThru,Tbl_4f35ad88e706470fa9553a26e9caf130.htm,dbo,SXARCMERFlowThru,SXARCMERFlowThru,SXARCMER
dbo.SXARCMERFlowThruAdjCode,Tbl_b55c9bcd8cc342bc81a1b7758bf0bfe5.htm,dbo,SXARCMERFlowThruAdjCode,SXARCMERFlowThruAdjCode,SXARCMER
dbo.SXARCMERFlowThruAmbulanceRate,Tbl_88545ec120a24457967b4bb2bb79f178.htm,dbo,SXARCMERFlowThruAmbulanceRate,SXARCMERFlowThruAmbulanceRate,SXARCMER
dbo.SXARCMERFlowThruCatalogAdjCode,Tbl_65742d618ee94f5e90fc6e628f2bbae6.htm,dbo,SXARCMERFlowThruCatalogAdjCode,SXARCMERFlowThruCatalogAdjCode,SXARCMER
dbo.SXARCMERFlowThruCatalogAmbulanceRate,Tbl_2542e861400e4e4182f8bec56a2b76f6.htm,dbo,SXARCMERFlowThruCatalogAmbulanceRate,SXARCMERFlowThruCatalogAmbulanceRate,SXARCMER
dbo.SXARCMERFlowThruCatalogChargeTxnCode,Tbl_bca11730402844d189de5a7978a260eb.htm,dbo,SXARCMERFlowThruCatalogChargeTxnCode,SXARCMERFlowThruCatalogChargeTxnCode,SXARCMER
dbo.SXARCMERFlowThruCatalogConfig,Tbl_52939739eac14d29afa6669cf84b612d.htm,dbo,SXARCMERFlowThruCatalogConfig,SXARCMERFlowThruCatalogConfig,SXARCMER
dbo.SXARCMERFlowThruCatalogDetailConfig,Tbl_866c41de33514f489c7822be041091c3.htm,dbo,SXARCMERFlowThruCatalogDetailConfig,SXARCMERFlowThruCatalogDetailConfig,SXARCMER
dbo.SXARCMERFlowThruChargeTxnCode,Tbl_8fdf418110114a15825eb2f9810fb76c.htm,dbo,SXARCMERFlowThruChargeTxnCode,SXARCMERFlowThruChargeTxnCode,SXARCMER
dbo.SXARCMERFlowThruICDMapping,Tbl_0b09072a40684a76800aedc00a3678de.htm,dbo,SXARCMERFlowThruICDMapping,SXARCMERFlowThruICDMapping,SXARCMER
dbo.SXARCMERGPCIFileDetail,Tbl_213b3b08dc7d42acbe143c438b5996fe.htm,dbo,SXARCMERGPCIFileDetail,SXARCMERGPCIFileDetail,SXARCMER
dbo.SXARCMERMethodType,Tbl_3170f8b4ffef41ffa4a2235e852f7e57.htm,dbo,SXARCMERMethodType,SXARCMERMethodType,SXARCMER
dbo.SXARCMERMethodVersion,Tbl_f1316e711d6d4955b2664d9f439e7f27.htm,dbo,SXARCMERMethodVersion,SXARCMERMethodVersion,SXARCMER
dbo.SXARCMERPPS,Tbl_ee1f078142a14e73bf64834749089fcc.htm,dbo,SXARCMERPPS,SXARCMERPPS,SXARCMER
dbo.SXARCMERPerDiemException,Tbl_6d062e54dd354ab5bc14075eb6c15b63.htm,dbo,SXARCMERPerDiemException,SXARCMERPerDiemException,SXARCMER
dbo.SXARCMERPerDiemExceptionChargeTxnCode,Tbl_62fa2d63326a4087a5d896f9115acfdc.htm,dbo,SXARCMERPerDiemExceptionChargeTxnCode,SXARCMERPerDiemExceptionChargeTxnCode,SXARCMER
dbo.SXARCMERPerDiemExceptionDetail,Tbl_039408d4c6e04d42af2eb8302cc23d87.htm,dbo,SXARCMERPerDiemExceptionDetail,SXARCMERPerDiemExceptionDetail,SXARCMER
dbo.SXARCMERPerDiemFlexDefaultValueDetail,Tbl_efcd6a76e4064165b646c62be7fab195.htm,dbo,SXARCMERPerDiemFlexDefaultValueDetail,SXARCMERPerDiemFlexDefaultValueDetail,SXARCMER
dbo.SXARCMERPerDiemFlexPerDiemDetail,Tbl_9fd1d3cd83f342e4a5a162f1ec0f4879.htm,dbo,SXARCMERPerDiemFlexPerDiemDetail,SXARCMERPerDiemFlexPerDiemDetail,SXARCMER
dbo.SXARCMERPerDiemFlexPercentOfChargesDetail,Tbl_bf74166c0d28454ab26e7a2ca6c09bfc.htm,dbo,SXARCMERPerDiemFlexPercentOfChargesDetail,SXARCMERPerDiemFlexPercentOfChargesDetail,SXARCMER
dbo.SXARCMERPerDiemFlexible,Tbl_fe9812185a2a4557870a27d819e324d0.htm,dbo,SXARCMERPerDiemFlexible,SXARCMERPerDiemFlexible,SXARCMER
dbo.SXARCMERPerVisitRHCModifier,Tbl_2326d2d64ffb41dbb24515b719e8d9fd.htm,dbo,SXARCMERPerVisitRHCModifier,SXARCMERPerVisitRHCModifier,SXARCMER
dbo.SXARCMERPerVisitRate,Tbl_cd6ef83e597b4e33867575d4b093039a.htm,dbo,SXARCMERPerVisitRate,SXARCMERPerVisitRate,SXARCMER
dbo.SXARCMERPerVisitRateAIRDetail,Tbl_e77cb14396e6458a9adfda4ffdcf1a7b.htm,dbo,SXARCMERPerVisitRateAIRDetail,SXARCMERPerVisitRateAIRDetail,SXARCMER
dbo.SXARCMERPerVisitRateConfig,Tbl_bbfff2d691b7497eaf2f34b2c28603d8.htm,dbo,SXARCMERPerVisitRateConfig,SXARCMERPerVisitRateConfig,SXARCMER
dbo.SXARCMERPerVisitRateConfigMaster,Tbl_ebf7020909a74789a7d4026f937f0cd4.htm,dbo,SXARCMERPerVisitRateConfigMaster,SXARCMERPerVisitRateConfigMaster,SXARCMER
dbo.SXARCMERPerVisitRateMedicaidPPSDetail,Tbl_849c02e264ad479d9e97bcbf153078df.htm,dbo,SXARCMERPerVisitRateMedicaidPPSDetail,SXARCMERPerVisitRateMedicaidPPSDetail,SXARCMER
dbo.SXARCMERPerVisitRateRHCAIRDetail,Tbl_ad7fd8dc73234bab990b1b579fc59ef6.htm,dbo,SXARCMERPerVisitRateRHCAIRDetail,SXARCMERPerVisitRateRHCAIRDetail,SXARCMER
dbo.SXARCMERPerVisitRateRHCAddlReimb,Tbl_ae96e39c255a416e8f0d9eb4d36e8e36.htm,dbo,SXARCMERPerVisitRateRHCAddlReimb,SXARCMERPerVisitRateRHCAddlReimb,SXARCMER
dbo.SXARCMERPerVisitRateRevenueCodeAIRDetail,Tbl_15865492df5a46d9a91d962f5dd9b26e.htm,dbo,SXARCMERPerVisitRateRevenueCodeAIRDetail,SXARCMERPerVisitRateRevenueCodeAIRDetail,SXARCMER
dbo.SXARCMERRVUFileDetail,Tbl_945227a6e43244c5866334aae13bc0c4.htm,dbo,SXARCMERRVUFileDetail,SXARCMERRVUFileDetail,SXARCMER
dbo.SXARCMERReimbursementGroupAmountDetail,Tbl_ed4a2c54d9d64e3780e420abd53a7c2e.htm,dbo,SXARCMERReimbursementGroupAmountDetail,SXARCMERReimbursementGroupAmountDetail,SXARCMER
dbo.SXARCMERReimbursementGroupAmountMaster,Tbl_b4e87a7f02854e5388d7dcff609f2b63.htm,dbo,SXARCMERReimbursementGroupAmountMaster,SXARCMERReimbursementGroupAmountMaster,SXARCMER
dbo.SXARCMERSemiPrivateRateFacilityLocationXref,Tbl_57f5cf7278da46d19f639f9579b6e54e.htm,dbo,SXARCMERSemiPrivateRateFacilityLocationXref,SXARCMERSemiPrivateRateFacilityLocationXref,SXARCMER
dbo.SXARCMERSemiPrivateRateTableConfig,Tbl_350fc4abe6cf4a90bfa12f7e7fe9595f.htm,dbo,SXARCMERSemiPrivateRateTableConfig,SXARCMERSemiPrivateRateTableConfig,SXARCMER
dbo.SXARCMERStopLoss,Tbl_3ef5d808477f4e6cb96b313852c9cc68.htm,dbo,SXARCMERStopLoss,SXARCMERStopLoss,SXARCMER
dbo.SXARCMEReimbursementMethod,Tbl_bec662b4844f410d8d7e7cc4acf06a3e.htm,dbo,SXARCMEReimbursementMethod,SXARCMEReimbursementMethod,SXARCMER
dbo.SXARCMEReimbursementMethodDetail,Tbl_90ce96fd3aed46628a1bc02fa96084d8.htm,dbo,SXARCMEReimbursementMethodDetail,SXARCMEReimbursementMethodDetail,SXARCMER
dbo.SXARCMEReimbursementMethodDraft,Tbl_f2791e8c7bc141c2a2067cc022df7e46.htm,dbo,SXARCMEReimbursementMethodDraft,SXARCMEReimbursementMethodDraft,SXARCMER
dbo.SXARCMEffectiveDateOption,Tbl_8ba697ae1e8d47a0ad705681c15a3529.htm,dbo,SXARCMEffectiveDateOption,SXARCMEffectiveDateOption,SXARCMEf
dbo.SXARCMElectronicConfigurationFieldDetails,Tbl_23c0729d988b41f7888f002c862ebeb1.htm,dbo,SXARCMElectronicConfigurationFieldDetails,SXARCMElectronicConfigurationFieldDetails,SXARCMEl
dbo.SXARCMElectronicConfigurationStandardFields,Tbl_3369c47ad6ce4971829c2e90f65635fb.htm,dbo,SXARCMElectronicConfigurationStandardFields,SXARCMElectronicConfigurationStandardFields,SXARCMEl
dbo.SXARCMElectronicFileConfiguration,Tbl_55923ca6658c4fd4bae614568f4f5c1e.htm,dbo,SXARCMElectronicFileConfiguration,SXARCMElectronicFileConfiguration,SXARCMEl
dbo.SXARCMEntityMappingTemplate,Tbl_82807e35d77e49f285c792771940b146.htm,dbo,SXARCMEntityMappingTemplate,SXARCMEntityMappingTemplate,SXARCMEn
dbo.SXARCMEntityMappingTemplateNode,Tbl_8ab309af0fde4e0895e04f8404e75046.htm,dbo,SXARCMEntityMappingTemplateNode,SXARCMEntityMappingTemplateNode,SXARCMEn
dbo.SXARCMEntityType,Tbl_22db1ae7614c4bae86b98068c80605bb.htm,dbo,SXARCMEntityType,SXARCMEntityType,SXARCMEn
dbo.SXARCMEntityTypeCommentTypeXREF,Tbl_2e42e17b78ad46d2a366adc22dca5e13.htm,dbo,SXARCMEntityTypeCommentTypeXREF,SXARCMEntityTypeCommentTypeXREF,SXARCMEn
dbo.SXARCMEnumReference,Tbl_c527bf421e3746ceaa78dbf2418c5b88.htm,dbo,SXARCMEnumReference,SXARCMEnumReference,SXARCMEn
dbo.SXARCMEnvironmentExplorer,Tbl_6072b60e92b545cea423256ac9352b30.htm,dbo,SXARCMEnvironmentExplorer,SXARCMEnvironmentExplorer,SXARCMEn
dbo.SXARCMEnvironmentExplorerDetail,Tbl_2e6bd91d20c447a896751cce7efe135f.htm,dbo,SXARCMEnvironmentExplorerDetail,SXARCMEnvironmentExplorerDetail,SXARCMEn
dbo.SXARCMEpisode,Tbl_271ae72191994fa38813eb23c11d0977.htm,dbo,SXARCMEpisode,SXARCMEpisode,SXARCMEp
dbo.SXARCMEpisodeAccountingPeriodBalance,Tbl_d12cc6ec89ac4cc5bb142b7fc5a25f6e.htm,dbo,SXARCMEpisodeAccountingPeriodBalance,SXARCMEpisodeAccountingPeriodBalance,SXARCMEp
dbo.SXARCMEpisodeCombineConfig,Tbl_1d966814975746b8b3907247a862e30d.htm,dbo,SXARCMEpisodeCombineConfig,SXARCMEpisodeCombineConfig,SXARCMEp
dbo.SXARCMEpisodeCombineConfigDetail,Tbl_3b29a29e46544538a7c25aa3985daa56.htm,dbo,SXARCMEpisodeCombineConfigDetail,SXARCMEpisodeCombineConfigDetail,SXARCMEp
dbo.SXARCMEpisodeCombineConfigVisitTypeThreshold,Tbl_b9d7b041597d4acf96867ff94dbb13b6.htm,dbo,SXARCMEpisodeCombineConfigVisitTypeThreshold,SXARCMEpisodeCombineConfigVisitTypeThreshold,SXARCMEp
dbo.SXARCMEpisodeCombineGroup,Tbl_fda69b128d904887975caf9eb42153d0.htm,dbo,SXARCMEpisodeCombineGroup,SXARCMEpisodeCombineGroup,SXARCMEp
dbo.SXARCMEpisodeCombineGroupFacilityXREF,Tbl_401624cd5dce45498814c9aa7adfd500.htm,dbo,SXARCMEpisodeCombineGroupFacilityXREF,SXARCMEpisodeCombineGroupFacilityXREF,SXARCMEp
dbo.SXARCMEpisodeCombineGroupServiceXREF,Tbl_7261511f17ff44188829266048a696ef.htm,dbo,SXARCMEpisodeCombineGroupServiceXREF,SXARCMEpisodeCombineGroupServiceXREF,SXARCMEp
dbo.SXARCMEpisodeCombineGroupVisitTypeXREF,Tbl_f65620ce66274ae3a2479ed3fbabc6b4.htm,dbo,SXARCMEpisodeCombineGroupVisitTypeXREF,SXARCMEpisodeCombineGroupVisitTypeXREF,SXARCMEp
dbo.SXARCMEpisodeCombineHistory,Tbl_28f846e6eb934c25a4f5c61860f30b5b.htm,dbo,SXARCMEpisodeCombineHistory,SXARCMEpisodeCombineHistory,SXARCMEp
dbo.SXARCMEpisodeCombineRevenueCPTHCPCSExpr,Tbl_48625a9d00744ee487697f5006523262.htm,dbo,SXARCMEpisodeCombineRevenueCPTHCPCSExpr,SXARCMEpisodeCombineRevenueCPTHCPCSExpr,SXARCMEp
dbo.SXARCMEpisodeCombineVisitData,Tbl_e98c6f2b37024828b9903b8fcf2e420d.htm,dbo,SXARCMEpisodeCombineVisitData,SXARCMEpisodeCombineVisitData,SXARCMEp
dbo.SXARCMEpisodeConfig,Tbl_29405de001c94900b361dad0133346fb.htm,dbo,SXARCMEpisodeConfig,SXARCMEpisodeConfig,SXARCMEp
dbo.SXARCMEpisodeCreationConfiguration,Tbl_13e3c81490a74182808c01445da8aaef.htm,dbo,SXARCMEpisodeCreationConfiguration,SXARCMEpisodeCreationConfiguration,SXARCMEp
dbo.SXARCMEpisodeCreationRule,Tbl_f0dc037488fa493db51c9dd0ffc37ce0.htm,dbo,SXARCMEpisodeCreationRule,SXARCMEpisodeCreationRule,SXARCMEp
dbo.SXARCMEpisodeCreationRuleSet,Tbl_e2494ea545fe4308a736e71daf3e2ef9.htm,dbo,SXARCMEpisodeCreationRuleSet,SXARCMEpisodeCreationRuleSet,SXARCMEp
dbo.SXARCMEpisodeCreationRuleSetRuleXREF,Tbl_c6189793742f47cf9a29a359ba20f760.htm,dbo,SXARCMEpisodeCreationRuleSetRuleXREF,SXARCMEpisodeCreationRuleSetRuleXREF,SXARCMEp
dbo.SXARCMEpisodeFrequencyType,Tbl_4756d0d60b904f4e95c581f7bfbd3f67.htm,dbo,SXARCMEpisodeFrequencyType,SXARCMEpisodeFrequencyType,SXARCMEp
dbo.SXARCMEpisodeIntervalType,Tbl_d437a9144d964db89a427a8decf648f2.htm,dbo,SXARCMEpisodeIntervalType,SXARCMEpisodeIntervalType,SXARCMEp
dbo.SXARCMEpisodeManualBillingCodes,Tbl_33089fd00dad4c138a3e5db08bd443e0.htm,dbo,SXARCMEpisodeManualBillingCodes,SXARCMEpisodeManualBillingCodes,SXARCMEp
dbo.SXARCMEpisodeManualStatementDates,Tbl_fd4cef2b5fa3439ea7bb6858d80a6caf.htm,dbo,SXARCMEpisodeManualStatementDates,SXARCMEpisodeManualStatementDates,SXARCMEp
dbo.SXARCMEpisodePrincipalVisitPolicy,Tbl_ac78e659b9874351a5ab66b31bc67548.htm,dbo,SXARCMEpisodePrincipalVisitPolicy,SXARCMEpisodePrincipalVisitPolicy,SXARCMEp
dbo.SXARCMEpisodePrincipalVisitPolicyFacilityXREF,Tbl_35e17db9529a497ebafb4260568ee45d.htm,dbo,SXARCMEpisodePrincipalVisitPolicyFacilityXREF,SXARCMEpisodePrincipalVisitPolicyFacilityXREF,SXARCMEp
dbo.SXARCMEpisodePrincipalVisitPolicyServiceXREF,Tbl_0e7bf506b4e347b39ac14958150bd3f4.htm,dbo,SXARCMEpisodePrincipalVisitPolicyServiceXREF,SXARCMEpisodePrincipalVisitPolicyServiceXREF,SXARCMEp
dbo.SXARCMEpisodePrincipalVisitPolicyVisitTypeXREF,Tbl_b87f7486859845c5b531ad4943e74b41.htm,dbo,SXARCMEpisodePrincipalVisitPolicyVisitTypeXREF,SXARCMEpisodePrincipalVisitPolicyVisitTypeXREF,SXARCMEp
dbo.SXARCMEpisodeRecastTrigger,Tbl_0635d4ccfedb40a4b63642761911b5ba.htm,dbo,SXARCMEpisodeRecastTrigger,SXARCMEpisodeRecastTrigger,SXARCMEp
dbo.SXARCMEpisodeRelatedVisit,Tbl_4f992969a0d2477d95430b20397b37b7.htm,dbo,SXARCMEpisodeRelatedVisit,SXARCMEpisodeRelatedVisit,SXARCMEp
dbo.SXARCMEpisodeSplitConfiguration,Tbl_5ebf16d98cc14fbfa4b12a4733a369be.htm,dbo,SXARCMEpisodeSplitConfiguration,SXARCMEpisodeSplitConfiguration,SXARCMEp
dbo.SXARCMEpisodeStatus,Tbl_d4a9adc570074a36ad240cc4ff564c7b.htm,dbo,SXARCMEpisodeStatus,SXARCMEpisodeStatus,SXARCMEp
dbo.SXARCMEpisodeSubType,Tbl_aa8b2a80dcc045eaac0695c44ab5a00b.htm,dbo,SXARCMEpisodeSubType,SXARCMEpisodeSubType,SXARCMEp
dbo.SXARCMEpisodeTransactionXREF,Tbl_2e8a09302443418285412be5bb0a4b2e.htm,dbo,SXARCMEpisodeTransactionXREF,SXARCMEpisodeTransactionXREF,SXARCMEp
dbo.SXARCMEpisodeType,Tbl_31aa03d346f14faa9be65e747c4df047.htm,dbo,SXARCMEpisodeType,SXARCMEpisodeType,SXARCMEp
dbo.SXARCMErrorCode,Tbl_2758dce7d63a4bc1a0bb59fb1916c4e3.htm,dbo,SXARCMErrorCode,SXARCMErrorCode,SXARCMEr
dbo.SXARCMErrorCodeMaster,Tbl_29ed32985cf546ffb0a8cbd967591189.htm,dbo,SXARCMErrorCodeMaster,SXARCMErrorCodeMaster,SXARCMEr
dbo.SXARCMExemptFromBillingConfig,Tbl_37b33b68990d474d95c1a4a0f30fa4b9.htm,dbo,SXARCMExemptFromBillingConfig,SXARCMExemptFromBillingConfig,SXARCMEx
dbo.SXARCMExemptFromBillingTransaction,Tbl_14f29cace87d46eb8fe0dd3dd51c9b37.htm,dbo,SXARCMExemptFromBillingTransaction,SXARCMExemptFromBillingTransaction,SXARCMEx
dbo.SXARCMExpressChargeConfig,Tbl_109f47d7231348829f73f819a3f682ac.htm,dbo,SXARCMExpressChargeConfig,SXARCMExpressChargeConfig,SXARCMEx
dbo.SXARCMExpressChargeDetailConfig,Tbl_5fa54aadee4545e2a90337476a216826.htm,dbo,SXARCMExpressChargeDetailConfig,SXARCMExpressChargeDetailConfig,SXARCMEx
dbo.SXARCMExpressChargeTransactionField,Tbl_7c07e1a3984a49bd8635dc8bb6ea02d6.htm,dbo,SXARCMExpressChargeTransactionField,SXARCMExpressChargeTransactionField,SXARCMEx
dbo.SXARCMFIPSStateCountyCode,Tbl_0b18c4228b034856a18302eb435846da.htm,dbo,SXARCMFIPSStateCountyCode,SXARCMFIPSStateCountyCode,SXARCMFI
dbo.SXARCMFQHCServiceCategory,Tbl_a3a2f978e76746a599dcf66e90fdaa39.htm,dbo,SXARCMFQHCServiceCategory,SXARCMFQHCServiceCategory,SXARCMFQ
dbo.SXARCMFQHCServiceType,Tbl_7c6de475b497480889d8274c35e581d1.htm,dbo,SXARCMFQHCServiceType,SXARCMFQHCServiceType,SXARCMFQ
dbo.SXARCMFT1ErrorSeverity,Tbl_06b41f8cf32e48cea795c8a996c64cc3.htm,dbo,SXARCMFT1ErrorSeverity,SXARCMFT1,SXARCMFT
dbo.SXARCMFT1ErrorStatus,Tbl_66f9a7ce61a446f3bacc4c78661ecaf3.htm,dbo,SXARCMFT1ErrorStatus,SXARCMFT1,SXARCMFT
dbo.SXARCMFacilityCodeValueDictionary,Tbl_044a57fbfdbc4e65a49c4456f037a58c.htm,dbo,SXARCMFacilityCodeValueDictionary,SXARCMFacilityCodeValueDictionary,SXARCMFa
dbo.SXARCMFacilityInstIdentifierExceptionConfig,Tbl_46987ce764fe4d67b77449e7f960223d.htm,dbo,SXARCMFacilityInstIdentifierExceptionConfig,SXARCMFacilityInstIdentifierExceptionConfig,SXARCMFa
dbo.SXARCMFacilityInstIdentifierExceptionConfigDetail,Tbl_5533f6d777c946ae912be1cbc9db00a5.htm,dbo,SXARCMFacilityInstIdentifierExceptionConfigDetail,SXARCMFacilityInstIdentifierExceptionConfigDetail,SXARCMFa
dbo.SXARCMFacilityInstitutionalIdentifierConfig,Tbl_2e43d85d08174336af16b81255dd73a6.htm,dbo,SXARCMFacilityInstitutionalIdentifierConfig,SXARCMFacilityInstitutionalIdentifierConfig,SXARCMFa
dbo.SXARCMFacilityInstitutionalIdentifierConfigXREF,Tbl_8f5c3ebd2adb4c41b2e5f2a72d0b11e3.htm,dbo,SXARCMFacilityInstitutionalIdentifierConfigXREF,SXARCMFacilityInstitutionalIdentifierConfigXREF,SXARCMFa
dbo.SXARCMFacilityMessage,Tbl_00c094c7b81648b087804dd13561a98c.htm,dbo,SXARCMFacilityMessage,SXARCMFacilityMessage,SXARCMFa
dbo.SXARCMFieldDetail,Tbl_e9a2b64e6e05443c980a7152321b53c8.htm,dbo,SXARCMFieldDetail,SXARCMFieldDetail,SXARCMFi
dbo.SXARCMFieldValueCondition,Tbl_973d1c09ebce4f838bc3288ce0fd5977.htm,dbo,SXARCMFieldValueCondition,SXARCMFieldValueCondition,SXARCMFi
dbo.SXARCMFileValidationTemplate,Tbl_3f1301773a684236bffd1a4e6f6d6f45.htm,dbo,SXARCMFileValidationTemplate,SXARCMFileValidationTemplate,SXARCMFi
dbo.SXARCMFinancialClass,Tbl_a8710588ed514181a2454401926562f1.htm,dbo,SXARCMFinancialClass,SXARCMFinancialClass,SXARCMFi
dbo.SXARCMFinancialEntity,Tbl_3d98e6e1a0b049d4b161d712eaf99aad.htm,dbo,SXARCMFinancialEntity,SXARCMFinancialEntity,SXARCMFi
dbo.SXARCMFinancialEntityProviderXREF,Tbl_5250013b77e64c64a425fd70dce7d9b4.htm,dbo,SXARCMFinancialEntityProviderXREF,SXARCMFinancialEntityProviderXREF,SXARCMFi
dbo.SXARCMFunction,Tbl_0f95e42f805043aab6ad24efd58cd2eb.htm,dbo,SXARCMFunction,SXARCMFunction,SXARCMFu
dbo.SXARCMFunctionTemplateXRef,Tbl_a204b9744ce046b4aa2ba7d5b27caabe.htm,dbo,SXARCMFunctionTemplateXRef,SXARCMFunctionTemplateXRef,SXARCMFu
dbo.SXARCMFunctionalIdentifierCode,Tbl_7da9b04c10a346d396a2504c74503adc.htm,dbo,SXARCMFunctionalIdentifierCode,SXARCMFunctionalIdentifierCode,SXARCMFu
dbo.SXARCMGLCompositionKeyConfig,Tbl_0829b7f97bb14e7b82c4b689e88dee0c.htm,dbo,SXARCMGLCompositionKeyConfig,SXARCMGLCompositionKeyConfig,SXARCMGL
dbo.SXARCMGLCompositionKeyTranslationConfig,Tbl_f1b9f4bb4f6545c594521c7ae1a531b0.htm,dbo,SXARCMGLCompositionKeyTranslationConfig,SXARCMGLCompositionKeyTranslationConfig,SXARCMGL
dbo.SXARCMGLCompositionKeyType,Tbl_d8d2bc76cdd34ed9acdd29dc0e23efd2.htm,dbo,SXARCMGLCompositionKeyType,SXARCMGLCompositionKeyType,SXARCMGL
dbo.SXARCMGLExtractConfiguration,Tbl_79e4456dd8584750855bf58101bcaa02.htm,dbo,SXARCMGLExtractConfiguration,SXARCMGLExtractConfiguration,SXARCMGL
dbo.SXARCMGLExtractType,Tbl_0510181103764b66901042d5f22e4dd7.htm,dbo,SXARCMGLExtractType,SXARCMGLExtractType,SXARCMGL
dbo.SXARCMGLFacilityConfig,Tbl_45b549f7ff5f4aec8097896d59fd578f.htm,dbo,SXARCMGLFacilityConfig,SXARCMGLFacilityConfig,SXARCMGL
dbo.SXARCMGLIncomeAnalysis,Tbl_0ecac48afc0341b4a6364a4d90727d21.htm,dbo,SXARCMGLIncomeAnalysis,SXARCMGLIncomeAnalysis,SXARCMGL
dbo.SXARCMGLKeyLookupOverrideDetail,Tbl_1f8ee79820c8496ab478facedfee9d2a.htm,dbo,SXARCMGLKeyLookupOverrideDetail,SXARCMGLKeyLookupOverrideDetail,SXARCMGL
dbo.SXARCMGLReportType,Tbl_d6d46e12fafe4233ba0823fcc88804ec.htm,dbo,SXARCMGLReportType,SXARCMGLReportType,SXARCMGL
dbo.SXARCMGLReportTypeExtractConfigXREF,Tbl_106816ae348c49a3b079df8f58131319.htm,dbo,SXARCMGLReportTypeExtractConfigXREF,SXARCMGLReportTypeExtractConfigXREF,SXARCMGL
dbo.SXARCMGLReportTypeLookupFileXREF,Tbl_e5cedac57f1e4262a3cb10fcf7a394a2.htm,dbo,SXARCMGLReportTypeLookupFileXREF,SXARCMGLReportTypeLookupFileXREF,SXARCMGL
dbo.SXARCMGMEConfiguration,Tbl_77f78924bb06468dbb4d81bef95e29b7.htm,dbo,SXARCMGMEConfiguration,SXARCMGMEConfiguration,SXARCMGM
dbo.SXARCMGlobalBillingCompleteCode,Tbl_7e2a041c20dd459f92893d3409d6b92f.htm,dbo,SXARCMGlobalBillingCompleteCode,SXARCMGlobalBillingCompleteCode,SXARCMGl
dbo.SXARCMGlobalBillingComponentCode,Tbl_1678ee0302f74107a41d7c01c666bfa7.htm,dbo,SXARCMGlobalBillingComponentCode,SXARCMGlobalBillingComponentCode,SXARCMGl
dbo.SXARCMGlobalBillingConfig,Tbl_1ad05adf4b514bf6baf55b15a9d29df4.htm,dbo,SXARCMGlobalBillingConfig,SXARCMGlobalBillingConfig,SXARCMGl
dbo.SXARCMGuarantorCollectionLevel,Tbl_ed1167db4919458e9923806e18ed232a.htm,dbo,SXARCMGuarantorCollectionLevel,SXARCMGuarantorCollectionLevel,SXARCMGu
dbo.SXARCMGuarantorCollectionLevelMessageXREF,Tbl_b9f96768461947e0bc8fa207eeb9f464.htm,dbo,SXARCMGuarantorCollectionLevelMessageXREF,SXARCMGuarantorCollectionLevelMessageXREF,SXARCMGu
dbo.SXARCMGuarantorCollectionProgression,Tbl_53143367cef24306a63d9f5259bf88ff.htm,dbo,SXARCMGuarantorCollectionProgression,SXARCMGuarantorCollectionProgression,SXARCMGu
dbo.SXARCMGuarantorMessage,Tbl_1ed7ceeae8fa40a59e0965e39d58ef9d.htm,dbo,SXARCMGuarantorMessage,SXARCMGuarantorMessage,SXARCMGu
dbo.SXARCMHL7ErrorCodeMaster,Tbl_a4abfb4e75c9434c9325bc26b16400d9.htm,dbo,SXARCMHL7ErrorCodeMaster,SXARCMHL7,SXARCMHL
dbo.SXARCMHL7OutboundTransactionConfiguration,Tbl_934b52420efd4f2fb0ff4102fbbe9080.htm,dbo,SXARCMHL7OutboundTransactionConfiguration,SXARCMHL7,SXARCMHL
dbo.SXARCMHoldReleaseSecondaryClaimOption,Tbl_85efe8f0d8504448a246004917cc3567.htm,dbo,SXARCMHoldReleaseSecondaryClaimOption,SXARCMHoldReleaseSecondaryClaimOption,SXARCMHo
dbo.SXARCMIDModifierValue,Tbl_ae70b9e9c4b541e88acf5103fc780035.htm,dbo,SXARCMIDModifierValue,SXARCMIDModifierValue,SXARCMID
dbo.SXARCMIDTypeConfig,Tbl_1199177e459040afa0584132942c4542.htm,dbo,SXARCMIDTypeConfig,SXARCMIDTypeConfig,SXARCMID
dbo.SXARCMILStatusCode,Tbl_0924d71bb8fa4dab9d533a753475d98b.htm,dbo,SXARCMILStatusCode,SXARCMILStatusCode,SXARCMIL
dbo.SXARCMInsuranceAdjustmentDenialConfig,Tbl_5ff427440d994429bf35ce95cd2be90e.htm,dbo,SXARCMInsuranceAdjustmentDenialConfig,SXARCMInsuranceAdjustmentDenialConfig,SXARCMIn
dbo.SXARCMInsurancePlan,Tbl_18435dfa272543adab27cfa828c39af6.htm,dbo,SXARCMInsurancePlan,SXARCMInsurancePlan,SXARCMIn
dbo.SXARCMInsurancePlanPayerIdentifierXref,Tbl_9397a1fb3c81425f9229dc58eefd7736.htm,dbo,SXARCMInsurancePlanPayerIdentifierXref,SXARCMInsurancePlanPayerIdentifierXref,SXARCMIn
dbo.SXARCMInsuranceRemittanceAllocation,Tbl_cac139b8c62349bdb9d897fd1d00e2f9.htm,dbo,SXARCMInsuranceRemittanceAllocation,SXARCMInsuranceRemittanceAllocation,SXARCMIn
dbo.SXARCMInsuranceRemittanceConfiguration,Tbl_27bd14746bff4619ab428a556d22bb81.htm,dbo,SXARCMInsuranceRemittanceConfiguration,SXARCMInsuranceRemittanceConfiguration,SXARCMIn
dbo.SXARCMInsuranceRemittanceDentalAllocation,Tbl_fe7b1eae4003437b97401755d2c03e33.htm,dbo,SXARCMInsuranceRemittanceDentalAllocation,SXARCMInsuranceRemittanceDentalAllocation,SXARCMIn
dbo.SXARCMInsuranceRemittanceInstitutionalAllocation,Tbl_3760cb851f894a60a42d1fe3b9dcf077.htm,dbo,SXARCMInsuranceRemittanceInstitutionalAllocation,SXARCMInsuranceRemittanceInstitutionalAllocation,SXARCMIn
dbo.SXARCMInsuranceRemittanceLocationConfiguration,Tbl_cf325681eacd47e3828acb1645d2b191.htm,dbo,SXARCMInsuranceRemittanceLocationConfiguration,SXARCMInsuranceRemittanceLocationConfiguration,SXARCMIn
dbo.SXARCMInsuranceRemittanceLocationFacilityCode,Tbl_942a8100dace4ef2b9dae1416b438367.htm,dbo,SXARCMInsuranceRemittanceLocationFacilityCode,SXARCMInsuranceRemittanceLocationFacilityCode,SXARCMIn
dbo.SXARCMInsuranceRemittanceLocationPOSCode,Tbl_ba9eeb0960444436995f9553bba67e51.htm,dbo,SXARCMInsuranceRemittanceLocationPOSCode,SXARCMInsuranceRemittanceLocationPOSCode,SXARCMIn
dbo.SXARCMInsuranceRemittanceLocationProxyTxnCode,Tbl_252970f8108148f4b8e257fe5031bd57.htm,dbo,SXARCMInsuranceRemittanceLocationProxyTxnCode,SXARCMInsuranceRemittanceLocationProxyTxnCode,SXARCMIn
dbo.SXARCMInsuranceRemittanceProfessionalAllocation,Tbl_0737f5f116694dc09e738a877ba84dbe.htm,dbo,SXARCMInsuranceRemittanceProfessionalAllocation,SXARCMInsuranceRemittanceProfessionalAllocation,SXARCMIn
dbo.SXARCMInsuranceTaxConfiguration,Tbl_3b4126badfcf406ba5a4f0aad12a9de3.htm,dbo,SXARCMInsuranceTaxConfiguration,SXARCMInsuranceTaxConfiguration,SXARCMIn
dbo.SXARCMInsuranceVerification,Tbl_f2e37373599a4de5b6a837d004b011e9.htm,dbo,SXARCMInsuranceVerification,SXARCMInsuranceVerification,SXARCMIn
dbo.SXARCMInterfaceFileExtractDefinition,Tbl_31273b80d4004c41a3c538f1892fd703.htm,dbo,SXARCMInterfaceFileExtractDefinition,SXARCMInterfaceFileExtractDefinition,SXARCMIn
dbo.SXARCMInterimType,Tbl_72d312d3a05d416680d461f31fa88bfa.htm,dbo,SXARCMInterimType,SXARCMInterimType,SXARCMIn
dbo.SXARCMIssueRefundTo,Tbl_d5d905390d914e839aac16712462e3cd.htm,dbo,SXARCMIssueRefundTo,SXARCMIssueRefundTo,SXARCMIs
dbo.SXARCMJobCatalog,Tbl_47b9a32c30114545ac572d2beb14acaa.htm,dbo,SXARCMJobCatalog,SXARCMJobCatalog,SXARCMJo
dbo.SXARCMJobCategory,Tbl_82bc7c424fa845dabec15b3a64280cb2.htm,dbo,SXARCMJobCategory,SXARCMJobCategory,SXARCMJo
dbo.SXARCMJobStatus,Tbl_addfbb6c7e31405e9fd64296fc932694.htm,dbo,SXARCMJobStatus,SXARCMJobStatus,SXARCMJo
dbo.SXARCMJobWorkerConfig,Tbl_96b516f334e84d559c19b9805d308c01.htm,dbo,SXARCMJobWorkerConfig,SXARCMJobWorkerConfig,SXARCMJo
dbo.SXARCMJobWorkerType,Tbl_cad140de725247438d8a8427e434e7f0.htm,dbo,SXARCMJobWorkerType,SXARCMJobWorkerType,SXARCMJo
dbo.SXARCMKeyMap,Tbl_c648663311544f6fa7242667269bc7ed.htm,dbo,SXARCMKeyMap,SXARCMKeyMap,SXARCMKe
dbo.SXARCMLabPanelComponents,Tbl_61b1a8bb6cd940ca88cd3054fe79aa90.htm,dbo,SXARCMLabPanelComponents,SXARCMLabPanelComponents,SXARCMLa
dbo.SXARCMLabPanelConfig,Tbl_500712b3fab040a884a4bb5e33e67451.htm,dbo,SXARCMLabPanelConfig,SXARCMLabPanelConfig,SXARCMLa
dbo.SXARCMLabPanelDetail,Tbl_24afbe2736474eccbd0ff410dc3c9927.htm,dbo,SXARCMLabPanelDetail,SXARCMLabPanelDetail,SXARCMLa
dbo.SXARCMLateChargeConfiguration,Tbl_c9c7fcc6d8a54cccbc6ab015b635b577.htm,dbo,SXARCMLateChargeConfiguration,SXARCMLateChargeConfiguration,SXARCMLa
dbo.SXARCMLateChargeConfigurationException,Tbl_83b282f6f30e41a888319d029e84348e.htm,dbo,SXARCMLateChargeConfigurationException,SXARCMLateChargeConfigurationException,SXARCMLa
dbo.SXARCMLateChargeFacilityWriteOffCode,Tbl_53aff02171284fe6ae608eed664c1bee.htm,dbo,SXARCMLateChargeFacilityWriteOffCode,SXARCMLateChargeFacilityWriteOffCode,SXARCMLa
dbo.SXARCMLateChargeProcessingRequest,Tbl_97e80d2a90954149a48cddf97ac496a2.htm,dbo,SXARCMLateChargeProcessingRequest,SXARCMLateChargeProcessingRequest,SXARCMLa
dbo.SXARCMLateChargeSort,Tbl_89459569d6f144758d952cf9e4ff985b.htm,dbo,SXARCMLateChargeSort,SXARCMLateChargeSort,SXARCMLa
dbo.SXARCMLateChargeSpecialHandling,Tbl_e8df614b93a0470db07b3ec7803a0277.htm,dbo,SXARCMLateChargeSpecialHandling,SXARCMLateChargeSpecialHandling,SXARCMLa
dbo.SXARCMLateChargeTransactionAndAdjustmentXREF,Tbl_6993bb89fe6e4214bc48aa91976c74b7.htm,dbo,SXARCMLateChargeTransactionAndAdjustmentXREF,SXARCMLateChargeTransactionAndAdjustmentXREF,SXARCMLa
dbo.SXARCMLocationTransferTransactionCode,Tbl_3c9a38d480d44487bf3efb5cd3f966e3.htm,dbo,SXARCMLocationTransferTransactionCode,SXARCMLocationTransferTransactionCode,SXARCMLo
dbo.SXARCMLockboxFileStatus,Tbl_1fae2b9293f24ae3a93ab849a73e163b.htm,dbo,SXARCMLockboxFileStatus,SXARCMLockboxFileStatus,SXARCMLo
dbo.SXARCMLockboxProcessingConfiguration,Tbl_b8df2a0b8db9441b9f32485c523f1c0f.htm,dbo,SXARCMLockboxProcessingConfiguration,SXARCMLockboxProcessingConfiguration,SXARCMLo
dbo.SXARCMLockboxProcessingTransactionCodeSetup,Tbl_19304dd35b1341afb2c1f7b1ed757b42.htm,dbo,SXARCMLockboxProcessingTransactionCodeSetup,SXARCMLockboxProcessingTransactionCodeSetup,SXARCMLo
dbo.SXARCMLockboxVendor,Tbl_62ef2cfcbdf8419f8bf77fbfb4986745.htm,dbo,SXARCMLockboxVendor,SXARCMLockboxVendor,SXARCMLo
dbo.SXARCMLockboxVendorFacilityXref,Tbl_603cc0b4d5924e9bbfb2f0d0bd283006.htm,dbo,SXARCMLockboxVendorFacilityXref,SXARCMLockboxVendorFacilityXref,SXARCMLo
dbo.SXARCMLockboxVendorGroupPracticeXref,Tbl_bc41c55eb98d4763a72b88a6401650b6.htm,dbo,SXARCMLockboxVendorGroupPracticeXref,SXARCMLockboxVendorGroupPracticeXref,SXARCMLo
dbo.SXARCMLogCategory,Tbl_ef6e1b4959114b72b326982e3788980a.htm,dbo,SXARCMLogCategory,SXARCMLogCategory,SXARCMLo
dbo.SXARCMLogContextType,Tbl_9c7f4b02d6304ecfaa3996c47d82505a.htm,dbo,SXARCMLogContextType,SXARCMLogContextType,SXARCMLo
dbo.SXARCMLogLevel,Tbl_9f7ba863d6ea4509b2e43e93131d2eff.htm,dbo,SXARCMLogLevel,SXARCMLogLevel,SXARCMLo
dbo.SXARCMLogMessage,Tbl_aaf918d68c6d4396a5a0cfeec1fe055c.htm,dbo,SXARCMLogMessage,SXARCMLogMessage,SXARCMLo
dbo.SXARCMLogicalEpisode,Tbl_cf4675c13c5443b0961649b6f080329e.htm,dbo,SXARCMLogicalEpisode,SXARCMLogicalEpisode,SXARCMLo
dbo.SXARCMMMMToSFMEditMapping,Tbl_b6fca8b99b4640c5ba5cbfdba260de5c.htm,dbo,SXARCMMMMToSFMEditMapping,SXARCMMMMToSFMEditMapping,SXARCMMM
dbo.SXARCMMacro,Tbl_06e0aa7388e440c6affeb23f593deed4.htm,dbo,SXARCMMacro,SXARCMMacro,SXARCMMa
dbo.SXARCMMacroMacroRuleXREF,Tbl_8228ba0b77344bd3a62fc5a16b093508.htm,dbo,SXARCMMacroMacroRuleXREF,SXARCMMacroMacroRuleXREF,SXARCMMa
dbo.SXARCMMacroRule,Tbl_3e65b2c8f48c481a8d418c217e0b9759.htm,dbo,SXARCMMacroRule,SXARCMMacroRule,SXARCMMa
dbo.SXARCMManualBillingCodeGroupXRef,Tbl_f2d9442e12d8436aad478a1f29713295.htm,dbo,SXARCMManualBillingCodeGroupXRef,SXARCMManualBillingCodeGroupXRef,SXARCMMa
dbo.SXARCMMeasurementQualifier,Tbl_ae9a85945b5943e9a1f602052062fc36.htm,dbo,SXARCMMeasurementQualifier,SXARCMMeasurementQualifier,SXARCMMe
dbo.SXARCMMeasurementReferenceIDCode,Tbl_77613e0ee81148baa3830a5c0574eb7d.htm,dbo,SXARCMMeasurementReferenceIDCode,SXARCMMeasurementReferenceIDCode,SXARCMMe
dbo.SXARCMMedicareDeductible,Tbl_02eb15e24c1a4bdc899db7c5ee4541f5.htm,dbo,SXARCMMedicareDeductible,SXARCMMedicareDeductible,SXARCMMe
dbo.SXARCMMenu,Tbl_84ec9a94f6814150b9abc1982ce913ed.htm,dbo,SXARCMMenu,SXARCMMenu,SXARCMMe
dbo.SXARCMMenuGroup,Tbl_ef1b55045bb844c3befade9b84c4bf63.htm,dbo,SXARCMMenuGroup,SXARCMMenuGroup,SXARCMMe
dbo.SXARCMMenuGroupXREF,Tbl_8389a53f02234bceb4b0477621e5b18e.htm,dbo,SXARCMMenuGroupXREF,SXARCMMenuGroupXREF,SXARCMMe
dbo.SXARCMMigratedPluginConfig,Tbl_a515ccc6742c450d8840d8fc7d2e5454.htm,dbo,SXARCMMigratedPluginConfig,SXARCMMigratedPluginConfig,SXARCMMi
dbo.SXARCMModuleType,Tbl_e90c10fd0c7d4e41a8ff2e33ebf104bc.htm,dbo,SXARCMModuleType,SXARCMModuleType,SXARCMMo
dbo.SXARCMNPRAutoAdjustmentConfig,Tbl_e59b9831201a4fd0bb8b52cbdd8f8888.htm,dbo,SXARCMNPRAutoAdjustmentConfig,SXARCMNPRAutoAdjustmentConfig,SXARCMNP
dbo.SXARCMNYCategoryOfServiceCode,Tbl_238d38d2d03c4c819a9fb0b98bc70861.htm,dbo,SXARCMNYCategoryOfServiceCode,SXARCMNYCategoryOfServiceCode,SXARCMNY
dbo.SXARCMNYCategoryOfServiceCodeTranslation,Tbl_861d7c8abe8543bb98fd025d35def298.htm,dbo,SXARCMNYCategoryOfServiceCodeTranslation,SXARCMNYCategoryOfServiceCodeTranslation,SXARCMNY
dbo.SXARCMNYFacilityType,Tbl_567fb1f9b9c4420e87eeb162ca4707bc.htm,dbo,SXARCMNYFacilityType,SXARCMNYFacilityType,SXARCMNY
dbo.SXARCMNYFacilityTypeTranslation,Tbl_7fc6ee11fedf4922b1c849ba32470e39.htm,dbo,SXARCMNYFacilityTypeTranslation,SXARCMNYFacilityTypeTranslation,SXARCMNY
dbo.SXARCMNYInsuranceReportingDetail,Tbl_10f1a031bc3e419b8157cc8d3130810e.htm,dbo,SXARCMNYInsuranceReportingDetail,SXARCMNYInsuranceReportingDetail,SXARCMNY
dbo.SXARCMNYLocationOfServiceCodeTranslation,Tbl_a893f066fe4947bdb0732ce20135e214.htm,dbo,SXARCMNYLocationOfServiceCodeTranslation,SXARCMNYLocationOfServiceCodeTranslation,SXARCMNY
dbo.SXARCMNYLocationType,Tbl_644afe2efe1047d989271fae3b6a27b5.htm,dbo,SXARCMNYLocationType,SXARCMNYLocationType,SXARCMNY
dbo.SXARCMNYLocationTypeTranslation,Tbl_b34f5a5d87694e2a8eae781220760ab8.htm,dbo,SXARCMNYLocationTypeTranslation,SXARCMNYLocationTypeTranslation,SXARCMNY
dbo.SXARCMNYRuleConfigCode,Tbl_8a8ea49038414c85ba7b1c9252554a72.htm,dbo,SXARCMNYRuleConfigCode,SXARCMNYRuleConfigCode,SXARCMNY
dbo.SXARCMNYRuleConfigDictionaryType,Tbl_2fdbc26353544f1cbc3ad1eddf3a6b01.htm,dbo,SXARCMNYRuleConfigDictionaryType,SXARCMNYRuleConfigDictionaryType,SXARCMNY
dbo.SXARCMNYSpecialtyCode,Tbl_bd180315a19f434984a29ac668b76230.htm,dbo,SXARCMNYSpecialtyCode,SXARCMNYSpecialtyCode,SXARCMNY
dbo.SXARCMNYSpecialtyCodeTranslation,Tbl_782731d2b809426f8ba7b86d2d310626.htm,dbo,SXARCMNYSpecialtyCodeTranslation,SXARCMNYSpecialtyCodeTranslation,SXARCMNY
dbo.SXARCMNoPayClaimDetail,Tbl_97d1fd94bfc2405592708eec474e738b.htm,dbo,SXARCMNoPayClaimDetail,SXARCMNoPayClaimDetail,SXARCMNo
dbo.SXARCMNonPatientFinancialClassConfiguration,Tbl_3f22da3b0eea40b59d76d8fb4c80aba5.htm,dbo,SXARCMNonPatientFinancialClassConfiguration,SXARCMNonPatientFinancialClassConfiguration,SXARCMNo
dbo.SXARCMNonPrimaryBillingProcessingOption,Tbl_46499347bf554c328469f84952bc5b23.htm,dbo,SXARCMNonPrimaryBillingProcessingOption,SXARCMNonPrimaryBillingProcessingOption,SXARCMNo
dbo.SXARCMNonPrimaryBillingReleaseOption,Tbl_eeb9c24c29da4779a97bfb0112a9c1af.htm,dbo,SXARCMNonPrimaryBillingReleaseOption,SXARCMNonPrimaryBillingReleaseOption,SXARCMNo
dbo.SXARCMNonReceivableTransactionCode,Tbl_c5891971b7044bfc8f3630351c80343d.htm,dbo,SXARCMNonReceivableTransactionCode,SXARCMNonReceivableTransactionCode,SXARCMNo
dbo.SXARCMNotificationRequestMachine,Tbl_99114fcb88bc451880be248577789632.htm,dbo,SXARCMNotificationRequestMachine,SXARCMNotificationRequestMachine,SXARCMNo
dbo.SXARCMObjectType,Tbl_4cb5553465e447fb9d3986d22989b1b9.htm,dbo,SXARCMObjectType,SXARCMObjectType,SXARCMOb
dbo.SXARCMObservationInterruption,Tbl_abf2804b8ad24f138f7333fc494cf243.htm,dbo,SXARCMObservationInterruption,SXARCMObservationInterruption,SXARCMOb
dbo.SXARCMObservationInterruptionDetail,Tbl_3bb9f4dd7c354f5992f2c45c80e460ef.htm,dbo,SXARCMObservationInterruptionDetail,SXARCMObservationInterruptionDetail,SXARCMOb
dbo.SXARCMObservationRoundingDictionary,Tbl_b9e58c2b6a9847208a06ec5012e66311.htm,dbo,SXARCMObservationRoundingDictionary,SXARCMObservationRoundingDictionary,SXARCMOb
dbo.SXARCMObservationTierPricingConfig,Tbl_a020a7c637894cc6b663e1e8211e9c04.htm,dbo,SXARCMObservationTierPricingConfig,SXARCMObservationTierPricingConfig,SXARCMOb
dbo.SXARCMOperationalJob,Tbl_f1a4720205824cba8637bda23de50eaf.htm,dbo,SXARCMOperationalJob,SXARCMOperationalJob,SXARCMOp
dbo.SXARCMOralCavityCode,Tbl_8cadab6c6139437690e15b9deb16c7a4.htm,dbo,SXARCMOralCavityCode,SXARCMOralCavityCode,SXARCMOr
dbo.SXARCMOrderingProviderSpecialty,Tbl_b67acc3001da48ae8cfdd7c0f5f966b1.htm,dbo,SXARCMOrderingProviderSpecialty,SXARCMOrderingProviderSpecialty,SXARCMOr
dbo.SXARCMOutputConfiguration,Tbl_10aade8c340048e297364c4cc2f21fd9.htm,dbo,SXARCMOutputConfiguration,SXARCMOutputConfiguration,SXARCMOu
dbo.SXARCMOutputMediaType,Tbl_a71001eccd124360995fee911d84b330.htm,dbo,SXARCMOutputMediaType,SXARCMOutputMediaType,SXARCMOu
dbo.SXARCMOutputType,Tbl_31ea0405cffa44f6a7f3cc31708cdb35.htm,dbo,SXARCMOutputType,SXARCMOutputType,SXARCMOu
dbo.SXARCMPFAToPrinterMapping,Tbl_1e5e4d8a06e24118a55d7dff47e08d5b.htm,dbo,SXARCMPFAToPrinterMapping,SXARCMPFAToPrinterMapping,SXARCMPF
dbo.SXARCMPGCombiningOption,Tbl_498567fefbca433eb45736a5acfbb316.htm,dbo,SXARCMPGCombiningOption,SXARCMPGCombiningOption,SXARCMPG
dbo.SXARCMPGCombiningOptionGroup,Tbl_75a365ba276841f2b482ee3c2f781f0e.htm,dbo,SXARCMPGCombiningOptionGroup,SXARCMPGCombiningOptionGroup,SXARCMPG
dbo.SXARCMPGCombiningOptionGroupDetail,Tbl_2b68e24b0a9f47b2b44e92f765f38691.htm,dbo,SXARCMPGCombiningOptionGroupDetail,SXARCMPGCombiningOptionGroupDetail,SXARCMPG
dbo.SXARCMPGRemittanceAdjFacilityConfig,Tbl_afd859d7494d4cabbed6855636c74e65.htm,dbo,SXARCMPGRemittanceAdjFacilityConfig,SXARCMPGRemittanceAdjFacilityConfig,SXARCMPG
dbo.SXARCMPGStatementCombineGroup,Tbl_42d2e37c4bbc45b9843c96ff2485608e.htm,dbo,SXARCMPGStatementCombineGroup,SXARCMPGStatementCombineGroup,SXARCMPG
dbo.SXARCMPGStatementCombineGroupWorksheetXREF,Tbl_10eafe07edb042cabf2e7dfad8a56145.htm,dbo,SXARCMPGStatementCombineGroupWorksheetXREF,SXARCMPGStatementCombineGroupWorksheetXREF,SXARCMPG
dbo.SXARCMPOACode,Tbl_ea4a0d8b898747f39ac943a64feab5d2.htm,dbo,SXARCMPOACode,SXARCMPOACode,SXARCMPO
dbo.SXARCMPOACodeDictionary,Tbl_2b94173035f8446ab3d4967ffab64b08.htm,dbo,SXARCMPOACodeDictionary,SXARCMPOACodeDictionary,SXARCMPO
dbo.SXARCMPOAGrouper,Tbl_56255408629646f1802bdbe2bc57cf75.htm,dbo,SXARCMPOAGrouper,SXARCMPOAGrouper,SXARCMPO
dbo.SXARCMPPS3MAYIndicator,Tbl_5e55a629e0f741a6acb2df4263c011ad.htm,dbo,SXARCMPPS3MAYIndicator,SXARCMPPS3,SXARCMPP
dbo.SXARCMPPS3MClaimProcessingConfiguration,Tbl_7b28fe4f09704e969002b8c7e554dc08.htm,dbo,SXARCMPPS3MClaimProcessingConfiguration,SXARCMPPS3,SXARCMPP
dbo.SXARCMPPS3MComorbidityCategory,Tbl_7f519bb262f14b50b460d578ec4e0ec1.htm,dbo,SXARCMPPS3MComorbidityCategory,SXARCMPPS3,SXARCMPP
dbo.SXARCMPPS3MContentGrouperVersion,Tbl_95394d4f1948445faa5fbae5ecc8e38f.htm,dbo,SXARCMPPS3MContentGrouperVersion,SXARCMPPS3,SXARCMPP
dbo.SXARCMPPS3MContentVersion,Tbl_f540863667244434bdc4c9759b816c02.htm,dbo,SXARCMPPS3MContentVersion,SXARCMPPS3,SXARCMPP
dbo.SXARCMPPS3MContentVersionField,Tbl_22feadc7cf224eccb1cd42f4c86c937e.htm,dbo,SXARCMPPS3MContentVersionField,SXARCMPPS3,SXARCMPP
dbo.SXARCMPPS3MDiagnosisCC,Tbl_3d1c07e0ac3d46c38c1160514807def6.htm,dbo,SXARCMPPS3MDiagnosisCC,SXARCMPPS3,SXARCMPP
dbo.SXARCMPPS3MDictionary,Tbl_ce072eb98356465287d62effb21cacac.htm,dbo,SXARCMPPS3MDictionary,SXARCMPPS3,SXARCMPP
dbo.SXARCMPPS3MDictionaryDefaultValuesXREF,Tbl_df790a20611f45bfb4f29bb9e84f0274.htm,dbo,SXARCMPPS3MDictionaryDefaultValuesXREF,SXARCMPPS3,SXARCMPP
dbo.SXARCMPPS3MDictionaryValues,Tbl_bd406266344c4edc87b75afd87eaef9b.htm,dbo,SXARCMPPS3MDictionaryValues,SXARCMPPS3,SXARCMPP
dbo.SXARCMPPS3MDisposition,Tbl_63d2e22d63aa49bc9b57311e77fbd643.htm,dbo,SXARCMPPS3MDisposition,SXARCMPPS3,SXARCMPP
dbo.SXARCMPPS3MGrouperCallDictionary,Tbl_ce05e62713e44bd18f5aa0b4fc012e97.htm,dbo,SXARCMPPS3MGrouperCallDictionary,SXARCMPPS3,SXARCMPP
dbo.SXARCMPPS3MInsuranceField,Tbl_b8f3abb1b5244f178d51bf286176cbcf.htm,dbo,SXARCMPPS3MInsuranceField,SXARCMPPS3,SXARCMPP
dbo.SXARCMPPS3MOutlierEligibleIndicator,Tbl_c9b1a4989d0d4e9490ac05a95cf9c854.htm,dbo,SXARCMPPS3MOutlierEligibleIndicator,SXARCMPPS3,SXARCMPP
dbo.SXARCMPPS3MOutputData,Tbl_4fb8b9713ce84f16a5cd141d4e163dfb.htm,dbo,SXARCMPPS3MOutputData,SXARCMPPS3,SXARCMPP
dbo.SXARCMPPS3MOutputDiagnosisComorbidityCategory,Tbl_202d0d4924254cbc8fcf01f074c4d8f8.htm,dbo,SXARCMPPS3MOutputDiagnosisComorbidityCategory,SXARCMPPS3,SXARCMPP
dbo.SXARCMPPS3MOutputDiagnosisFinalCcMccFlag,Tbl_65ca85ef6c30445687f55c6d972ce33f.htm,dbo,SXARCMPPS3MOutputDiagnosisFinalCcMccFlag,SXARCMPPS3,SXARCMPP
dbo.SXARCMPPS3MOutputEditData,Tbl_f0faa89afc344c78b5973f0aab6198b1.htm,dbo,SXARCMPPS3MOutputEditData,SXARCMPPS3,SXARCMPP
dbo.SXARCMPPS3MOutputItemData,Tbl_b9d96d8f594d425786ed47b2f187d321.htm,dbo,SXARCMPPS3MOutputItemData,SXARCMPPS3,SXARCMPP
dbo.SXARCMPPS3MOutputItemEditData,Tbl_0abc22d0146340dd90b471901b60dde8.htm,dbo,SXARCMPPS3MOutputItemEditData,SXARCMPPS3,SXARCMPP
dbo.SXARCMPPS3MOutputSecondaryDiagnosis,Tbl_138dfb06385d42c08869d42f7ab9fb57.htm,dbo,SXARCMPPS3MOutputSecondaryDiagnosis,SXARCMPPS3,SXARCMPP
dbo.SXARCMPPS3MPOA,Tbl_4bdb4ab3081c41f0831286e94dcb7efd.htm,dbo,SXARCMPPS3MPOA,SXARCMPPS3,SXARCMPP
dbo.SXARCMPPS3MPricingStatus,Tbl_25dc6834c39d4a598cb490a893c04772.htm,dbo,SXARCMPPS3MPricingStatus,SXARCMPPS3,SXARCMPP
dbo.SXARCMPPS3MProduct,Tbl_5621f55278f340ceb5e652cac4830ace.htm,dbo,SXARCMPPS3MProduct,SXARCMPPS3,SXARCMPP
dbo.SXARCMPPS3MReimbGrouperEditor,Tbl_69559ab953f4478182da236e9fd73ae6.htm,dbo,SXARCMPPS3MReimbGrouperEditor,SXARCMPPS3,SXARCMPP
dbo.SXARCMPPS3MSchemeScheduleTypeJSONQuery,Tbl_267b13868bd24a1a80d1da85fbc220ea.htm,dbo,SXARCMPPS3MSchemeScheduleTypeJSONQuery,SXARCMPPS3,SXARCMPP
dbo.SXARCMPPS3MTranslationDictionary,Tbl_49936672705e45f190af5ec429bbf9ca.htm,dbo,SXARCMPPS3MTranslationDictionary,SXARCMPPS3,SXARCMPP
dbo.SXARCMPPS3MTranslationDictionaryCode,Tbl_911cc878590f49ba8165bfa9f53cb999.htm,dbo,SXARCMPPS3MTranslationDictionaryCode,SXARCMPPS3,SXARCMPP
dbo.SXARCMPPS3MTranslationDictionaryCodeEntry,Tbl_8d6234ffa15345f6b80272e045c21e69.htm,dbo,SXARCMPPS3MTranslationDictionaryCodeEntry,SXARCMPPS3,SXARCMPP
dbo.SXARCMPPS3MTranslationDischargeStatus,Tbl_f7fb69413752408ca7acf24c3f68b482.htm,dbo,SXARCMPPS3MTranslationDischargeStatus,SXARCMPPS3,SXARCMPP
dbo.SXARCMPPS3MTranslationGender,Tbl_f7cf70d3df2f43878bdc296127081e61.htm,dbo,SXARCMPPS3MTranslationGender,SXARCMPPS3,SXARCMPP
dbo.SXARCMPPS3MTranslationLevelOfNursery,Tbl_f3eeaeb45af9470ba57927744b07249a.htm,dbo,SXARCMPPS3MTranslationLevelOfNursery,SXARCMPPS3,SXARCMPP
dbo.SXARCMPPS3MTranslationMilitaryStatus,Tbl_2c2116b2c620415fb4134c63938f3287.htm,dbo,SXARCMPPS3MTranslationMilitaryStatus,SXARCMPPS3,SXARCMPP
dbo.SXARCMPPS3MTranslationPlaceOfService,Tbl_07bd22d266db4995a4da0dbc13fc90b0.htm,dbo,SXARCMPPS3MTranslationPlaceOfService,SXARCMPPS3,SXARCMPP
dbo.SXARCMPPS3MTranslationPointOfOrigin,Tbl_d9d25180a0154a30ae529f7a78538eaa.htm,dbo,SXARCMPPS3MTranslationPointOfOrigin,SXARCMPPS3,SXARCMPP
dbo.SXARCMPPS3MTranslationSpecialtyCode,Tbl_9e01163db0ea40df8e6b3bb17c58c780.htm,dbo,SXARCMPPS3MTranslationSpecialtyCode,SXARCMPPS3,SXARCMPP
dbo.SXARCMPPS3MTranslationTypeOfAdmission,Tbl_4e448704ef1840bc8a498b80c9f41d3b.htm,dbo,SXARCMPPS3MTranslationTypeOfAdmission,SXARCMPPS3,SXARCMPP
dbo.SXARCMPPS3MTranslationTypeOfService,Tbl_f0cb22c3a51c4a6eb8ae6fb4dbff5b2c.htm,dbo,SXARCMPPS3MTranslationTypeOfService,SXARCMPPS3,SXARCMPP
dbo.SXARCMPPSGrouperPricer,Tbl_73b122111de54dc7859d62a5d3f344ae.htm,dbo,SXARCMPPSGrouperPricer,SXARCMPPSGrouperPricer,SXARCMPP
dbo.SXARCMPPSInsuranceConfig,Tbl_22523ff18bea4ec2be62572d34b74262.htm,dbo,SXARCMPPSInsuranceConfig,SXARCMPPSInsuranceConfig,SXARCMPP
dbo.SXARCMPPSInsuranceConfigDetail,Tbl_1e8ae5dac23b45b89ca36d2bf1e31cd0.htm,dbo,SXARCMPPSInsuranceConfigDetail,SXARCMPPSInsuranceConfigDetail,SXARCMPP
dbo.SXARCMPPSItemPaymentIndicatorDictionary,Tbl_10ae5d189a4d43fe8eebb2fe1294f2ae.htm,dbo,SXARCMPPSItemPaymentIndicatorDictionary,SXARCMPPSItemPaymentIndicatorDictionary,SXARCMPP
dbo.SXARCMPPSItemStatusCodeDictionary,Tbl_f51bc99005d540bba6d64bb57b7e2a43.htm,dbo,SXARCMPPSItemStatusCodeDictionary,SXARCMPPSItemStatusCodeDictionary,SXARCMPP
dbo.SXARCMPPSMedicalSurgicalDRGFlagDictionary,Tbl_9c8df4eaf67b433191b3968232db2718.htm,dbo,SXARCMPPSMedicalSurgicalDRGFlagDictionary,SXARCMPPSMedicalSurgicalDRGFlagDictionary,SXARCMPP
dbo.SXARCMPPSPaymentStatusDictionary,Tbl_52fd8811be2446e79fc6a595248ae01c.htm,dbo,SXARCMPPSPaymentStatusDictionary,SXARCMPPSPaymentStatusDictionary,SXARCMPP
dbo.SXARCMPPSProcedureAPCCodeDictionary,Tbl_6115150b67134510a7a3b64a000659cc.htm,dbo,SXARCMPPSProcedureAPCCodeDictionary,SXARCMPPSProcedureAPCCodeDictionary,SXARCMPP
dbo.SXARCMPPSSNFClaimLineOutputData,Tbl_0cfc7a4f9ad44b149c5bcabb9ecd6dbb.htm,dbo,SXARCMPPSSNFClaimLineOutputData,SXARCMPPSSNFClaimLineOutputData,SXARCMPP
dbo.SXARCMPPSVendor,Tbl_6dd72ab7794e4ef5aa8c3f72ab776334.htm,dbo,SXARCMPPSVendor,SXARCMPPSVendor,SXARCMPP
dbo.SXARCMPanelSubPanelField,Tbl_99314dda3a6e4ef08640598db23abbfa.htm,dbo,SXARCMPanelSubPanelField,SXARCMPanelSubPanelField,SXARCMPa
dbo.SXARCMPanelSubPanelTypeXREF,Tbl_b2a3461d483a4fa5a847da04901be81c.htm,dbo,SXARCMPanelSubPanelTypeXREF,SXARCMPanelSubPanelTypeXREF,SXARCMPa
dbo.SXARCMPatientGuarantorRemitLocationConfig,Tbl_8b26deca4180420bb36c46307c360e85.htm,dbo,SXARCMPatientGuarantorRemitLocationConfig,SXARCMPatientGuarantorRemitLocationConfig,SXARCMPa
dbo.SXARCMPatientGuarantorRemittanceConfig,Tbl_7b047c240e184fa08948d32508ba62be.htm,dbo,SXARCMPatientGuarantorRemittanceConfig,SXARCMPatientGuarantorRemittanceConfig,SXARCMPa
dbo.SXARCMPatientResponsibility,Tbl_1335dbf5248245caa6474bacba6d23db.htm,dbo,SXARCMPatientResponsibility,SXARCMPatientResponsibility,SXARCMPa
dbo.SXARCMPatientResponsibilityCoinsurance,Tbl_9c0d1ed633234a14b79abb4c73486708.htm,dbo,SXARCMPatientResponsibilityCoinsurance,SXARCMPatientResponsibilityCoinsurance,SXARCMPa
dbo.SXARCMPatientResponsibilityCopay,Tbl_ec418fee224c4568bbbac5ad86d95433.htm,dbo,SXARCMPatientResponsibilityCopay,SXARCMPatientResponsibilityCopay,SXARCMPa
dbo.SXARCMPatientResponsibilityDeductible,Tbl_7499bd6cbee8412887ccf9f321502863.htm,dbo,SXARCMPatientResponsibilityDeductible,SXARCMPatientResponsibilityDeductible,SXARCMPa
dbo.SXARCMPayAdjRemarkCode,Tbl_f820bea68b574354973fc6e6f5907bda.htm,dbo,SXARCMPayAdjRemarkCode,SXARCMPayAdjRemarkCode,SXARCMPa
dbo.SXARCMPayerIdentifierType,Tbl_6c794d8db73744c799038ef69560c791.htm,dbo,SXARCMPayerIdentifierType,SXARCMPayerIdentifierType,SXARCMPa
dbo.SXARCMPaymentAdjTxnDetailAlternatePaymentSrcXREF,Tbl_e5696883aa7148f285e761581bd55459.htm,dbo,SXARCMPaymentAdjTxnDetailAlternatePaymentSrcXREF,SXARCMPaymentAdjTxnDetailAlternatePaymentSrcXREF,SXARCMPa
dbo.SXARCMPaymentAdjTxnDetailTxnReasonNoteXREF,Tbl_dfef0be26d6b45148f8c2f9444f6ad95.htm,dbo,SXARCMPaymentAdjTxnDetailTxnReasonNoteXREF,SXARCMPaymentAdjTxnDetailTxnReasonNoteXREF,SXARCMPa
dbo.SXARCMPaymentAdjustmentColumnConfiguration,Tbl_c3aea4ee3ace4e55b924b8a5166924b2.htm,dbo,SXARCMPaymentAdjustmentColumnConfiguration,SXARCMPaymentAdjustmentColumnConfiguration,SXARCMPa
dbo.SXARCMPaymentAdjustmentTransactionDetail,Tbl_b48dc8405455450293cb592e2d48c317.htm,dbo,SXARCMPaymentAdjustmentTransactionDetail,SXARCMPaymentAdjustmentTransactionDetail,SXARCMPa
dbo.SXARCMPaymentAllocationMethod,Tbl_7c718b7d30424b7b8101c7f162bf1b62.htm,dbo,SXARCMPaymentAllocationMethod,SXARCMPaymentAllocationMethod,SXARCMPa
dbo.SXARCMPaymentAllocationType,Tbl_a27470c9cc1e43f5be41da1cded0895f.htm,dbo,SXARCMPaymentAllocationType,SXARCMPaymentAllocationType,SXARCMPa
dbo.SXARCMPaymentMethod,Tbl_0cf4b4574c174af3a962c24e6c639bf3.htm,dbo,SXARCMPaymentMethod,SXARCMPaymentMethod,SXARCMPa
dbo.SXARCMPaymentMethodReference,Tbl_d794623130b840c990990f2af03bd19f.htm,dbo,SXARCMPaymentMethodReference,SXARCMPaymentMethodReference,SXARCMPa
dbo.SXARCMPaymentPrintReceiptXREF,Tbl_6c09fb08c0e34698b2690b8d2379a3f8.htm,dbo,SXARCMPaymentPrintReceiptXREF,SXARCMPaymentPrintReceiptXREF,SXARCMPa
dbo.SXARCMPaymentType,Tbl_3b5530c0c46a4d4b8098e7ee759e0fbe.htm,dbo,SXARCMPaymentType,SXARCMPaymentType,SXARCMPa
dbo.SXARCMPerVisitType,Tbl_e2f638ef125a4dbf9fc1d2fe2135b96a.htm,dbo,SXARCMPerVisitType,SXARCMPerVisitType,SXARCMPe
dbo.SXARCMPhysicalStatusModifier,Tbl_d6beb4378a7c4311890b79372dfcb27f.htm,dbo,SXARCMPhysicalStatusModifier,SXARCMPhysicalStatusModifier,SXARCMPh
dbo.SXARCMPicklistChargeCategoryConfig,Tbl_eb3e8380668c4dc8bb0c5f42d04baa20.htm,dbo,SXARCMPicklistChargeCategoryConfig,SXARCMPicklistChargeCategoryConfig,SXARCMPi
dbo.SXARCMPicklistChargeCategoryDetailConfig,Tbl_0f424ebb2a24435cbe76ebc789f2a77b.htm,dbo,SXARCMPicklistChargeCategoryDetailConfig,SXARCMPicklistChargeCategoryDetailConfig,SXARCMPi
dbo.SXARCMPicklistChargeConfig,Tbl_28144a1be14f49f2bbd95e25f8e6bdd7.htm,dbo,SXARCMPicklistChargeConfig,SXARCMPicklistChargeConfig,SXARCMPi
dbo.SXARCMPostingPeriod,Tbl_817d3301163f4df9a3df4527f48a3713.htm,dbo,SXARCMPostingPeriod,SXARCMPostingPeriod,SXARCMPo
dbo.SXARCMPostingStatus,Tbl_7aca34303e4a43bbb05cda8d001d609d.htm,dbo,SXARCMPostingStatus,SXARCMPostingStatus,SXARCMPo
dbo.SXARCMPovertyLevel,Tbl_dc571c3855444326a1f97e9dddf75fda.htm,dbo,SXARCMPovertyLevel,SXARCMPovertyLevel,SXARCMPo
dbo.SXARCMPriceMethodCodeMaster,Tbl_569419291ef040368dac57da5b210131.htm,dbo,SXARCMPriceMethodCodeMaster,SXARCMPriceMethodCodeMaster,SXARCMPr
dbo.SXARCMPriority,Tbl_c5e38d3dc29c4c969a8992f3913d13a6.htm,dbo,SXARCMPriority,SXARCMPriority,SXARCMPr
dbo.SXARCMProbablePriceUpdate,Tbl_b37e382f82d640f397bae4a8dc0c7600.htm,dbo,SXARCMProbablePriceUpdate,SXARCMProbablePriceUpdate,SXARCMPr
dbo.SXARCMProcessIDCount,Tbl_eefe597c4f77455892c7789313e57a63.htm,dbo,SXARCMProcessIDCount,SXARCMProcessIDCount,SXARCMPr
dbo.SXARCMProcessState,Tbl_9149c6cb19a7483ebab08e1b11cf266c.htm,dbo,SXARCMProcessState,SXARCMProcessState,SXARCMPr
dbo.SXARCMProviderAdjustmentCode,Tbl_098abd6ef4874c4f87f72c775e5c9924.htm,dbo,SXARCMProviderAdjustmentCode,SXARCMProviderAdjustmentCode,SXARCMPr
dbo.SXARCMProviderAdjustmentReasonCodeDictionary,Tbl_fb900bb0091549b794268935c7bf5673.htm,dbo,SXARCMProviderAdjustmentReasonCodeDictionary,SXARCMProviderAdjustmentReasonCodeDictionary,SXARCMPr
dbo.SXARCMProviderAdjustmentReasonCodeDictionaryDetail,Tbl_4a025a4810f842c28aef076ebaac6f34.htm,dbo,SXARCMProviderAdjustmentReasonCodeDictionaryDetail,SXARCMProviderAdjustmentReasonCodeDictionaryDetail,SXARCMPr
dbo.SXARCMProviderLiabilityConfig,Tbl_cc3918f98a0c4a59a195a4e839b4c618.htm,dbo,SXARCMProviderLiabilityConfig,SXARCMProviderLiabilityConfig,SXARCMPr
dbo.SXARCMProviderLiabilityConfigDetail,Tbl_6843b8e2bd7c45858b07aae14a450645.htm,dbo,SXARCMProviderLiabilityConfigDetail,SXARCMProviderLiabilityConfigDetail,SXARCMPr
dbo.SXARCMProxyAdjWorkSheetTransferXREF,Tbl_a057d5591bc74fc3b291ddf4100e753e.htm,dbo,SXARCMProxyAdjWorkSheetTransferXREF,SXARCMProxyAdjWorkSheetTransferXREF,SXARCMPr
dbo.SXARCMProxyClaimPayerAdjCodeXREF,Tbl_32279400c3fb41218920e3fde26e127a.htm,dbo,SXARCMProxyClaimPayerAdjCodeXREF,SXARCMProxyClaimPayerAdjCodeXREF,SXARCMPr
dbo.SXARCMProxyClaimPayerConfiguration,Tbl_8040828005b040cdbbe96d1ec89a6f00.htm,dbo,SXARCMProxyClaimPayerConfiguration,SXARCMProxyClaimPayerConfiguration,SXARCMPr
dbo.SXARCMProxyPayerType,Tbl_ee9ea9244dfc4442ae0ae24dcb5c0870.htm,dbo,SXARCMProxyPayerType,SXARCMProxyPayerType,SXARCMPr
dbo.SXARCMProxyRateCodeExceptionDetail,Tbl_eb392fd083404488ad8d9d29e2277e16.htm,dbo,SXARCMProxyRateCodeExceptionDetail,SXARCMProxyRateCodeExceptionDetail,SXARCMPr
dbo.SXARCMProxyRevenueCodeMapping,Tbl_cecb8f7a464c455c96737d0320f7f3cc.htm,dbo,SXARCMProxyRevenueCodeMapping,SXARCMProxyRevenueCodeMapping,SXARCMPr
dbo.SXARCMRRCacheConfig,Tbl_3888b1c84a59471d8e8ffbffb9ae05ba.htm,dbo,SXARCMRRCacheConfig,SXARCMRRCacheConfig,SXARCMRR
dbo.SXARCMRRCacheConfigDefault,Tbl_f1042cd614674ebc879c85c3d97a0322.htm,dbo,SXARCMRRCacheConfigDefault,SXARCMRRCacheConfigDefault,SXARCMRR
dbo.SXARCMRRCountyCode,Tbl_278f76a60f194d068a0d8f267bdca0a4.htm,dbo,SXARCMRRCountyCode,SXARCMRRCountyCode,SXARCMRR
dbo.SXARCMRRDictionary,Tbl_45187c4758274cbdb7469a0a2b54e9a9.htm,dbo,SXARCMRRDictionary,SXARCMRRDictionary,SXARCMRR
dbo.SXARCMRRDictionaryEntryValue,Tbl_65644318848844dca70e7649a939fb8f.htm,dbo,SXARCMRRDictionaryEntryValue,SXARCMRRDictionaryEntryValue,SXARCMRR
dbo.SXARCMRREdit,Tbl_8b333d5a2fbb4efbaac4a68295d26295.htm,dbo,SXARCMRREdit,SXARCMRREdit,SXARCMRR
dbo.SXARCMRREditLayoutXREF,Tbl_9cf06f1e6e274dbfa06cc718e8932728.htm,dbo,SXARCMRREditLayoutXREF,SXARCMRREditLayoutXREF,SXARCMRR
dbo.SXARCMRREthnicityCode,Tbl_d964568813dc4998a09a12be629d3afe.htm,dbo,SXARCMRREthnicityCode,SXARCMRREthnicityCode,SXARCMRR
dbo.SXARCMRROutputFieldFormatType,Tbl_8596c892347f4100884bb0ea128ae9f4.htm,dbo,SXARCMRROutputFieldFormatType,SXARCMRROutputFieldFormatType,SXARCMRR
dbo.SXARCMRROutputFieldFormatTypeGroup,Tbl_f05cdddc24404bd0838a9bf9e537408e.htm,dbo,SXARCMRROutputFieldFormatTypeGroup,SXARCMRROutputFieldFormatTypeGroup,SXARCMRR
dbo.SXARCMRROutputFieldFormatTypeGroupXREF,Tbl_638b1b047cd845e1a85b26f7907af9df.htm,dbo,SXARCMRROutputFieldFormatTypeGroupXREF,SXARCMRROutputFieldFormatTypeGroupXREF,SXARCMRR
dbo.SXARCMRROutputFieldValueType,Tbl_bbc9bb359e504f33a56fde25af615f72.htm,dbo,SXARCMRROutputFieldValueType,SXARCMRROutputFieldValueType,SXARCMRR
dbo.SXARCMRROutputFormat,Tbl_17286399679f40298f2932071d381683.htm,dbo,SXARCMRROutputFormat,SXARCMRROutputFormat,SXARCMRR
dbo.SXARCMRROutputNodeType,Tbl_d8a778e7bb0f49fd96eeb0728e215848.htm,dbo,SXARCMRROutputNodeType,SXARCMRROutputNodeType,SXARCMRR
dbo.SXARCMRRQualifyingOption,Tbl_c15ea77afd424237a9ab0d29a5ec86d0.htm,dbo,SXARCMRRQualifyingOption,SXARCMRRQualifyingOption,SXARCMRR
dbo.SXARCMRRRaceCode,Tbl_d88a7d7e850b4c2680de515fb1b31568.htm,dbo,SXARCMRRRaceCode,SXARCMRRRaceCode,SXARCMRR
dbo.SXARCMRRReportDataConfiguration,Tbl_bc6a86a332da4ce682e868ab0fac08a4.htm,dbo,SXARCMRRReportDataConfiguration,SXARCMRRReportDataConfiguration,SXARCMRR
dbo.SXARCMRRReportDefinition,Tbl_d534e28c49724f3eab025fda33d2d68a.htm,dbo,SXARCMRRReportDefinition,SXARCMRRReportDefinition,SXARCMRR
dbo.SXARCMRRReportType,Tbl_5c88ccf7cade4b9da7f318f8a1becbad.htm,dbo,SXARCMRRReportType,SXARCMRRReportType,SXARCMRR
dbo.SXARCMRRReportValidationXREF,Tbl_0fd9ae12f5244283b584103e8685e943.htm,dbo,SXARCMRRReportValidationXREF,SXARCMRRReportValidationXREF,SXARCMRR
dbo.SXARCMRRReportingAgency,Tbl_f1a829a087d2418ba00fafc9839661ad.htm,dbo,SXARCMRRReportingAgency,SXARCMRRReportingAgency,SXARCMRR
dbo.SXARCMRRRevHCPCSTranslation,Tbl_50c7788a263e49feaa1774637b8c069e.htm,dbo,SXARCMRRRevHCPCSTranslation,SXARCMRRRevHCPCSTranslation,SXARCMRR
dbo.SXARCMRRSPARCSSourceOfPaymentTypology,Tbl_249d943bcc264ffc9bf70efa20c58930.htm,dbo,SXARCMRRSPARCSSourceOfPaymentTypology,SXARCMRRSPARCSSourceOfPaymentTypology,SXARCMRR
dbo.SXARCMRateCode,Tbl_f7a43515c17c48c5b17b203e5e70f11a.htm,dbo,SXARCMRateCode,SXARCMRateCode,SXARCMRa
dbo.SXARCMRateCodeConfiguration,Tbl_74775c110e6c410989897f550d643318.htm,dbo,SXARCMRateCodeConfiguration,SXARCMRateCodeConfiguration,SXARCMRa
dbo.SXARCMRateCodeException,Tbl_cba261d0428441739b9c7f32a07b7572.htm,dbo,SXARCMRateCodeException,SXARCMRateCodeException,SXARCMRa
dbo.SXARCMRateCodeExplanation,Tbl_f8b0e20659ec4431b60803cb8433bb0c.htm,dbo,SXARCMRateCodeExplanation,SXARCMRateCodeExplanation,SXARCMRa
dbo.SXARCMRateCodeExplanationMessages,Tbl_2c351d056c7e4624881dbac2fbd337ca.htm,dbo,SXARCMRateCodeExplanationMessages,SXARCMRateCodeExplanationMessages,SXARCMRa
dbo.SXARCMRateCodeExplanationRateCodeSource,Tbl_8f205b5e7d1f4bbabba36c6f00d749a7.htm,dbo,SXARCMRateCodeExplanationRateCodeSource,SXARCMRateCodeExplanationRateCodeSource,SXARCMRa
dbo.SXARCMRateCodeExplanationTranslationType,Tbl_33b76997755a49aeb0d9572c6a0adc80.htm,dbo,SXARCMRateCodeExplanationTranslationType,SXARCMRateCodeExplanationTranslationType,SXARCMRa
dbo.SXARCMRateCodeMethod,Tbl_8aa4ab531a354a9b8afc1d2353aeb691.htm,dbo,SXARCMRateCodeMethod,SXARCMRateCodeMethod,SXARCMRa
dbo.SXARCMRateCodeMethodGroup,Tbl_037fccb5536c44c3af8a680fe87bdf7c.htm,dbo,SXARCMRateCodeMethodGroup,SXARCMRateCodeMethodGroup,SXARCMRa
dbo.SXARCMRateCodeType,Tbl_7d1cd407f44c4f04a58c3dba03d29416.htm,dbo,SXARCMRateCodeType,SXARCMRateCodeType,SXARCMRa
dbo.SXARCMRebillOption,Tbl_7021f2dfca89425ab2e2a89668e890dd.htm,dbo,SXARCMRebillOption,SXARCMRebillOption,SXARCMRe
dbo.SXARCMReceivableAssetUID,Tbl_d8b43ac7858746558c57291006f60100.htm,dbo,SXARCMReceivableAssetUID,SXARCMReceivableAssetUID,SXARCMRe
dbo.SXARCMRecurringType,Tbl_9dfae79575fe482888014ef68c413850.htm,dbo,SXARCMRecurringType,SXARCMRecurringType,SXARCMRe
dbo.SXARCMRefundInfo,Tbl_50701250bcba44a29c11837189f4a99c.htm,dbo,SXARCMRefundInfo,SXARCMRefundInfo,SXARCMRe
dbo.SXARCMRefundInfoTransactionXREF,Tbl_4c9a6fb4dd184599a4350f6cc9ea766c.htm,dbo,SXARCMRefundInfoTransactionXREF,SXARCMRefundInfoTransactionXREF,SXARCMRe
dbo.SXARCMRefundLimitConfig,Tbl_34f88e8c605b480b95c585d04d2562b3.htm,dbo,SXARCMRefundLimitConfig,SXARCMRefundLimitConfig,SXARCMRe
dbo.SXARCMRefundTransaction,Tbl_c6276b4ed8c941cd95386e80cb53a17f.htm,dbo,SXARCMRefundTransaction,SXARCMRefundTransaction,SXARCMRe
dbo.SXARCMRejectionReasonCode,Tbl_ba56063054e443208a3489fbe5e115b2.htm,dbo,SXARCMRejectionReasonCode,SXARCMRejectionReasonCode,SXARCMRe
dbo.SXARCMRelationshipTranslation,Tbl_6ddbdad676764505af0c39cef1d33bb7.htm,dbo,SXARCMRelationshipTranslation,SXARCMRelationshipTranslation,SXARCMRe
dbo.SXARCMRelationshipTranslationCode,Tbl_07c57fcdd57740e2ac28e5256550c2fb.htm,dbo,SXARCMRelationshipTranslationCode,SXARCMRelationshipTranslationCode,SXARCMRe
dbo.SXARCMRemittanceAdviceConfig,Tbl_3e65c7f490e04adeacbdab7ee9b478e2.htm,dbo,SXARCMRemittanceAdviceConfig,SXARCMRemittanceAdviceConfig,SXARCMRe
dbo.SXARCMRemittanceAdviceRemarkCodeDictionary,Tbl_fc54020743e34c85a59c4ecf8afab9be.htm,dbo,SXARCMRemittanceAdviceRemarkCodeDictionary,SXARCMRemittanceAdviceRemarkCodeDictionary,SXARCMRe
dbo.SXARCMRemittanceAdviceRemarkCodeDictionaryDetails,Tbl_0487f48d1b32451582a3c226450b6c8e.htm,dbo,SXARCMRemittanceAdviceRemarkCodeDictionaryDetails,SXARCMRemittanceAdviceRemarkCodeDictionaryDetails,SXARCMRe
dbo.SXARCMRemittanceSearch,Tbl_5609e01f8a2e4c24bb4771ad06bf5475.htm,dbo,SXARCMRemittanceSearch,SXARCMRemittanceSearch,SXARCMRe
dbo.SXARCMRenderingProviderSpecialty,Tbl_3aa4b27c9b29491bab4636c2f7aece85.htm,dbo,SXARCMRenderingProviderSpecialty,SXARCMRenderingProviderSpecialty,SXARCMRe
dbo.SXARCMReplacedWorksheetXREF,Tbl_3c287635d5af4d11a60ac2e4502bfd29.htm,dbo,SXARCMReplacedWorksheetXREF,SXARCMReplacedWorksheetXREF,SXARCMRe
dbo.SXARCMReportLateCharge,Tbl_ff2531f13a864ae5b783185d7e872311.htm,dbo,SXARCMReportLateCharge,SXARCMReportLateCharge,SXARCMRe
dbo.SXARCMReportTableActivationConfig,Tbl_ab159a40de0b4f4ab71b8530de6df145.htm,dbo,SXARCMReportTableActivationConfig,SXARCMReportTableActivationConfig,SXARCMRe
dbo.SXARCMResourceMaster,Tbl_aee9e6cca739432b94070927cd09cf93.htm,dbo,SXARCMResourceMaster,SXARCMResourceMaster,SXARCMRe
dbo.SXARCMResourceValue,Tbl_18c631fe4c524afeb9b94cf2f7aaafd2.htm,dbo,SXARCMResourceValue,SXARCMResourceValue,SXARCMRe
dbo.SXARCMRevCycleInvoiceTxnCode,Tbl_980d47b8166544fc98ac7fa46c75351d.htm,dbo,SXARCMRevCycleInvoiceTxnCode,SXARCMRevCycleInvoiceTxnCode,SXARCMRe
dbo.SXARCMRevenueCycleAdjCodeXREF,Tbl_1c12a8bedae24039a938d8c48282a30d.htm,dbo,SXARCMRevenueCycleAdjCodeXREF,SXARCMRevenueCycleAdjCodeXREF,SXARCMRe
dbo.SXARCMRevenueCycleDetail,Tbl_af8ff535a1834c5e83c34cfd80f5b550.htm,dbo,SXARCMRevenueCycleDetail,SXARCMRevenueCycleDetail,SXARCMRe
dbo.SXARCMRevenueCycleDetailBillingModifierXREF,Tbl_a63080ad847a4391ad509e451f0d0e3f.htm,dbo,SXARCMRevenueCycleDetailBillingModifierXREF,SXARCMRevenueCycleDetailBillingModifierXREF,SXARCMRe
dbo.SXARCMRevenueCycleDetailDischargeDispositionXREF,Tbl_114236c7549a424eaacc115023e5da59.htm,dbo,SXARCMRevenueCycleDetailDischargeDispositionXREF,SXARCMRevenueCycleDetailDischargeDispositionXREF,SXARCMRe
dbo.SXARCMRevenueCycleDetailInsurancePlanXREF,Tbl_cebac8684f9e409295bf364c73cc4fc2.htm,dbo,SXARCMRevenueCycleDetailInsurancePlanXREF,SXARCMRevenueCycleDetailInsurancePlanXREF,SXARCMRe
dbo.SXARCMRevenueCycleDetailLOARevenueCodeXREF,Tbl_7045491ed7c44d6ab981354cdbf2bfc7.htm,dbo,SXARCMRevenueCycleDetailLOARevenueCodeXREF,SXARCMRevenueCycleDetailLOARevenueCodeXREF,SXARCMRe
dbo.SXARCMRevenueCycleInvoiceAdjCodeXREF,Tbl_63eb664f09f544b79ac602dbf8073eba.htm,dbo,SXARCMRevenueCycleInvoiceAdjCodeXREF,SXARCMRevenueCycleInvoiceAdjCodeXREF,SXARCMRe
dbo.SXARCMRevenueCycleInvoiceDetail,Tbl_d1b5d55959c546ca9a4cf2f691187167.htm,dbo,SXARCMRevenueCycleInvoiceDetail,SXARCMRevenueCycleInvoiceDetail,SXARCMRe
dbo.SXARCMRevenueCycleSPFinancialClassExclusionXref,Tbl_228973a7432a428997a63b8e91fb1e0f.htm,dbo,SXARCMRevenueCycleSPFinancialClassExclusionXref,SXARCMRevenueCycleSPFinancialClassExclusionXref,SXARCMRe
dbo.SXARCMRevenueCycleSelfPay,Tbl_bf0d4bb7ee6e44c58cc45b0cc47eb859.htm,dbo,SXARCMRevenueCycleSelfPay,SXARCMRevenueCycleSelfPay,SXARCMRe
dbo.SXARCMRevenueCycleSelfPayReportXREF,Tbl_4e52333c94504d8b88e40df99c210bcf.htm,dbo,SXARCMRevenueCycleSelfPayReportXREF,SXARCMRevenueCycleSelfPayReportXREF,SXARCMRe
dbo.SXARCMRevenueCycleSequestAdjCodeXREF,Tbl_74181c23948a4d15af2c032b6552d31c.htm,dbo,SXARCMRevenueCycleSequestAdjCodeXREF,SXARCMRevenueCycleSequestAdjCodeXREF,SXARCMRe
dbo.SXARCMRevenueCycleSetup,Tbl_c5a836a36a024eefafa5bb55395818ed.htm,dbo,SXARCMRevenueCycleSetup,SXARCMRevenueCycleSetup,SXARCMRe
dbo.SXARCMRoomAndTimeEventCharging,Tbl_c21d08f4a949412d89a62d099825fc93.htm,dbo,SXARCMRoomAndTimeEventCharging,SXARCMRoomAndTimeEventCharging,SXARCMRo
dbo.SXARCMRoomChargeBatchRunStatus,Tbl_a1f9966364784e678bf9f9de4381d8d8.htm,dbo,SXARCMRoomChargeBatchRunStatus,SXARCMRoomChargeBatchRunStatus,SXARCMRo
dbo.SXARCMRule,Tbl_37bc04ce207444f5b4f0a6d31f85e90a.htm,dbo,SXARCMRule,SXARCMRule,SXARCMRu
dbo.SXARCMRuleDictionary,Tbl_9076a37dfa90491aa9ef06ccf24b5a67.htm,dbo,SXARCMRuleDictionary,SXARCMRuleDictionary,SXARCMRu
dbo.SXARCMRuleRuleDictionaryXREF,Tbl_0188a01ff950403baad4c72a3ff2ca94.htm,dbo,SXARCMRuleRuleDictionaryXREF,SXARCMRuleRuleDictionaryXREF,SXARCMRu
dbo.SXARCMRuleSet,Tbl_e3039ae634214e16b338ff191227c245.htm,dbo,SXARCMRuleSet,SXARCMRuleSet,SXARCMRu
dbo.SXARCMRuleSetRuleXREF,Tbl_ed393414aa0541faa2c93c4d03362941.htm,dbo,SXARCMRuleSetRuleXREF,SXARCMRuleSetRuleXREF,SXARCMRu
dbo.SXARCMRuralHealthQualifyingService,Tbl_b7ce23d06797462ca7ee4d20e1ceec1a.htm,dbo,SXARCMRuralHealthQualifyingService,SXARCMRuralHealthQualifyingService,SXARCMRu
dbo.SXARCMSPFinancialClassProgressionXREF,Tbl_4bffa44ccfdf457d8ed0f76ec46c8bd9.htm,dbo,SXARCMSPFinancialClassProgressionXREF,SXARCMSPFinancialClassProgressionXREF,SXARCMSP
dbo.SXARCMSREMHCPCSCode,Tbl_119014e5d1054cfea313ba3d2d58acf4.htm,dbo,SXARCMSREMHCPCSCode,SXARCMSREMHCPCSCode,SXARCMSR
dbo.SXARCMSRExemptDiagnosisCodes,Tbl_058d4330eebf421ea8f53219a77c77d4.htm,dbo,SXARCMSRExemptDiagnosisCodes,SXARCMSRExemptDiagnosisCodes,SXARCMSR
dbo.SXARCMSRLocationGroup,Tbl_49d47649fad24a19b541d25d00dadb21.htm,dbo,SXARCMSRLocationGroup,SXARCMSRLocationGroup,SXARCMSR
dbo.SXARCMSRLocationGroupLocationXREF,Tbl_cbedc96c83874ca9afdfb4d83ed66b44.htm,dbo,SXARCMSRLocationGroupLocationXREF,SXARCMSRLocationGroupLocationXREF,SXARCMSR
dbo.SXARCMSRLocationGroupReportDefinitionXREF,Tbl_47a4c8feccde423da2cd1476d076585a.htm,dbo,SXARCMSRLocationGroupReportDefinitionXREF,SXARCMSRLocationGroupReportDefinitionXREF,SXARCMSR
dbo.SXARCMSRMonetaryValueCode,Tbl_a643051753c045c5854da7dd81414525.htm,dbo,SXARCMSRMonetaryValueCode,SXARCMSRMonetaryValueCode,SXARCMSR
dbo.SXARCMSRReportDefinition,Tbl_84fd4f0339bb4db2b7fb5c90cc67e49c.htm,dbo,SXARCMSRReportDefinition,SXARCMSRReportDefinition,SXARCMSR
dbo.SXARCMSRReportDefinitionAccountGroup,Tbl_d68a8083cfc54857bfa621d8d438231f.htm,dbo,SXARCMSRReportDefinitionAccountGroup,SXARCMSRReportDefinitionAccountGroup,SXARCMSR
dbo.SXARCMSRReportEditDefinition,Tbl_e1d909fe023c4dfe9324c8350292fe7d.htm,dbo,SXARCMSRReportEditDefinition,SXARCMSRReportEditDefinition,SXARCMSR
dbo.SXARCMSRReportEditSummaryDefinition,Tbl_c335205faf884cfb89fe74a184438a4c.htm,dbo,SXARCMSRReportEditSummaryDefinition,SXARCMSRReportEditSummaryDefinition,SXARCMSR
dbo.SXARCMSRReportHeaderEditDefinition,Tbl_10ab0cb067ef42d8b5e9b5d8ec4e2227.htm,dbo,SXARCMSRReportHeaderEditDefinition,SXARCMSRReportHeaderEditDefinition,SXARCMSR
dbo.SXARCMSRReportHeaderLocationDetails,Tbl_f1b3ab0b813a4f298adc8815acb22c81.htm,dbo,SXARCMSRReportHeaderLocationDetails,SXARCMSRReportHeaderLocationDetails,SXARCMSR
dbo.SXARCMSRReportHeaderLocationMaster,Tbl_dea95aa02a5e425587c683d35624f6a5.htm,dbo,SXARCMSRReportHeaderLocationMaster,SXARCMSRReportHeaderLocationMaster,SXARCMSR
dbo.SXARCMSRReportHeaderMaster,Tbl_db335ed28f6449efb1adcbf3cf6d0302.htm,dbo,SXARCMSRReportHeaderMaster,SXARCMSRReportHeaderMaster,SXARCMSR
dbo.SXARCMSRReportHeaderTemplateLayoutDetail,Tbl_17db127a2a4a4760ab4dab8eec868429.htm,dbo,SXARCMSRReportHeaderTemplateLayoutDetail,SXARCMSRReportHeaderTemplateLayoutDetail,SXARCMSR
dbo.SXARCMSRReportHeaderTemplateLayoutMaster,Tbl_5a5afc7ecee141e8bd99fa1ad9117ce5.htm,dbo,SXARCMSRReportHeaderTemplateLayoutMaster,SXARCMSRReportHeaderTemplateLayoutMaster,SXARCMSR
dbo.SXARCMSRReportUDDIFieldMapping,Tbl_b8b88562771d428db5a28c99ad878b58.htm,dbo,SXARCMSRReportUDDIFieldMapping,SXARCMSRReportUDDIFieldMapping,SXARCMSR
dbo.SXARCMSRRevenueHCPCSLink,Tbl_af73da972a314f05a1e42829de40dae5.htm,dbo,SXARCMSRRevenueHCPCSLink,SXARCMSRRevenueHCPCSLink,SXARCMSR
dbo.SXARCMSRStateContentDictionaryXREF,Tbl_b15ad07f0fc54f23a78eb3c2b05b3036.htm,dbo,SXARCMSRStateContentDictionaryXREF,SXARCMSRStateContentDictionaryXREF,SXARCMSR
dbo.SXARCMSearchFieldMaster,Tbl_198117c1032841cdb10302a0fef01aee.htm,dbo,SXARCMSearchFieldMaster,SXARCMSearchFieldMaster,SXARCMSe
dbo.SXARCMSearchTypeMaster,Tbl_91fe84f45a26426c96b2c5416726c0f4.htm,dbo,SXARCMSearchTypeMaster,SXARCMSearchTypeMaster,SXARCMSe
dbo.SXARCMSearchTypeMasterSearchFieldXref,Tbl_56e5c391f9b2444a8824b0d30ddc7c9d.htm,dbo,SXARCMSearchTypeMasterSearchFieldXref,SXARCMSearchTypeMasterSearchFieldXref,SXARCMSe
dbo.SXARCMSecurityGroupLocationXREF,Tbl_6461e1328f1c4ec0bfba4531bff62461.htm,dbo,SXARCMSecurityGroupLocationXREF,SXARCMSecurityGroupLocationXREF,SXARCMSe
dbo.SXARCMSelfPayDiscountConfiguration,Tbl_98d2304ac53b4c138b7948bbcc19bc1d.htm,dbo,SXARCMSelfPayDiscountConfiguration,SXARCMSelfPayDiscountConfiguration,SXARCMSe
dbo.SXARCMSelfPayDiscountConfigurationDefinition,Tbl_0e84baeecbfb4ed680a0aa483427f8c9.htm,dbo,SXARCMSelfPayDiscountConfigurationDefinition,SXARCMSelfPayDiscountConfigurationDefinition,SXARCMSe
dbo.SXARCMSelfPayDiscountConfigurationDetail,Tbl_0a2b4bf7dc2c4c47ac729fb18dce3bcb.htm,dbo,SXARCMSelfPayDiscountConfigurationDetail,SXARCMSelfPayDiscountConfigurationDetail,SXARCMSe
dbo.SXARCMSelfPayLastStatementCycleInfo,Tbl_960fbc57f1864ad3be115d984de4c6f5.htm,dbo,SXARCMSelfPayLastStatementCycleInfo,SXARCMSelfPayLastStatementCycleInfo,SXARCMSe
dbo.SXARCMSelfPayLineItemAllocation,Tbl_b5db0e3c8b52462b852b2290562cce5f.htm,dbo,SXARCMSelfPayLineItemAllocation,SXARCMSelfPayLineItemAllocation,SXARCMSe
dbo.SXARCMSelfPayRevenuCycleAccountGroupTypeXREF,Tbl_c507d4d37c2e493fadb8c9b8935f99b8.htm,dbo,SXARCMSelfPayRevenuCycleAccountGroupTypeXREF,SXARCMSelfPayRevenuCycleAccountGroupTypeXREF,SXARCMSe
dbo.SXARCMSelfPayRevenuCycleFacilityXREF,Tbl_b1db8b93b4cb45ecbe09d3f6e4f66675.htm,dbo,SXARCMSelfPayRevenuCycleFacilityXREF,SXARCMSelfPayRevenuCycleFacilityXREF,SXARCMSe
dbo.SXARCMSelfPayRevenuCyclePrivacyStatusXREF,Tbl_4d1750c8c45d4502a53df8092426e03c.htm,dbo,SXARCMSelfPayRevenuCyclePrivacyStatusXREF,SXARCMSelfPayRevenuCyclePrivacyStatusXREF,SXARCMSe
dbo.SXARCMServiceAuthorizationExceptionCode,Tbl_3bdb10b5bf8949309e9d62a1f8041d1c.htm,dbo,SXARCMServiceAuthorizationExceptionCode,SXARCMServiceAuthorizationExceptionCode,SXARCMSe
dbo.SXARCMServicePickListFormat,Tbl_26f0a45628e54f669d003b239f31fa72.htm,dbo,SXARCMServicePickListFormat,SXARCMServicePickListFormat,SXARCMSe
dbo.SXARCMServicePickListType,Tbl_fdd52dad1a814a2f84d43de7c03cc1d4.htm,dbo,SXARCMServicePickListType,SXARCMServicePickListType,SXARCMSe
dbo.SXARCMServiceSelectionInfo,Tbl_e98cc608bda84d1a9c8cd9a10d9cf42f.htm,dbo,SXARCMServiceSelectionInfo,SXARCMServiceSelectionInfo,SXARCMSe
dbo.SXARCMSmallBalanceSecurityGroupLimit,Tbl_9bfcf9d27e2341d29c2a1dcfb6e43ed5.htm,dbo,SXARCMSmallBalanceSecurityGroupLimit,SXARCMSmallBalanceSecurityGroupLimit,SXARCMSm
dbo.SXARCMSmallBalanceTransferCodes,Tbl_8afc5362b57644bcad67c77414cb5dfd.htm,dbo,SXARCMSmallBalanceTransferCodes,SXARCMSmallBalanceTransferCodes,SXARCMSm
dbo.SXARCMStandardBreakOption,Tbl_17bda7532a304979a9bcd5205f1b7fdc.htm,dbo,SXARCMStandardBreakOption,SXARCMStandardBreakOption,SXARCMSt
dbo.SXARCMStateContentDictionary,Tbl_eba9872bb7e64ce792fd04a43792903c.htm,dbo,SXARCMStateContentDictionary,SXARCMStateContentDictionary,SXARCMSt
dbo.SXARCMStateFacilityXREF,Tbl_4ace8ed5b0ba43798c291e4f75c92ad9.htm,dbo,SXARCMStateFacilityXREF,SXARCMStateFacilityXREF,SXARCMSt
dbo.SXARCMStateReportingObsCatalogMapping,Tbl_c2dc1f6380cf4ba4b2fc4b86fe2ffc84.htm,dbo,SXARCMStateReportingObsCatalogMapping,SXARCMStateReportingObsCatalogMapping,SXARCMSt
dbo.SXARCMStateReportingUDDIMapping,Tbl_6340e9303bfa42b9bb39cadff6d9b662.htm,dbo,SXARCMStateReportingUDDIMapping,SXARCMStateReportingUDDIMapping,SXARCMSt
dbo.SXARCMStatementAgingInfo,Tbl_b5ca0c1c0519412aaab04988b581526c.htm,dbo,SXARCMStatementAgingInfo,SXARCMStatementAgingInfo,SXARCMSt
dbo.SXARCMStatementArtifact,Tbl_fdc19c53404f42d8afc9b871d15dfd6f.htm,dbo,SXARCMStatementArtifact,SXARCMStatementArtifact,SXARCMSt
dbo.SXARCMStatementArtifactWorksheetXREF,Tbl_e18a34ed4b604b6191e920562829732c.htm,dbo,SXARCMStatementArtifactWorksheetXREF,SXARCMStatementArtifactWorksheetXREF,SXARCMSt
dbo.SXARCMStatementClientAddressInfo,Tbl_4c3b4f001eb34f11be309c531d48ad01.htm,dbo,SXARCMStatementClientAddressInfo,SXARCMStatementClientAddressInfo,SXARCMSt
dbo.SXARCMStatementClientInfo,Tbl_217722d7b06942f593efc017264c4a61.htm,dbo,SXARCMStatementClientInfo,SXARCMStatementClientInfo,SXARCMSt
dbo.SXARCMStatementEpisodeInfo,Tbl_34a5be7d291c42d5b77361f5db967c59.htm,dbo,SXARCMStatementEpisodeInfo,SXARCMStatementEpisodeInfo,SXARCMSt
dbo.SXARCMStatementFacilityInfo,Tbl_efc6d03e7bdf46a4b7a28b45526b5d3e.htm,dbo,SXARCMStatementFacilityInfo,SXARCMStatementFacilityInfo,SXARCMSt
dbo.SXARCMStatementField,Tbl_dae628417a27498baec0531564b3db38.htm,dbo,SXARCMStatementField,SXARCMStatementField,SXARCMSt
dbo.SXARCMStatementGuarantorAddressInfo,Tbl_e0def58ce61945bab814cab9a28a43c2.htm,dbo,SXARCMStatementGuarantorAddressInfo,SXARCMStatementGuarantorAddressInfo,SXARCMSt
dbo.SXARCMStatementLocationInfo,Tbl_66891e0a55a442649d06c00aa9383791.htm,dbo,SXARCMStatementLocationInfo,SXARCMStatementLocationInfo,SXARCMSt
dbo.SXARCMStatementRCMessageInfo,Tbl_36204cc32549419b91a1f97679ce88f2.htm,dbo,SXARCMStatementRCMessageInfo,SXARCMStatementRCMessageInfo,SXARCMSt
dbo.SXARCMStatementRCSetupInfo,Tbl_2882932fb8af41deae0d862d6622c41e.htm,dbo,SXARCMStatementRCSetupInfo,SXARCMStatementRCSetupInfo,SXARCMSt
dbo.SXARCMStatementTemplateConfiguration,Tbl_51c623184ad64b89b1329c461953b470.htm,dbo,SXARCMStatementTemplateConfiguration,SXARCMStatementTemplateConfiguration,SXARCMSt
dbo.SXARCMStatementTransactionInfo,Tbl_cbe6f9d672ab4625acfb454c7e2c145f.htm,dbo,SXARCMStatementTransactionInfo,SXARCMStatementTransactionInfo,SXARCMSt
dbo.SXARCMStatementVisitAddressInfo,Tbl_5f9e914109c848b189f2c53a74ccfd17.htm,dbo,SXARCMStatementVisitAddressInfo,SXARCMStatementVisitAddressInfo,SXARCMSt
dbo.SXARCMStatementVisitGroupPracticeInfo,Tbl_2868377abad8431f9a4acd9866a71c86.htm,dbo,SXARCMStatementVisitGroupPracticeInfo,SXARCMStatementVisitGroupPracticeInfo,SXARCMSt
dbo.SXARCMStatementVisitInfo,Tbl_836e6226af6545bda154e29006fc955a.htm,dbo,SXARCMStatementVisitInfo,SXARCMStatementVisitInfo,SXARCMSt
dbo.SXARCMStatementVisitInsuranceInfo,Tbl_74dcc390630341fba26acb1c86bfa355.htm,dbo,SXARCMStatementVisitInsuranceInfo,SXARCMStatementVisitInsuranceInfo,SXARCMSt
dbo.SXARCMStatementWorksheetInfo,Tbl_06754481ed1b4eabb3ae558b9549be25.htm,dbo,SXARCMStatementWorksheetInfo,SXARCMStatementWorksheetInfo,SXARCMSt
dbo.SXARCMStatus,Tbl_3407b7c9af0b4fb1952782157d5b9c5a.htm,dbo,SXARCMStatus,SXARCMStatus,SXARCMSt
dbo.SXARCMSubDepartmentCodeMaster,Tbl_562a918f3c5a41c2a5f57978cacf6121.htm,dbo,SXARCMSubDepartmentCodeMaster,SXARCMSubDepartmentCodeMaster,SXARCMSu
dbo.SXARCMSubDepartmentSkipConfig,Tbl_7c3e00e639494479a49c6c00faa1a27c.htm,dbo,SXARCMSubDepartmentSkipConfig,SXARCMSubDepartmentSkipConfig,SXARCMSu
dbo.SXARCMSubDepartmentSkipMaster,Tbl_f15426bf23ee4590b80f4c0ead19b33c.htm,dbo,SXARCMSubDepartmentSkipMaster,SXARCMSubDepartmentSkipMaster,SXARCMSu
dbo.SXARCMSubPanelFieldMaster,Tbl_72b535cb3f1a404499b9f32e04d6aa7a.htm,dbo,SXARCMSubPanelFieldMaster,SXARCMSubPanelFieldMaster,SXARCMSu
dbo.SXARCMSubPanelType,Tbl_92a5cc2febc94c6fb6de892459f69756.htm,dbo,SXARCMSubPanelType,SXARCMSubPanelType,SXARCMSu
dbo.SXARCMSubscriber,Tbl_12d01936901043969183c002874b6f54.htm,dbo,SXARCMSubscriber,SXARCMSubscriber,SXARCMSu
dbo.SXARCMSubscriberEnvironment,Tbl_bbcd298fa8c3490bb67a0e829d4d9320.htm,dbo,SXARCMSubscriberEnvironment,SXARCMSubscriberEnvironment,SXARCMSu
dbo.SXARCMSubscriberType,Tbl_c678126d1a794d43b7aadf890a688255.htm,dbo,SXARCMSubscriberType,SXARCMSubscriberType,SXARCMSu
dbo.SXARCMSunriseXASolution,Tbl_58a52b9147c54853b7c3d7621e02fe51.htm,dbo,SXARCMSunriseXASolution,SXARCMSunriseXASolution,SXARCMSu
dbo.SXARCMTMExplosionCode,Tbl_5ef1ec19f3ce4483840d9fdee9e792af.htm,dbo,SXARCMTMExplosionCode,SXARCMTMExplosionCode,SXARCMTM
dbo.SXARCMTMFQHCService,Tbl_987895a62d234e1c9401dd318e973d1a.htm,dbo,SXARCMTMFQHCService,SXARCMTMFQHCService,SXARCMTM
dbo.SXARCMTMGLSkipConfig,Tbl_cbb39d76db734271af6e4246384e9a5e.htm,dbo,SXARCMTMGLSkipConfig,SXARCMTMGLSkipConfig,SXARCMTM
dbo.SXARCMTMGeneralDefinition,Tbl_ee942258eeb341db801ef4606f8c471f.htm,dbo,SXARCMTMGeneralDefinition,SXARCMTMGeneralDefinition,SXARCMTM
dbo.SXARCMTMPriceChangeHistory,Tbl_fa5159d402c6462bb474d2a0c7ab6d3a.htm,dbo,SXARCMTMPriceChangeHistory,SXARCMTMPriceChangeHistory,SXARCMTM
dbo.SXARCMTMPricingConfig,Tbl_d2e902cbc02b46cbbb3c7cb41fc7b389.htm,dbo,SXARCMTMPricingConfig,SXARCMTMPricingConfig,SXARCMTM
dbo.SXARCMTMPricingMarkup,Tbl_5b95d562345a416da107ce035741107d.htm,dbo,SXARCMTMPricingMarkup,SXARCMTMPricingMarkup,SXARCMTM
dbo.SXARCMTMThirdPartyCodeXRef,Tbl_35c2c664b7244a54a38df67b0be4528c.htm,dbo,SXARCMTMThirdPartyCodeXRef,SXARCMTMThirdPartyCodeXRef,SXARCMTM
dbo.SXARCMTMVocabularyXRef,Tbl_5cdcb48f025748ee9460ac9260a69f47.htm,dbo,SXARCMTMVocabularyXRef,SXARCMTMVocabularyXRef,SXARCMTM
dbo.SXARCMTaskConfig,Tbl_f795f061d95b4e0c996db26f9f84dacc.htm,dbo,SXARCMTaskConfig,SXARCMTaskConfig,SXARCMTa
dbo.SXARCMTaxConfiguration,Tbl_9d54a2e98c1b41c1baa463681d7387cc.htm,dbo,SXARCMTaxConfiguration,SXARCMTaxConfiguration,SXARCMTa
dbo.SXARCMTemplate,Tbl_50dd288c636b4c3f9d1d282979072f44.htm,dbo,SXARCMTemplate,SXARCMTemplate,SXARCMTe
dbo.SXARCMTemplateSource,Tbl_9f7b44cda2a2432fa7d9a97c150bf990.htm,dbo,SXARCMTemplateSource,SXARCMTemplateSource,SXARCMTe
dbo.SXARCMTemplateType,Tbl_d1ef9df2ba4248d191fc5e555a0a26f2.htm,dbo,SXARCMTemplateType,SXARCMTemplateType,SXARCMTe
dbo.SXARCMTermCodeRepository,Tbl_7f2b52b55143423ca712522bc9fff16b.htm,dbo,SXARCMTermCodeRepository,SXARCMTermCodeRepository,SXARCMTe
dbo.SXARCMThirdPartyCode,Tbl_fb0500daa5fa450287144ab947d17f39.htm,dbo,SXARCMThirdPartyCode,SXARCMThirdPartyCode,SXARCMTh
dbo.SXARCMThirdPartyCodeGroup,Tbl_fe61e5c5f06c4d21af2e72eafdb9d67e.htm,dbo,SXARCMThirdPartyCodeGroup,SXARCMThirdPartyCodeGroup,SXARCMTh
dbo.SXARCMThirdPartyCodeType,Tbl_173a5848370f49b58b95b3fc7cda7596.htm,dbo,SXARCMThirdPartyCodeType,SXARCMThirdPartyCodeType,SXARCMTh
dbo.SXARCMTile,Tbl_1e176e242bd342d2924ad8a265c21ab6.htm,dbo,SXARCMTile,SXARCMTile,SXARCMTi
dbo.SXARCMTileTemplateTypeXRef,Tbl_946a7948d4ba4263a87dabe04acd0952.htm,dbo,SXARCMTileTemplateTypeXRef,SXARCMTileTemplateTypeXRef,SXARCMTi
dbo.SXARCMTileType,Tbl_a9d8b97147234c33a5b351ae38375feb.htm,dbo,SXARCMTileType,SXARCMTileType,SXARCMTi
dbo.SXARCMTooth,Tbl_cf196ce167d341d3b6e46a183ac4f2ca.htm,dbo,SXARCMTooth,SXARCMTooth,SXARCMTo
dbo.SXARCMToothStatus,Tbl_dbfe44b6d32a47719c3991fd85cd665b.htm,dbo,SXARCMToothStatus,SXARCMToothStatus,SXARCMTo
dbo.SXARCMToothSurfaceCode,Tbl_32b3fc5fb3a840cab54ea7e2fb24c351.htm,dbo,SXARCMToothSurfaceCode,SXARCMToothSurfaceCode,SXARCMTo
dbo.SXARCMToothSystem,Tbl_f356e311961546bbabe324e5f2b1185f.htm,dbo,SXARCMToothSystem,SXARCMToothSystem,SXARCMTo
dbo.SXARCMTransaction,Tbl_51bf39f01d0f4260be18c61ed9788b6e.htm,dbo,SXARCMTransaction,SXARCMTransaction,SXARCMTr
dbo.SXARCMTransactionCodeMaster,Tbl_40e163fed4834c1fbf450e22c3b68f25.htm,dbo,SXARCMTransactionCodeMaster,SXARCMTransactionCodeMaster,SXARCMTr
dbo.SXARCMTransactionDiagnosisCode,Tbl_d1bc2dd396ec4e6d9b3025f082ff7e49.htm,dbo,SXARCMTransactionDiagnosisCode,SXARCMTransactionDiagnosisCode,SXARCMTr
dbo.SXARCMTransactionDiagnosisCodeMapping,Tbl_cbf596a67e3d4fd5af532418428d39af.htm,dbo,SXARCMTransactionDiagnosisCodeMapping,SXARCMTransactionDiagnosisCodeMapping,SXARCMTr
dbo.SXARCMTransactionMasterGLInfoXref,Tbl_76c8b8eb52424f5491e537581a72d139.htm,dbo,SXARCMTransactionMasterGLInfoXref,SXARCMTransactionMasterGLInfoXref,SXARCMTr
dbo.SXARCMTransactionReasonNote,Tbl_67848a0f14ca4d6b9a2d48eaea619afa.htm,dbo,SXARCMTransactionReasonNote,SXARCMTransactionReasonNote,SXARCMTr
dbo.SXARCMTransactionReasonNoteTransactionXREF,Tbl_5e679bd1a06546ac82602157c8d7fcc3.htm,dbo,SXARCMTransactionReasonNoteTransactionXREF,SXARCMTransactionReasonNoteTransactionXREF,SXARCMTr
dbo.SXARCMTransactionSubTypeMaster,Tbl_046a6bcb4b9148e9b7748b30374f93cf.htm,dbo,SXARCMTransactionSubTypeMaster,SXARCMTransactionSubTypeMaster,SXARCMTr
dbo.SXARCMTransactionThirdPartyCode,Tbl_bf1f724062284f6cb05736bec5ea42bf.htm,dbo,SXARCMTransactionThirdPartyCode,SXARCMTransactionThirdPartyCode,SXARCMTr
dbo.SXARCMTransactionTransferLog,Tbl_5965ad0cd94e46358c6162dae434f9bd.htm,dbo,SXARCMTransactionTransferLog,SXARCMTransactionTransferLog,SXARCMTr
dbo.SXARCMTransactionTypeMaster,Tbl_4801093f8fe8417e93d45274b62868aa.htm,dbo,SXARCMTransactionTypeMaster,SXARCMTransactionTypeMaster,SXARCMTr
dbo.SXARCMTransferReasonType,Tbl_3a1ec740248c4542ba563e1a08d376e1.htm,dbo,SXARCMTransferReasonType,SXARCMTransferReasonType,SXARCMTr
dbo.SXARCMTransferToAccountReceivable,Tbl_391b155bb3584125af78a66a13ee15e6.htm,dbo,SXARCMTransferToAccountReceivable,SXARCMTransferToAccountReceivable,SXARCMTr
dbo.SXARCMTransferToAccountReceivableFacilityCode,Tbl_3ed298fb8cfe49a282fd489ef9d00df7.htm,dbo,SXARCMTransferToAccountReceivableFacilityCode,SXARCMTransferToAccountReceivableFacilityCode,SXARCMTr
dbo.SXARCMTransferToBadDebt,Tbl_14233ff78f7d4e3499b14d548d08ceef.htm,dbo,SXARCMTransferToBadDebt,SXARCMTransferToBadDebt,SXARCMTr
dbo.SXARCMTransferToBadDebtExcludePrivacyStatusXREF,Tbl_4ebee1cc790e4102a70dee13a242481b.htm,dbo,SXARCMTransferToBadDebtExcludePrivacyStatusXREF,SXARCMTransferToBadDebtExcludePrivacyStatusXREF,SXARCMTr
dbo.SXARCMTransferToBadDebtFacilityCode,Tbl_9497e79db6f14748848f98223d0500db.htm,dbo,SXARCMTransferToBadDebtFacilityCode,SXARCMTransferToBadDebtFacilityCode,SXARCMTr
dbo.SXARCMTransferType,Tbl_e58222e866f64ca18813099bef9dad68.htm,dbo,SXARCMTransferType,SXARCMTransferType,SXARCMTr
dbo.SXARCMTranslationDictionary,Tbl_5cf94e03b8634dfcaddfa3dc72d8cb75.htm,dbo,SXARCMTranslationDictionary,SXARCMTranslationDictionary,SXARCMTr
dbo.SXARCMTranslationDictionaryContentDefaultValue,Tbl_4cdaf57313f94d889c92df5507f88392.htm,dbo,SXARCMTranslationDictionaryContentDefaultValue,SXARCMTranslationDictionaryContentDefaultValue,SXARCMTr
dbo.SXARCMTranslationDictionaryContentXREF,Tbl_488d741c1ec744e58f8836b5d36fa8eb.htm,dbo,SXARCMTranslationDictionaryContentXREF,SXARCMTranslationDictionaryContentXREF,SXARCMTr
dbo.SXARCMTypeofStatement,Tbl_860bd31408d142559f8df616b7a00127.htm,dbo,SXARCMTypeofStatement,SXARCMTypeofStatement,SXARCMTy
dbo.SXARCMUBAdjustmentType,Tbl_35a7e20f4a2e4e5c89a0f8744e97aa28.htm,dbo,SXARCMUBAdjustmentType,SXARCMUBAdjustmentType,SXARCMUB
dbo.SXARCMUIActivity,Tbl_93bfa0ff2bb54e8e8e4ab2e001e24d39.htm,dbo,SXARCMUIActivity,SXARCMUIActivity,SXARCMUI
dbo.SXARCMUIActivityProperty,Tbl_1a515f075f244981836476adbfe7dc97.htm,dbo,SXARCMUIActivityProperty,SXARCMUIActivityProperty,SXARCMUI
dbo.SXARCMUnitOfMeasurement,Tbl_69d8f85078e64409a047448ba12e520c.htm,dbo,SXARCMUnitOfMeasurement,SXARCMUnitOfMeasurement,SXARCMUn
dbo.SXARCMUnspecifiedHCPCSCode,Tbl_42728081fa1249df8381fd415d524723.htm,dbo,SXARCMUnspecifiedHCPCSCode,SXARCMUnspecifiedHCPCSCode,SXARCMUn
dbo.SXARCMUsageIndicator,Tbl_96a392c47179490d863c8513613f4fb9.htm,dbo,SXARCMUsageIndicator,SXARCMUsageIndicator,SXARCMUs
dbo.SXARCMUser,Tbl_9c06a1e1952b4e02a60511c1476abb13.htm,dbo,SXARCMUser,SXARCMUser,SXARCMUs
dbo.SXARCMUserDefinedTableList,Tbl_64c8f256171f4957ab8c3181e40028c2.htm,dbo,SXARCMUserDefinedTableList,SXARCMUserDefinedTableList,SXARCMUs
dbo.SXARCMUserPersonalizationData,Tbl_9c46870daab9405dbf5a991b00cc041b.htm,dbo,SXARCMUserPersonalizationData,SXARCMUserPersonalizationData,SXARCMUs
dbo.SXARCMVersionReleaseIndustryIdentifierCode,Tbl_d18de2835bb849d7bf576d403f1c1324.htm,dbo,SXARCMVersionReleaseIndustryIdentifierCode,SXARCMVersionReleaseIndustryIdentifierCode,SXARCMVe
dbo.SXARCMViewpointActivityConfig,Tbl_adbcb2e8bc9f4c7081f8e339af517dbc.htm,dbo,SXARCMViewpointActivityConfig,SXARCMViewpointActivityConfig,SXARCMVi
dbo.SXARCMViewpointConfig,Tbl_582c86fd2c7c4f419288855d9b234aff.htm,dbo,SXARCMViewpointConfig,SXARCMViewpointConfig,SXARCMVi
dbo.SXARCMViewpointConfigWidgetXref,Tbl_e5d1ccb909624241b2ee815c114c8ae2.htm,dbo,SXARCMViewpointConfigWidgetXref,SXARCMViewpointConfigWidgetXref,SXARCMVi
dbo.SXARCMViewpointGroup,Tbl_c5f8ea971b174df7bb295e7785380b37.htm,dbo,SXARCMViewpointGroup,SXARCMViewpointGroup,SXARCMVi
dbo.SXARCMVocabCodeType,Tbl_d14e4b76de93494392f55544fcc6167f.htm,dbo,SXARCMVocabCodeType,SXARCMVocabCodeType,SXARCMVo
dbo.SXARCMVocabulary,Tbl_b45466317cb14477a6fbf2e501b6dfe0.htm,dbo,SXARCMVocabulary,SXARCMVocabulary,SXARCMVo
dbo.SXARCMVoidClaimDetail,Tbl_70fa0829da2141119560c8fc0bc45d0e.htm,dbo,SXARCMVoidClaimDetail,SXARCMVoidClaimDetail,SXARCMVo
dbo.SXARCMWidget,Tbl_1045835dacf8436f8438c0ead7a35a1f.htm,dbo,SXARCMWidget,SXARCMWidget,SXARCMWi
dbo.SXARCMWidgetContextXref,Tbl_3d1d09a42cba46868e621eddce8c269e.htm,dbo,SXARCMWidgetContextXref,SXARCMWidgetContextXref,SXARCMWi
dbo.SXARCMWorkbenchProfileSecurityGroupXRef,Tbl_3b6426b4fcf84651b48d66697d5122bc.htm,dbo,SXARCMWorkbenchProfileSecurityGroupXRef,SXARCMWorkbenchProfileSecurityGroupXRef,SXARCMWo
dbo.SXARCMWorkflowLock,Tbl_3032bb0f6ecf4860b8b39beb82cd5934.htm,dbo,SXARCMWorkflowLock,SXARCMWorkflowLock,SXARCMWo
dbo.SXARCMWorksheet,Tbl_c0612c3edf8f4beaa43fb49f06d310ca.htm,dbo,SXARCMWorksheet,SXARCMWorksheet,SXARCMWo
dbo.SXARCMWorksheetAgencySetupXREF,Tbl_7e448d2d30ba44dcacc44f4a086043e2.htm,dbo,SXARCMWorksheetAgencySetupXREF,SXARCMWorksheetAgencySetupXREF,SXARCMWo
dbo.SXARCMWorksheetEpisodeXREF,Tbl_f89a860ffca6426a8b5c2ee88bce6760.htm,dbo,SXARCMWorksheetEpisodeXREF,SXARCMWorksheetEpisodeXREF,SXARCMWo
dbo.SXARCMWorksheetHoldType,Tbl_027bb48f59ad44eaa8c02efd379a284f.htm,dbo,SXARCMWorksheetHoldType,SXARCMWorksheetHoldType,SXARCMWo
dbo.SXARCMWorksheetState,Tbl_63636bca28b9451c9ec86548f6fa14ae.htm,dbo,SXARCMWorksheetState,SXARCMWorksheetState,SXARCMWo
dbo.SXARCMWorksheetStatementDetails,Tbl_e14b048adace4d9187e19745b8adb742.htm,dbo,SXARCMWorksheetStatementDetails,SXARCMWorksheetStatementDetails,SXARCMWo
dbo.SXARCMWorksheetStatus,Tbl_fb5f774d53c34812982bd8bad8b8a5e8.htm,dbo,SXARCMWorksheetStatus,SXARCMWorksheetStatus,SXARCMWo
dbo.SXARCMWorksheetTransactionAllocation,Tbl_0df5d19fac1744fe8d9ea8a01d47530c.htm,dbo,SXARCMWorksheetTransactionAllocation,SXARCMWorksheetTransactionAllocation,SXARCMWo
dbo.SXARCMWorksheetTransferTransaction,Tbl_52dbb486147c4745846d61b2332054c6.htm,dbo,SXARCMWorksheetTransferTransaction,SXARCMWorksheetTransferTransaction,SXARCMWo
dbo.SXARCMWorksheetType,Tbl_75b5ae9c4ed3424ea4824f42c9100db2.htm,dbo,SXARCMWorksheetType,SXARCMWorksheetType,SXARCMWo
dbo.SXARxActiveIngredient,Tbl_9aa6d45a869a4549a89a588fcb7fcfc6.htm,dbo,SXARxActiveIngredient,SXARxActiveIngredient,SXARxAct
dbo.SXARxDisplayType,Tbl_e0dcaae29ee146e589c755ceaebf7dbd.htm,dbo,SXARxDisplayType,SXARxDisplayType,SXARxDis
dbo.SXARxDoseForm,Tbl_05f7260a6db3433db15a5dd1e8c35d41.htm,dbo,SXARxDoseForm,SXARxDoseForm,SXARxDos
dbo.SXARxGenericItem,Tbl_71312832c72348548954df199bed032c.htm,dbo,SXARxGenericItem,SXARxGenericItem,SXARxGen
dbo.SXARxGenericName,Tbl_a29bb311528d4393a1a20b4a717a8111.htm,dbo,SXARxGenericName,SXARxGenericName,SXARxGen
dbo.SXARxIngredientList,Tbl_5b00d30c9e4243f8939e7aea1ed3ace4.htm,dbo,SXARxIngredientList,SXARxIngredientList,SXARxIng
dbo.SXARxManufacturer,Tbl_20fe3669f654416b949c9baaa7f52fd1.htm,dbo,SXARxManufacturer,SXARxManufacturer,SXARxMan
dbo.SXARxOrangeBook,Tbl_7f274e767150402898e631bab3fdf663.htm,dbo,SXARxOrangeBook,SXARxOrangeBook,SXARxOra
dbo.SXARxProduct,Tbl_45d708f2ea2a4160ad697c640d453141.htm,dbo,SXARxProduct,SXARxProduct,SXARxPro
dbo.SXARxRoute,Tbl_2767f6564f7e4f368f0c9809e4508add.htm,dbo,SXARxRoute,SXARxRoute,SXARxRou
dbo.SXARxUnitOfMeasure,Tbl_0639326fceaa4498b88e81624d5e5922.htm,dbo,SXARxUnitOfMeasure,SXARxUnitOfMeasure,SXARxUni
dbo.SXASCLAction,Tbl_3ffcd413d44145e5b8d7df38034201e2.htm,dbo,SXASCLAction,SXASCLAction,SXASCLAc
dbo.SXASCLAgeGroup,Tbl_58e548e058d140fba4e658d533c83e92.htm,dbo,SXASCLAgeGroup,SXASCLAgeGroup,SXASCLAg
dbo.SXASCLArrivedBy,Tbl_87f59693dcb549389a5d9aada3a2fda4.htm,dbo,SXASCLArrivedBy,SXASCLArrivedBy,SXASCLAr
dbo.SXASCLCCVersion,Tbl_5d290bdb4502479e8760901d9f3a536b.htm,dbo,SXASCLCCVersion,SXASCLCCVersion,SXASCLCC
dbo.SXASCLCPT,Tbl_3815d145c75d48ec96cac762d56bac71.htm,dbo,SXASCLCPT,SXASCLCPT,SXASCLCP
dbo.SXASCLCPTHCPCSAddEndNum,Tbl_0f186c2a06d140038ca660f37e14bab0.htm,dbo,SXASCLCPTHCPCSAddEndNum,SXASCLCPTHCPCSAddEndNum,SXASCLCP
dbo.SXASCLCPTNursingProcedure,Tbl_bceb0cec64014170b6cbc2b5479a1f1f.htm,dbo,SXASCLCPTNursingProcedure,SXASCLCPTNursingProcedure,SXASCLCP
dbo.SXASCLCPTPair,Tbl_34301b930f0e41219d4e0b28e3a63e46.htm,dbo,SXASCLCPTPair,SXASCLCPTPair,SXASCLCP
dbo.SXASCLCPTPlural,Tbl_1f0ca1cf091a47ddb3f726029fd0fcea.htm,dbo,SXASCLCPTPlural,SXASCLCPTPlural,SXASCLCP
dbo.SXASCLCPTTitle,Tbl_64ded62899e14994aa30e357e3d25564.htm,dbo,SXASCLCPTTitle,SXASCLCPTTitle,SXASCLCP
dbo.SXASCLCategory,Tbl_0b5cd328557e4e01ae757a6acb3efb90.htm,dbo,SXASCLCategory,SXASCLCategory,SXASCLCa
dbo.SXASCLChargeMaster,Tbl_ae348bfd2d2645248be86491d1287b48.htm,dbo,SXASCLChargeMaster,SXASCLChargeMaster,SXASCLCh
dbo.SXASCLCodingLevel,Tbl_29585bfbca4743c9b27157442adc2103.htm,dbo,SXASCLCodingLevel,SXASCLCodingLevel,SXASCLCo
dbo.SXASCLCodingStatus,Tbl_cb3d33a141174113bd6e557635d50bff.htm,dbo,SXASCLCodingStatus,SXASCLCodingStatus,SXASCLCo
dbo.SXASCLComment,Tbl_e5aeab5a26ee4cc79999678018b6967c.htm,dbo,SXASCLComment,SXASCLComment,SXASCLCo
dbo.SXASCLCommentType,Tbl_d646c028b1204680ae7d42419e1197e7.htm,dbo,SXASCLCommentType,SXASCLCommentType,SXASCLCo
dbo.SXASCLComponent,Tbl_398b0c9b06f24640b35d0be6d3e03725.htm,dbo,SXASCLComponent,SXASCLComponent,SXASCLCo
dbo.SXASCLComponentDef,Tbl_b1799a541fe54c48bba796538ae72e26.htm,dbo,SXASCLComponentDef,SXASCLComponentDef,SXASCLCo
dbo.SXASCLContentVersion,Tbl_4311517d28d64ce9a44e4eb1ead43aa6.htm,dbo,SXASCLContentVersion,SXASCLContentVersion,SXASCLCo
dbo.SXASCLFinancialClass,Tbl_8349b8f947c54641a9f520934809062b.htm,dbo,SXASCLFinancialClass,SXASCLFinancialClass,SXASCLFi
dbo.SXASCLIVSite,Tbl_5a5d244b4865482ab003b21f76f838d7.htm,dbo,SXASCLIVSite,SXASCLIVSite,SXASCLIV
dbo.SXASCLLocation,Tbl_07e99b5586f04d28b3f9322b0ffc85ef.htm,dbo,SXASCLLocation,SXASCLLocation,SXASCLLo
dbo.SXASCLLocationRevenueCenterXREF,Tbl_9c276738fa554311a7f9ee37439974d6.htm,dbo,SXASCLLocationRevenueCenterXREF,SXASCLLocationRevenueCenterXREF,SXASCLLo
dbo.SXASCLMappingPriority,Tbl_2df4872f186d46c6b418d291ee429bcc.htm,dbo,SXASCLMappingPriority,SXASCLMappingPriority,SXASCLMa
dbo.SXASCLMedication,Tbl_17ecd73cf8d14bfdb7e8ac6dd87776a3.htm,dbo,SXASCLMedication,SXASCLMedication,SXASCLMe
dbo.SXASCLModelDefinition,Tbl_455e257438ac40dda6d81e246390a4e9.htm,dbo,SXASCLModelDefinition,SXASCLModelDefinition,SXASCLMo
dbo.SXASCLModifier,Tbl_14cbd095dd4944699e429c05da79bb8f.htm,dbo,SXASCLModifier,SXASCLModifier,SXASCLMo
dbo.SXASCLModifierRange,Tbl_3321639ffa4c4563b4303bc03f07e811.htm,dbo,SXASCLModifierRange,SXASCLModifierRange,SXASCLMo
dbo.SXASCLModuleComponentXRef,Tbl_9b3e05741ebc42bd894e5cc4a3f4ef53.htm,dbo,SXASCLModuleComponentXRef,SXASCLModuleComponentXRef,SXASCLMo
dbo.SXASCLModuleMappingDef,Tbl_473f88ad0bab4b43bf2d8587696495a1.htm,dbo,SXASCLModuleMappingDef,SXASCLModuleMappingDef,SXASCLMo
dbo.SXASCLModuleMappingObjectXRef,Tbl_ad5308385cd4496289d02200dcc6974b.htm,dbo,SXASCLModuleMappingObjectXRef,SXASCLModuleMappingObjectXRef,SXASCLMo
dbo.SXASCLModuleMappingObservationXRef,Tbl_344edb6fc5e143628a3950f36f3a3175.htm,dbo,SXASCLModuleMappingObservationXRef,SXASCLModuleMappingObservationXRef,SXASCLMo
dbo.SXASCLModuleObjectEntityXRef,Tbl_492d3339344342aba85281712007a9cd.htm,dbo,SXASCLModuleObjectEntityXRef,SXASCLModuleObjectEntityXRef,SXASCLMo
dbo.SXASCLModuleObjectSpecValueXRef,Tbl_8c809841a6504341ba7403df49332a62.htm,dbo,SXASCLModuleObjectSpecValueXRef,SXASCLModuleObjectSpecValueXRef,SXASCLMo
dbo.SXASCLModuleObservationDocumentXRef,Tbl_f4c141ba90014134baef2d4f337ca012.htm,dbo,SXASCLModuleObservationDocumentXRef,SXASCLModuleObservationDocumentXRef,SXASCLMo
dbo.SXASCLModuleObservationSpecValueXRef,Tbl_ff26b928b090473694b6f4eefbab81da.htm,dbo,SXASCLModuleObservationSpecValueXRef,SXASCLModuleObservationSpecValueXRef,SXASCLMo
dbo.SXASCLOPEdit,Tbl_fbb6af7fa1634b74ba45ec2c331aa840.htm,dbo,SXASCLOPEdit,SXASCLOPEdit,SXASCLOP
dbo.SXASCLObservationExclusion,Tbl_4701861ea4994c31bbeb4507b9ce301c.htm,dbo,SXASCLObservationExclusion,SXASCLObservationExclusion,SXASCLOb
dbo.SXASCLOrderStatusLevel,Tbl_a234cf2f01ee4068b63ec42e7084f5e4.htm,dbo,SXASCLOrderStatusLevel,SXASCLOrderStatusLevel,SXASCLOr
dbo.SXASCLProblem,Tbl_672cefece1164e3bb69b3c61ee2d95e1.htm,dbo,SXASCLProblem,SXASCLProblem,SXASCLPr
dbo.SXASCLQueueStatus,Tbl_652c8391280543faa763be2abe073e3d.htm,dbo,SXASCLQueueStatus,SXASCLQueueStatus,SXASCLQu
dbo.SXASCLReportGroup,Tbl_409f565d9e41417c910e1a36540ebb83.htm,dbo,SXASCLReportGroup,SXASCLReportGroup,SXASCLRe
dbo.SXASCLRevenueCenter,Tbl_d7966a252c4e4d6c916985e9df7e1d38.htm,dbo,SXASCLRevenueCenter,SXASCLRevenueCenter,SXASCLRe
dbo.SXASCLSOS,Tbl_f191fda7269a47ae828610e6915038a5.htm,dbo,SXASCLSOS,SXASCLSOS,SXASCLSO
dbo.SXASCLSOSDetail,Tbl_8a01c8d6ba404b7c97f7c32b598fd2c8.htm,dbo,SXASCLSOSDetail,SXASCLSOSDetail,SXASCLSO
dbo.SXASCLSOSMapping,Tbl_bf9dea0a04334f50899e5f61c63b099a.htm,dbo,SXASCLSOSMapping,SXASCLSOSMapping,SXASCLSO
dbo.SXASCLServiceLine,Tbl_38daae8ef82a480783ff47db04f45d6a.htm,dbo,SXASCLServiceLine,SXASCLServiceLine,SXASCLSe
dbo.SXASCLServiceLineModifier,Tbl_221d74f9aad9461ebad22a845658b253.htm,dbo,SXASCLServiceLineModifier,SXASCLServiceLineModifier,SXASCLSe
dbo.SXASCLSite,Tbl_d67285d53b6243ff889f9eaf279c4dee.htm,dbo,SXASCLSite,SXASCLSite,SXASCLSi
dbo.SXASCLSiteColorMapping,Tbl_23899917dc8b4b68afcecf7628ff4811.htm,dbo,SXASCLSiteColorMapping,SXASCLSiteColorMapping,SXASCLSi
dbo.SXASCLSiteMapping,Tbl_736837e6387b43778547b4bb56febdfb.htm,dbo,SXASCLSiteMapping,SXASCLSiteMapping,SXASCLSi
dbo.SXASCLSiteVariableConfig,Tbl_25ea4b7583f343b1ae7aae3177015f1b.htm,dbo,SXASCLSiteVariableConfig,SXASCLSiteVariableConfig,SXASCLSi
dbo.SXASCLStatus,Tbl_921dbd3885e9410abd43d3c36e470f07.htm,dbo,SXASCLStatus,SXASCLStatus,SXASCLSt
dbo.SXASCLSystemVariable,Tbl_73c9d78788f64dbfb32cc21735d4aa14.htm,dbo,SXASCLSystemVariable,SXASCLSystemVariable,SXASCLSy
dbo.SXASCLSystemVariableConfig,Tbl_ed191461730142b682706acdfab0090a.htm,dbo,SXASCLSystemVariableConfig,SXASCLSystemVariableConfig,SXASCLSy
dbo.SXASCLSystemVariableDefaultValues,Tbl_65261578fa394ed390ca56a3e92b512a.htm,dbo,SXASCLSystemVariableDefaultValues,SXASCLSystemVariableDefaultValues,SXASCLSy
dbo.SXASCLSystemVariableValues,Tbl_5bf0bec3e1e841fb91e73e78a2edc437.htm,dbo,SXASCLSystemVariableValues,SXASCLSystemVariableValues,SXASCLSy
dbo.SXASCLTransaction,Tbl_2191febc07264267a3a31af45c506ed0.htm,dbo,SXASCLTransaction,SXASCLTransaction,SXASCLTr
dbo.SXASCLTransactionModifiers,Tbl_b1eb01a78a134b8e931f83ef93ed218f.htm,dbo,SXASCLTransactionModifiers,SXASCLTransactionModifiers,SXASCLTr
dbo.SXASCLTransactionSet,Tbl_cabc64476258439fa1f4c20f1f553eb3.htm,dbo,SXASCLTransactionSet,SXASCLTransactionSet,SXASCLTr
dbo.SXASCLVLCPTCode,Tbl_9e3ba96b66074cbda436943a65cadaf1.htm,dbo,SXASCLVLCPTCode,SXASCLVLCPTCode,SXASCLVL
dbo.SXASCLVisitDetail,Tbl_9feb923958d540648d18a8b02df98ede.htm,dbo,SXASCLVisitDetail,SXASCLVisitDetail,SXASCLVi
dbo.SXASCLVisitLevel,Tbl_5e7fe79a483348249535303ec603a851.htm,dbo,SXASCLVisitLevel,SXASCLVisitLevel,SXASCLVi
dbo.SXASCLVisitLevelCalcItems,Tbl_09299e9b3e5f496aaecfb837da858199.htm,dbo,SXASCLVisitLevelCalcItems,SXASCLVisitLevelCalcItems,SXASCLVi
dbo.SXASCLVisitLevelIV,Tbl_d0df08760ba34243a0f8e31f0fe749e7.htm,dbo,SXASCLVisitLevelIV,SXASCLVisitLevelIV,SXASCLVi
dbo.SXASCLVisitLevelObsExclusion,Tbl_1f4bc5d0994b45c1a7a2827bb4aae2d4.htm,dbo,SXASCLVisitLevelObsExclusion,SXASCLVisitLevelObsExclusion,SXASCLVi
dbo.SXASCLVisitSOS,Tbl_a6fdcc8a06a943559114d662c1594a9c.htm,dbo,SXASCLVisitSOS,SXASCLVisitSOS,SXASCLVi
dbo.SXASCLVisitSOSProblem,Tbl_b41cbb730caf467e969a86aa760fcf1d.htm,dbo,SXASCLVisitSOSProblem,SXASCLVisitSOSProblem,SXASCLVi
dbo.SXASCLVisitStatus,Tbl_d87c9ef3f61b483aa4ea192f3f3917e6.htm,dbo,SXASCLVisitStatus,SXASCLVisitStatus,SXASCLVi
dbo.SXASHAutoReplyConfig,Tbl_7fd3c6b85d9847baa974cbb7110de582.htm,dbo,SXASHAutoReplyConfig,SXASHAutoReplyConfig,SXASHAut
dbo.SXASHMessage,Tbl_dabdb6a0ab304e9394ba8565aecec554.htm,dbo,SXASHMessage,SXASHMessage,SXASHMes
dbo.SXASHMsgAttachmentXREF,Tbl_4da903eda40a466a869a815d7bf09a04.htm,dbo,SXASHMsgAttachmentXREF,SXASHMsgAttachmentXREF,SXASHMsg
dbo.SXASHMsgDocXref,Tbl_2f4d3fa8e332497d874f353c864a1c6d.htm,dbo,SXASHMsgDocXref,SXASHMsgDocXref,SXASHMsg
dbo.SXASHMsgPriorityType,Tbl_bba512f14f7d4a41b56b6e158049b1f3.htm,dbo,SXASHMsgPriorityType,SXASHMsgPriorityType,SXASHMsg
dbo.SXASHMsgType,Tbl_6efc08fae458428eb6dde0676d610368.htm,dbo,SXASHMsgType,SXASHMsgType,SXASHMsg
dbo.SXASHParameter,Tbl_05296976b66544ae8f0458bcaae3b968.htm,dbo,SXASHParameter,SXASHParameter,SXASHPar
dbo.SXASHParameterValue,Tbl_6b35a79060534bffb384b7eaebabbfeb.htm,dbo,SXASHParameterValue,SXASHParameterValue,SXASHPar
dbo.SXASHPatientRecordMessageXRef,Tbl_dc3b0d43a95f441393fd036a338adebf.htm,dbo,SXASHPatientRecordMessageXRef,SXASHPatientRecordMessageXRef,SXASHPat
dbo.SXASHUser,Tbl_0140496927d04dcc83961fca2d0d4be1.htm,dbo,SXASHUser,SXASHUser,SXASHUse
dbo.SXASHUserFolder,Tbl_db7b0929dd4a4a5eb377877249afcd49.htm,dbo,SXASHUserFolder,SXASHUserFolder,SXASHUse
dbo.SXASHUserMsg,Tbl_10bb747ec3d64684a089307f0c1e63cc.htm,dbo,SXASHUserMsg,SXASHUserMsg,SXASHUse
dbo.SXASNAddendum,Tbl_c761d3f0384d40c9900c5f46a8e80a4e.htm,dbo,SXASNAddendum,SXASNAddendum,SXASNAdd
dbo.SXASNCDFormReusableSectionXRef,Tbl_b4fa224aca7143f2b5e729345dd959b6.htm,dbo,SXASNCDFormReusableSectionXRef,SXASNCDFormReusableSectionXRef,SXASNCDF
dbo.SXASNClientDocFormXREF,Tbl_11f2a30a384b4ad396fabdaf70dcfc23.htm,dbo,SXASNClientDocFormXREF,SXASNClientDocFormXREF,SXASNCli
dbo.SXASNDigitalSignature,Tbl_b00743b1b2c6492abdcc14284df19c3f.htm,dbo,SXASNDigitalSignature,SXASNDigitalSignature,SXASNDig
dbo.SXASNSection,Tbl_35df97f2a4ad4bcfa1c3b1e08e676412.htm,dbo,SXASNSection,SXASNSection,SXASNSec
dbo.SXASNSectionField,Tbl_18da4cd1505948429ef53c6f39a990c0.htm,dbo,SXASNSectionField,SXASNSectionField,SXASNSec
dbo.SXASNSectionFieldObsEntryItemXref,Tbl_26515381817048bf9c2223ac0282d841.htm,dbo,SXASNSectionFieldObsEntryItemXref,SXASNSectionFieldObsEntryItemXref,SXASNSec
dbo.SXASNSectionInterval,Tbl_6dce83a28c2b434983f557b7bf029513.htm,dbo,SXASNSectionInterval,SXASNSectionInterval,SXASNSec
dbo.SXASNSectionIntervalObsEntryItemXref,Tbl_6a98372c93464f329e1fe7635fbd4190.htm,dbo,SXASNSectionIntervalObsEntryItemXref,SXASNSectionIntervalObsEntryItemXref,SXASNSec
dbo.SXASNSectionProviderXref,Tbl_fac42b8a1eed409f966c370d19b0c3cf.htm,dbo,SXASNSectionProviderXref,SXASNSectionProviderXref,SXASNSec
dbo.SXASNSectionSource,Tbl_a5c11ce1c9884cd18e6113679f5cc666.htm,dbo,SXASNSectionSource,SXASNSectionSource,SXASNSec
dbo.SXASNSourceSectionSourceXref,Tbl_ce4a2c72c7ef4147b24411c95de77fa5.htm,dbo,SXASNSourceSectionSourceXref,SXASNSourceSectionSourceXref,SXASNSou
dbo.SXASNStaticSectionModule,Tbl_8598098abcbe4b24b03f30f9447242e5.htm,dbo,SXASNStaticSectionModule,SXASNStaticSectionModule,SXASNSta
dbo.SXASRGAcuity,Tbl_c3460de0e89a4b6081a607b8fff25eea.htm,dbo,SXASRGAcuity,SXASRGAcuity,SXASRGAc
dbo.SXASRGAnesthesiaType,Tbl_47753260a84f43be8d520b21e481a095.htm,dbo,SXASRGAnesthesiaType,SXASRGAnesthesiaType,SXASRGAn
dbo.SXASRGBlock,Tbl_67815d23125e44bfbafdc409061d3f55.htm,dbo,SXASRGBlock,SXASRGBlock,SXASRGBl
dbo.SXASRGBlockSessionDepartmentSetting,Tbl_1bc2c8db8ea04c64889c0da4b3201d5b.htm,dbo,SXASRGBlockSessionDepartmentSetting,SXASRGBlockSessionDepartmentSetting,SXASRGBl
dbo.SXASRGBlockStaffAssignment,Tbl_cf39ceb8107c44058cfd532bcb57b2d3.htm,dbo,SXASRGBlockStaffAssignment,SXASRGBlockStaffAssignment,SXASRGBl
dbo.SXASRGCancellationReason,Tbl_5cec845d16914bb2bd889cf3970026c0.htm,dbo,SXASRGCancellationReason,SXASRGCancellationReason,SXASRGCa
dbo.SXASRGCardTemplate,Tbl_b293d2f5edb647aa9c76ef0660a24f14.htm,dbo,SXASRGCardTemplate,SXASRGCardTemplate,SXASRGCa
dbo.SXASRGCardTemplatePage,Tbl_fedcbb42c6654dd593534ed3202479c7.htm,dbo,SXASRGCardTemplatePage,SXASRGCardTemplatePage,SXASRGCa
dbo.SXASRGCase,Tbl_a227d7b0e30e4533914687f4130afabc.htm,dbo,SXASRGCase,SXASRGCase,SXASRGCa
dbo.SXASRGCaseCancelReasonXRef,Tbl_b8261091e44e4ecf80f57925a7635dce.htm,dbo,SXASRGCaseCancelReasonXRef,SXASRGCaseCancelReasonXRef,SXASRGCa
dbo.SXASRGCaseClientDocumentXRef,Tbl_b5c3f08091e94c3e8bd189542893adf5.htm,dbo,SXASRGCaseClientDocumentXRef,SXASRGCaseClientDocumentXRef,SXASRGCa
dbo.SXASRGCaseCostOverheadBased,Tbl_057f60cc029c46359eb4030b0ffc8530.htm,dbo,SXASRGCaseCostOverheadBased,SXASRGCaseCostOverheadBased,SXASRGCa
dbo.SXASRGCaseCostRoleBased,Tbl_be4b92e6e8b64f5d8fc0e4f178ac629f.htm,dbo,SXASRGCaseCostRoleBased,SXASRGCaseCostRoleBased,SXASRGCa
dbo.SXASRGCaseCostTimeBased,Tbl_eb7e60eac16f41fb88b54543d6cb79c5.htm,dbo,SXASRGCaseCostTimeBased,SXASRGCaseCostTimeBased,SXASRGCa
dbo.SXASRGCaseCostUsageBased,Tbl_0d748e8291d142778d7176e7e62917f9.htm,dbo,SXASRGCaseCostUsageBased,SXASRGCaseCostUsageBased,SXASRGCa
dbo.SXASRGCaseDelayReasonXRef,Tbl_563cddab1771459baeb9be105f90ded1.htm,dbo,SXASRGCaseDelayReasonXRef,SXASRGCaseDelayReasonXRef,SXASRGCa
dbo.SXASRGCaseEvent,Tbl_70b0ba3734e447ae83dc98ebbbdb2592.htm,dbo,SXASRGCaseEvent,SXASRGCaseEvent,SXASRGCa
dbo.SXASRGCaseEventCaseProcedureXRef,Tbl_4292c7beb390412c89b03bdb1bae22d6.htm,dbo,SXASRGCaseEventCaseProcedureXRef,SXASRGCaseEventCaseProcedureXRef,SXASRGCa
dbo.SXASRGCaseEventTime,Tbl_99c78df6639a40c0b2a982cacd08e676.htm,dbo,SXASRGCaseEventTime,SXASRGCaseEventTime,SXASRGCa
dbo.SXASRGCaseHealthIssueXRef,Tbl_4d6c6061920747cd9af136407f825bfa.htm,dbo,SXASRGCaseHealthIssueXRef,SXASRGCaseHealthIssueXRef,SXASRGCa
dbo.SXASRGCaseIndicatorAllergy,Tbl_17323b08676b4975959e3cd6bd8f5656.htm,dbo,SXASRGCaseIndicatorAllergy,SXASRGCaseIndicatorAllergy,SXASRGCa
dbo.SXASRGCaseIndicatorHealthIssue,Tbl_866feb02a0d34c7eb7562bb10dfac66d.htm,dbo,SXASRGCaseIndicatorHealthIssue,SXASRGCaseIndicatorHealthIssue,SXASRGCa
dbo.SXASRGCaseIndicatorHealthIssueCode,Tbl_16d86042643c4a6f9dba6323b39ac72a.htm,dbo,SXASRGCaseIndicatorHealthIssueCode,SXASRGCaseIndicatorHealthIssueCode,SXASRGCa
dbo.SXASRGCaseIndicatorHealthIssueCodeStatus,Tbl_7b1ae017ef5448e185f9daf29cf78269.htm,dbo,SXASRGCaseIndicatorHealthIssueCodeStatus,SXASRGCaseIndicatorHealthIssueCodeStatus,SXASRGCa
dbo.SXASRGCaseIndicatorHealthIssueCodeType,Tbl_197ad67612ea46d29d99f5f890d8e3bc.htm,dbo,SXASRGCaseIndicatorHealthIssueCodeType,SXASRGCaseIndicatorHealthIssueCodeType,SXASRGCa
dbo.SXASRGCaseInfo,Tbl_6e144fdcc82947feb9f7b0d2a7384eaf.htm,dbo,SXASRGCaseInfo,SXASRGCaseInfo,SXASRGCa
dbo.SXASRGCaseItem,Tbl_6a884b2e4b994a5d958f11846efb022b.htm,dbo,SXASRGCaseItem,SXASRGCaseItem,SXASRGCa
dbo.SXASRGCaseItemCaseProcedureXref,Tbl_5e82d37a11104152aee3a9378de91a54.htm,dbo,SXASRGCaseItemCaseProcedureXref,SXASRGCaseItemCaseProcedureXref,SXASRGCa
dbo.SXASRGCaseItemSupplementalInfo,Tbl_3eec68b643784ee687d4198189e087c3.htm,dbo,SXASRGCaseItemSupplementalInfo,SXASRGCaseItemSupplementalInfo,SXASRGCa
dbo.SXASRGCaseItemSupplementalInfoDtl,Tbl_19a3cd90649d4bb4996495622cdd784a.htm,dbo,SXASRGCaseItemSupplementalInfoDtl,SXASRGCaseItemSupplementalInfoDtl,SXASRGCa
dbo.SXASRGCaseItemTissue,Tbl_7bd507a13a454b64a00767de99496b38.htm,dbo,SXASRGCaseItemTissue,SXASRGCaseItemTissue,SXASRGCa
dbo.SXASRGCaseItemTissuePreparationSolution,Tbl_6ca140ba700748e2b1e1230db77f55f4.htm,dbo,SXASRGCaseItemTissuePreparationSolution,SXASRGCaseItemTissuePreparationSolution,SXASRGCa
dbo.SXASRGCaseItemTissueSurgeryStaffXRef,Tbl_728b47f4cf04412e9efce9001c371abf.htm,dbo,SXASRGCaseItemTissueSurgeryStaffXRef,SXASRGCaseItemTissueSurgeryStaffXRef,SXASRGCa
dbo.SXASRGCaseList,Tbl_30a811dda8934d18919c08dc357004eb.htm,dbo,SXASRGCaseList,SXASRGCaseList,SXASRGCa
dbo.SXASRGCaseListColorSetting,Tbl_acde3d0855614373b7989c288a3ad527.htm,dbo,SXASRGCaseListColorSetting,SXASRGCaseListColorSetting,SXASRGCa
dbo.SXASRGCaseListSpecification,Tbl_4b624b07eea64702b4490f6e9b9c9592.htm,dbo,SXASRGCaseListSpecification,SXASRGCaseListSpecification,SXASRGCa
dbo.SXASRGCaseListUserDefinedBasicColumn,Tbl_3fa4a8441f3b45d0bcd79ef9fffa5b09.htm,dbo,SXASRGCaseListUserDefinedBasicColumn,SXASRGCaseListUserDefinedBasicColumn,SXASRGCa
dbo.SXASRGCaseListUserDefinedCalculatedColumn,Tbl_e770adf15ed349b58c91eef4d21a0f29.htm,dbo,SXASRGCaseListUserDefinedCalculatedColumn,SXASRGCaseListUserDefinedCalculatedColumn,SXASRGCa
dbo.SXASRGCaseListUserDefinedColumn,Tbl_aef4ef378f004daba3f3a5294a7add96.htm,dbo,SXASRGCaseListUserDefinedColumn,SXASRGCaseListUserDefinedColumn,SXASRGCa
dbo.SXASRGCaseListUserDefinedColumnFlag,Tbl_e7d06524a89c428f95fe80ab681bf7c9.htm,dbo,SXASRGCaseListUserDefinedColumnFlag,SXASRGCaseListUserDefinedColumnFlag,SXASRGCa
dbo.SXASRGCaseListUserDefinedColumnRight,Tbl_d625ca0c84aa4fcab85c86441724ed0e.htm,dbo,SXASRGCaseListUserDefinedColumnRight,SXASRGCaseListUserDefinedColumnRight,SXASRGCa
dbo.SXASRGCaseListUserDefinedColumnValue,Tbl_2421369241df40ac8da9ccc9ed097b98.htm,dbo,SXASRGCaseListUserDefinedColumnValue,SXASRGCaseListUserDefinedColumnValue,SXASRGCa
dbo.SXASRGCaseOrderXref,Tbl_d8895458590e42a8a2d930df2350cddb.htm,dbo,SXASRGCaseOrderXref,SXASRGCaseOrderXref,SXASRGCa
dbo.SXASRGCaseParticipant,Tbl_619b7555cacf45dbb9bafef6d32be971.htm,dbo,SXASRGCaseParticipant,SXASRGCaseParticipant,SXASRGCa
dbo.SXASRGCaseParticipantTime,Tbl_4685aac2ba504a498a6f9ce41dffbbb2.htm,dbo,SXASRGCaseParticipantTime,SXASRGCaseParticipantTime,SXASRGCa
dbo.SXASRGCasePostOpInfo,Tbl_8b271b65120b457297be3acfd59eff16.htm,dbo,SXASRGCasePostOpInfo,SXASRGCasePostOpInfo,SXASRGCa
dbo.SXASRGCasePreOpInfo,Tbl_bac6efc93a6c42f1b60273f7ac20a8a8.htm,dbo,SXASRGCasePreOpInfo,SXASRGCasePreOpInfo,SXASRGCa
dbo.SXASRGCasePreferenceCard,Tbl_aa6575c1ee124707bc6b6d5469898f0f.htm,dbo,SXASRGCasePreferenceCard,SXASRGCasePreferenceCard,SXASRGCa
dbo.SXASRGCaseProcedure,Tbl_31073f4f86af46a289384d6d9bf794a1.htm,dbo,SXASRGCaseProcedure,SXASRGCaseProcedure,SXASRGCa
dbo.SXASRGCaseProcedureCaseParticipantXRef,Tbl_1fcde38905114e42bd370cd302f2148d.htm,dbo,SXASRGCaseProcedureCaseParticipantXRef,SXASRGCaseProcedureCaseParticipantXRef,SXASRGCa
dbo.SXASRGCaseProcedureCode,Tbl_4d2e789efa5f4d43b187353458fa90a0.htm,dbo,SXASRGCaseProcedureCode,SXASRGCaseProcedureCode,SXASRGCa
dbo.SXASRGCaseProcedureDiagnosis,Tbl_ddc8f152b87440cfa270c7b2b46a2f11.htm,dbo,SXASRGCaseProcedureDiagnosis,SXASRGCaseProcedureDiagnosis,SXASRGCa
dbo.SXASRGCaseProcedureSiteXRef,Tbl_6f3e5c00ac98431a83d63b5da6e961dc.htm,dbo,SXASRGCaseProcedureSiteXRef,SXASRGCaseProcedureSiteXRef,SXASRGCa
dbo.SXASRGCaseStatus,Tbl_751bb54d0f52436280e7932e3114d22a.htm,dbo,SXASRGCaseStatus,SXASRGCaseStatus,SXASRGCa
dbo.SXASRGCaseStatusHistoryXRef,Tbl_d65d9aa0e3794982afafae8fa4d27c4e.htm,dbo,SXASRGCaseStatusHistoryXRef,SXASRGCaseStatusHistoryXRef,SXASRGCa
dbo.SXASRGCaseType,Tbl_bc94ee6d4432419aa1236a376fc842da.htm,dbo,SXASRGCaseType,SXASRGCaseType,SXASRGCa
dbo.SXASRGCaseUsageSnapshotItem,Tbl_bd87e71118054cafb08722bd2cb4645b.htm,dbo,SXASRGCaseUsageSnapshotItem,SXASRGCaseUsageSnapshotItem,SXASRGCa
dbo.SXASRGChargeCode,Tbl_711972ac64bd44f59dc19f6147632f41.htm,dbo,SXASRGChargeCode,SXASRGChargeCode,SXASRGCh
dbo.SXASRGChargingCriterion,Tbl_ace30c10daa245e98aa481bc033e53aa.htm,dbo,SXASRGChargingCriterion,SXASRGChargingCriterion,SXASRGCh
dbo.SXASRGChargingPolicy,Tbl_77b2f94681f04b8585e48e9e89d6590b.htm,dbo,SXASRGChargingPolicy,SXASRGChargingPolicy,SXASRGCh
dbo.SXASRGChargingPolicyChargeCodeDetail,Tbl_9e1872636152455d994bde556d6e6b32.htm,dbo,SXASRGChargingPolicyChargeCodeDetail,SXASRGChargingPolicyChargeCodeDetail,SXASRGCh
dbo.SXASRGChargingPolicyProviderXRef,Tbl_001334aefb164da0a2879ab9f32d8588.htm,dbo,SXASRGChargingPolicyProviderXRef,SXASRGChargingPolicyProviderXRef,SXASRGCh
dbo.SXASRGChargingRule,Tbl_12174ee391ad4d07a3d283e90b183f3b.htm,dbo,SXASRGChargingRule,SXASRGChargingRule,SXASRGCh
dbo.SXASRGChargingRuleChargingPolicyXRef,Tbl_27fc6129fa6048a98ff3751a725e14a6.htm,dbo,SXASRGChargingRuleChargingPolicyXRef,SXASRGChargingRuleChargingPolicyXRef,SXASRGCh
dbo.SXASRGChargingTransaction,Tbl_628bb4a723c046cf921878835dbb39c3.htm,dbo,SXASRGChargingTransaction,SXASRGChargingTransaction,SXASRGCh
dbo.SXASRGChargingTransactionSet,Tbl_00534e1f23834347975bfba5feafa334.htm,dbo,SXASRGChargingTransactionSet,SXASRGChargingTransactionSet,SXASRGCh
dbo.SXASRGCodedProcedure,Tbl_b95574bb261f412a8642f1895887274a.htm,dbo,SXASRGCodedProcedure,SXASRGCodedProcedure,SXASRGCo
dbo.SXASRGCodedProcedureCode,Tbl_5c7245980ee44096bd7a637267a6608e.htm,dbo,SXASRGCodedProcedureCode,SXASRGCodedProcedureCode,SXASRGCo
dbo.SXASRGCodedProcedureCodeSet,Tbl_483653ecf5d447d08acbc369b9f07cb4.htm,dbo,SXASRGCodedProcedureCodeSet,SXASRGCodedProcedureCodeSet,SXASRGCo
dbo.SXASRGCodedProcedureFileVersionHistory,Tbl_4392e584802e4d0cbe61a7103bdef30a.htm,dbo,SXASRGCodedProcedureFileVersionHistory,SXASRGCodedProcedureFileVersionHistory,SXASRGCo
dbo.SXASRGCodedProcedureImplementationDetail,Tbl_56aaa6ba9e384794a04ae133108cc65f.htm,dbo,SXASRGCodedProcedureImplementationDetail,SXASRGCodedProcedureImplementationDetail,SXASRGCo
dbo.SXASRGCodedProcedureLockInfo,Tbl_d9c4de858e7c42fdaabefa508eeea022.htm,dbo,SXASRGCodedProcedureLockInfo,SXASRGCodedProcedureLockInfo,SXASRGCo
dbo.SXASRGCodingSchemeAssignment,Tbl_554b4b63989e4401978d8dc9cc6ffb29.htm,dbo,SXASRGCodingSchemeAssignment,SXASRGCodingSchemeAssignment,SXASRGCo
dbo.SXASRGCostingPolicy,Tbl_ddb648e866ff4dfd99b94b2e75c10f99.htm,dbo,SXASRGCostingPolicy,SXASRGCostingPolicy,SXASRGCo
dbo.SXASRGCostingPolicyDepartmentXRef,Tbl_c1c3f036518e440296613fd70bdf7610.htm,dbo,SXASRGCostingPolicyDepartmentXRef,SXASRGCostingPolicyDepartmentXRef,SXASRGCo
dbo.SXASRGCostingPolicyRoomXRef,Tbl_2dcc2327011442f9be02e56699dfd38f.htm,dbo,SXASRGCostingPolicyRoomXRef,SXASRGCostingPolicyRoomXRef,SXASRGCo
dbo.SXASRGCostingPolicyTimeBasedDetail,Tbl_b6371fac2d4247fc93e7bbe087b40189.htm,dbo,SXASRGCostingPolicyTimeBasedDetail,SXASRGCostingPolicyTimeBasedDetail,SXASRGCo
dbo.SXASRGCustomIdConfig,Tbl_167230a1ec504ffc88772d919a34a4fa.htm,dbo,SXASRGCustomIdConfig,SXASRGCustomIdConfig,SXASRGCu
dbo.SXASRGCustomProcedureCode,Tbl_b602418357ef4ae0a9f81cb833104946.htm,dbo,SXASRGCustomProcedureCode,SXASRGCustomProcedureCode,SXASRGCu
dbo.SXASRGCustomProcedureCodeEntityValueXRef,Tbl_d0c1c5b14355453e9c16bc567cc1c117.htm,dbo,SXASRGCustomProcedureCodeEntityValueXRef,SXASRGCustomProcedureCodeEntityValueXRef,SXASRGCu
dbo.SXASRGDelayCode,Tbl_2c53834d6538437abd9d328fa863e54a.htm,dbo,SXASRGDelayCode,SXASRGDelayCode,SXASRGDe
dbo.SXASRGDelayReason,Tbl_fa63666177bc4284a5f56a9652867b1b.htm,dbo,SXASRGDelayReason,SXASRGDelayReason,SXASRGDe
dbo.SXASRGDelayReasonTimeTypeXRef,Tbl_a8f3d5781ece463a822e8b28c37a8a3f.htm,dbo,SXASRGDelayReasonTimeTypeXRef,SXASRGDelayReasonTimeTypeXRef,SXASRGDe
dbo.SXASRGDepartmentSurgicalItem,Tbl_0a3db96a91684211adc0f7668aec56b8.htm,dbo,SXASRGDepartmentSurgicalItem,SXASRGDepartmentSurgicalItem,SXASRGDe
dbo.SXASRGDepartmentSurgicalItemChargeCode,Tbl_bd10d977817d482e87830a7c30ad3979.htm,dbo,SXASRGDepartmentSurgicalItemChargeCode,SXASRGDepartmentSurgicalItemChargeCode,SXASRGDe
dbo.SXASRGDisposition,Tbl_40d0b12efb7743e9a3d013c546bd9b37.htm,dbo,SXASRGDisposition,SXASRGDisposition,SXASRGDi
dbo.SXASRGHazard,Tbl_0d8f3db7dcf94e4e9cb905f8e09bb499.htm,dbo,SXASRGHazard,SXASRGHazard,SXASRGHa
dbo.SXASRGHealthIssueDepartmentSetting,Tbl_5953f3f6f70e45abb51c744e4d7fa1ce.htm,dbo,SXASRGHealthIssueDepartmentSetting,SXASRGHealthIssueDepartmentSetting,SXASRGHe
dbo.SXASRGInvSource,Tbl_1ccf891229314f8d8fd047aeda54f286.htm,dbo,SXASRGInvSource,SXASRGInvSource,SXASRGIn
dbo.SXASRGInventoryLocation,Tbl_95da5481e41e4fa1bddfae31a078a62e.htm,dbo,SXASRGInventoryLocation,SXASRGInventoryLocation,SXASRGIn
dbo.SXASRGInventoryLocationXRef,Tbl_645194a83b304aabaeb75b079908e4d7.htm,dbo,SXASRGInventoryLocationXRef,SXASRGInventoryLocationXRef,SXASRGIn
dbo.SXASRGInventorySection,Tbl_61782cf8907946aa924386b4e364bd24.htm,dbo,SXASRGInventorySection,SXASRGInventorySection,SXASRGIn
dbo.SXASRGMiscellaneousDepartmentSetting,Tbl_36fd4237f6804eceb7ead3c3aa3645bd.htm,dbo,SXASRGMiscellaneousDepartmentSetting,SXASRGMiscellaneousDepartmentSetting,SXASRGMi
dbo.SXASRGModificationHistory,Tbl_a999cd2c6833407c955341ecbeb932d6.htm,dbo,SXASRGModificationHistory,SXASRGModificationHistory,SXASRGMo
dbo.SXASRGPreferenceCard,Tbl_557324e6169b4ac0a84b68ab7a659db2.htm,dbo,SXASRGPreferenceCard,SXASRGPreferenceCard,SXASRGPr
dbo.SXASRGPreferenceCardAdministrator,Tbl_227ea49c08b44f5a9758508e4db49d54.htm,dbo,SXASRGPreferenceCardAdministrator,SXASRGPreferenceCardAdministrator,SXASRGPr
dbo.SXASRGPreferenceCardAdministratorPermission,Tbl_6a6ff1dfdad941c4b3eb485155914b4e.htm,dbo,SXASRGPreferenceCardAdministratorPermission,SXASRGPreferenceCardAdministratorPermission,SXASRGPr
dbo.SXASRGPreferenceCardGlobalUpdateHistory,Tbl_378c3d52f7954ab8935caa93879160d9.htm,dbo,SXASRGPreferenceCardGlobalUpdateHistory,SXASRGPreferenceCardGlobalUpdateHistory,SXASRGPr
dbo.SXASRGPreferenceCardInventorySection,Tbl_0f1b2aadc3e7474d930bcfc6f2c8f731.htm,dbo,SXASRGPreferenceCardInventorySection,SXASRGPreferenceCardInventorySection,SXASRGPr
dbo.SXASRGPreferenceCardItem,Tbl_66544cb287bd484c963b24f366762fb2.htm,dbo,SXASRGPreferenceCardItem,SXASRGPreferenceCardItem,SXASRGPr
dbo.SXASRGPreferenceCardModificationHistory,Tbl_81f3827696d94099b4eade59b097212a.htm,dbo,SXASRGPreferenceCardModificationHistory,SXASRGPreferenceCardModificationHistory,SXASRGPr
dbo.SXASRGPreferenceCardProcedure,Tbl_1117c316ab9a4550a3de44e6ea56ee01.htm,dbo,SXASRGPreferenceCardProcedure,SXASRGPreferenceCardProcedure,SXASRGPr
dbo.SXASRGPreferenceCardSurgeryStaff,Tbl_cd0f545502954a8f9cb8a7647f6ae0a0.htm,dbo,SXASRGPreferenceCardSurgeryStaff,SXASRGPreferenceCardSurgeryStaff,SXASRGPr
dbo.SXASRGProcedure,Tbl_cdbd15c5e2fd4f8e9fca4fb9be14cc65.htm,dbo,SXASRGProcedure,SXASRGProcedure,SXASRGPr
dbo.SXASRGProcedureAverageCaseDetail,Tbl_0b5879988dd74e47a851f611e233a090.htm,dbo,SXASRGProcedureAverageCaseDetail,SXASRGProcedureAverageCaseDetail,SXASRGPr
dbo.SXASRGProcedureAverageDepartmentSetting,Tbl_dd31952526f544b08bd94ca1950fb395.htm,dbo,SXASRGProcedureAverageDepartmentSetting,SXASRGProcedureAverageDepartmentSetting,SXASRGPr
dbo.SXASRGProcedureChargeCode,Tbl_ce5635cdf7b342709fe0b35f978074d8.htm,dbo,SXASRGProcedureChargeCode,SXASRGProcedureChargeCode,SXASRGPr
dbo.SXASRGProcedureCode,Tbl_8271975b807d40b4b29e189236c16199.htm,dbo,SXASRGProcedureCode,SXASRGProcedureCode,SXASRGPr
dbo.SXASRGProcedureCodedProcedureMapping,Tbl_926533aae5784ea7bcbe2f6d46e2b0d6.htm,dbo,SXASRGProcedureCodedProcedureMapping,SXASRGProcedureCodedProcedureMapping,SXASRGPr
dbo.SXASRGProcedureCodedProcedureMappingXref,Tbl_30ee25e868124ecfab37e33d687c5dea.htm,dbo,SXASRGProcedureCodedProcedureMappingXref,SXASRGProcedureCodedProcedureMappingXref,SXASRGPr
dbo.SXASRGProcedureModificationHistory,Tbl_4a9dd244344e47e1b2f009fc330a9d0c.htm,dbo,SXASRGProcedureModificationHistory,SXASRGProcedureModificationHistory,SXASRGPr
dbo.SXASRGProcedurePolicy,Tbl_9597ed7ee4914598b8d85fa3458911e9.htm,dbo,SXASRGProcedurePolicy,SXASRGProcedurePolicy,SXASRGPr
dbo.SXASRGProcedurePolicyProcedureXRef,Tbl_ab9ed7bca2fa4aebb700df7b4fd25f34.htm,dbo,SXASRGProcedurePolicyProcedureXRef,SXASRGProcedurePolicyProcedureXRef,SXASRGPr
dbo.SXASRGService,Tbl_a8282441e0dd469daeee52e90879fa0d.htm,dbo,SXASRGService,SXASRGService,SXASRGSe
dbo.SXASRGServiceGroup,Tbl_c78d409d730c437286ff1c0b60ff0fc9.htm,dbo,SXASRGServiceGroup,SXASRGServiceGroup,SXASRGSe
dbo.SXASRGServiceSubGroup,Tbl_54754fbbd56842cd879ee41e1ba02714.htm,dbo,SXASRGServiceSubGroup,SXASRGServiceSubGroup,SXASRGSe
dbo.SXASRGSurgeryAdministrator,Tbl_815354e586de4eeea2b39cbebba9306e.htm,dbo,SXASRGSurgeryAdministrator,SXASRGSurgeryAdministrator,SXASRGSu
dbo.SXASRGSurgeryAdministratorPermission,Tbl_03822cd8dad5490681de22a56df1d947.htm,dbo,SXASRGSurgeryAdministratorPermission,SXASRGSurgeryAdministratorPermission,SXASRGSu
dbo.SXASRGSurgeryRole,Tbl_7fc39daf9f6848db9d1e23ae56b0aa48.htm,dbo,SXASRGSurgeryRole,SXASRGSurgeryRole,SXASRGSu
dbo.SXASRGSurgeryRolePolicy,Tbl_a5e00f0b20414a2c9cea26a1d62c6c72.htm,dbo,SXASRGSurgeryRolePolicy,SXASRGSurgeryRolePolicy,SXASRGSu
dbo.SXASRGSurgeryRolePolicyDtl,Tbl_d0384ed10bc04d14903bcd945f464e58.htm,dbo,SXASRGSurgeryRolePolicyDtl,SXASRGSurgeryRolePolicyDtl,SXASRGSu
dbo.SXASRGSurgeryStaff,Tbl_ebbfbf0f2924421a86606e10d4b3b76d.htm,dbo,SXASRGSurgeryStaff,SXASRGSurgeryStaff,SXASRGSu
dbo.SXASRGSurgeryStaffCredential,Tbl_35e1b4d986d44a16ac22d30b03699a81.htm,dbo,SXASRGSurgeryStaffCredential,SXASRGSurgeryStaffCredential,SXASRGSu
dbo.SXASRGSurgeryStaffCredentialOverride,Tbl_8117c5fe4a314b66a73e95a5f95fdc67.htm,dbo,SXASRGSurgeryStaffCredentialOverride,SXASRGSurgeryStaffCredentialOverride,SXASRGSu
dbo.SXASRGSurgeryStaffCredentialProcedureExclusion,Tbl_f160e38ef7de4fed8ecbe56a0a7ef987.htm,dbo,SXASRGSurgeryStaffCredentialProcedureExclusion,SXASRGSurgeryStaffCredentialProcedureExclusion,SXASRGSu
dbo.SXASRGSurgeryStaffDepartmentXRef,Tbl_82b0b237c72649899e7f2e02bdbe7d51.htm,dbo,SXASRGSurgeryStaffDepartmentXRef,SXASRGSurgeryStaffDepartmentXRef,SXASRGSu
dbo.SXASRGSurgeryStaffModificationHistory,Tbl_f744fca93e5e4ffc80c87e3e60683373.htm,dbo,SXASRGSurgeryStaffModificationHistory,SXASRGSurgeryStaffModificationHistory,SXASRGSu
dbo.SXASRGSurgeryStaffRoleXRef,Tbl_ccb9858e6fef44d489e0f1a9ef4dfb69.htm,dbo,SXASRGSurgeryStaffRoleXRef,SXASRGSurgeryStaffRoleXRef,SXASRGSu
dbo.SXASRGSurgeryTimePolicy,Tbl_893b0991e389456f9c2fad28efaca178.htm,dbo,SXASRGSurgeryTimePolicy,SXASRGSurgeryTimePolicy,SXASRGSu
dbo.SXASRGSurgeryTimePolicyDtl,Tbl_7b296b497e164e66981e9d1172cc61c3.htm,dbo,SXASRGSurgeryTimePolicyDtl,SXASRGSurgeryTimePolicyDtl,SXASRGSu
dbo.SXASRGSurgeryTimePolicyDtlLabelXref,Tbl_b015d98cfdce42dc8a898a411fb2ee4c.htm,dbo,SXASRGSurgeryTimePolicyDtlLabelXref,SXASRGSurgeryTimePolicyDtlLabelXref,SXASRGSu
dbo.SXASRGSurgeryTimeType,Tbl_5a784934df624a0c84e888e731447132.htm,dbo,SXASRGSurgeryTimeType,SXASRGSurgeryTimeType,SXASRGSu
dbo.SXASRGSurgicalDeptStorageLocation,Tbl_7797b90daabf4828908ae5559f82d14d.htm,dbo,SXASRGSurgicalDeptStorageLocation,SXASRGSurgicalDeptStorageLocation,SXASRGSu
dbo.SXASRGSurgicalItem,Tbl_0d89978123cd4db58aa0e05194cc6ab7.htm,dbo,SXASRGSurgicalItem,SXASRGSurgicalItem,SXASRGSu
dbo.SXASRGSurgicalItemAllergen,Tbl_50de078d5b9b4896971bf9a40ca8907a.htm,dbo,SXASRGSurgicalItemAllergen,SXASRGSurgicalItemAllergen,SXASRGSu
dbo.SXASRGSurgicalItemCategory,Tbl_7bc10d9407cf4ea5a1763899fe173100.htm,dbo,SXASRGSurgicalItemCategory,SXASRGSurgicalItemCategory,SXASRGSu
dbo.SXASRGSurgicalItemClassTypeValue,Tbl_e9a01851b3e945ba8363ebb838698a9d.htm,dbo,SXASRGSurgicalItemClassTypeValue,SXASRGSurgicalItemClassTypeValue,SXASRGSu
dbo.SXASRGSurgicalItemHazard,Tbl_e00caa653e24474caf33ba4a9438a302.htm,dbo,SXASRGSurgicalItemHazard,SXASRGSurgicalItemHazard,SXASRGSu
dbo.SXASRGSurgicalItemScanCode,Tbl_53e1ab3b85224200a0e85cea6ba73284.htm,dbo,SXASRGSurgicalItemScanCode,SXASRGSurgicalItemScanCode,SXASRGSu
dbo.SXASRGSurgicalItemSubCategory,Tbl_e6dc15dca78d47e2a26f481945953770.htm,dbo,SXASRGSurgicalItemSubCategory,SXASRGSurgicalItemSubCategory,SXASRGSu
dbo.SXASRGSurgicalItemUsageExport,Tbl_47cd87e2c7324f16b66aacae442e5d23.htm,dbo,SXASRGSurgicalItemUsageExport,SXASRGSurgicalItemUsageExport,SXASRGSu
dbo.SXASRGTissueManagerDepartmentSetting,Tbl_6076fe7b9a3a46da86a7e4d093e5d58b.htm,dbo,SXASRGTissueManagerDepartmentSetting,SXASRGTissueManagerDepartmentSetting,SXASRGTi
dbo.SXASRGUsageExportDepartmentSetting,Tbl_c549c0fd2f6f4212a4fb71e784cb10d4.htm,dbo,SXASRGUsageExportDepartmentSetting,SXASRGUsageExportDepartmentSetting,SXASRGUs
dbo.SXASRGUserDefinedEntity,Tbl_85a525b7ac144b99b04c05ea619efcfc.htm,dbo,SXASRGUserDefinedEntity,SXASRGUserDefinedEntity,SXASRGUs
dbo.SXASRGUserDefinedEntityValue,Tbl_ab4dd99ad4304f22bf1fbdf548e177bd.htm,dbo,SXASRGUserDefinedEntityValue,SXASRGUserDefinedEntityValue,SXASRGUs
dbo.SXASRGUserProfilePendingAction,Tbl_4517610a8b644d07ae301ef7c48f8a3a.htm,dbo,SXASRGUserProfilePendingAction,SXASRGUserProfilePendingAction,SXASRGUs
dbo.SXATLVisitTypeInfo,Tbl_05af23fe9c5b43348f4503ca96d388f1.htm,dbo,SXATLVisitTypeInfo,SXATLVisitTypeInfo,SXATLVis
dbo.SXAUnitOfMeasureConversion,Tbl_ee8d3dcf7d6b4200aaf37774c6a635e9.htm,dbo,SXAUnitOfMeasureConversion,SXAUnitOfMeasureConversion,SXAUnitO
